{
  "arxiv_id": "2108.06688",
  "title": "Complex Knowledge Base Question Answering: A Survey",
  "taxo_tree": {
    "SP-based method": {
      "Question understanding": {
        "Understanding complex semantics of questions": {
          "a063de69aa5506efa2f9150964bdc966c3bc3f30": {},
          "a80a0ed4597d0dcb9f8d09009afbfa76e4ef621c": {},
          "6b1c351c7969e70daf13b4af83ac256c45041074": {},
          "1bfbb6429e56286cc92dce4fc34f2f45f9f55ae7": {},
          "1c75fcc86946b36297598a9abe192d97a19a917e": {}
        },
        "Understanding complex syntax of queries": {
          "694411ea0890691e4477bc56e78bb93defa459ff": {}
        }
      },
      "Logical parsing": {
        "Parsing complex queries": {
          "a063de69aa5506efa2f9150964bdc966c3bc3f30": {},
          "f8c9d0823eec7fae1577709121138de83b3a55cc": {},
          "c624ee21c69ec9cbc94b50221f6bba116d4c7859": {}
        }
      },
      "KB grounding": {
        "Grounding with large search space": {
          "4e4230418470efbb3a86d407d8eedf329f361f6d": {},
          "065691db44b3b1ae48ffb64559e7a98e5b80306f": {},
          "77f49b0c0b7a1c29f02fb4343d47dad6a3d37a29": {}
        }
      },
      "Training procedure": {
        "Training with sparse reward": {
          "5a526807eeeba6bc5c853efbc49f2462c9dc61cc": {},
          "8241481fd3832d9086677942e8dc825266f79adc": {}
        },
        "Training with spurious reasoning": {
          "d031e704e77e8010874c8f44f1b290a4f1fd02ad": {},
          "4ca430d4640afa4a3838371a08f8f418284bdb7c": {}
        }
      }
    },
    "IR-based method": {
      "Retrieval source construction": {
        "Reasoning over incomplete KB": {
          "0c06bd20403a204bcd95dae1f176c10894fe7139": {}
        },
        "Dealing with noisy graph context": {
          "75d0563ec21479fc6c8a60b0694885e0cca8e912": {},
          "bba5f2852b1db8a18004eb7328efa5e1d57cc62a": {},
          "750fee51c6498ed73729c72a4ffad46d98bfbc31": {},
          "3950df97ea527009a32569cb7016bc3df1383dca": {}
        }
      },
      "Question representation": {
        "Understanding compositional semantics": {
          "8d17543c20f23b6a40bec9334d50e9c15a08c1c4": {},
          "3950df97ea527009a32569cb7016bc3df1383dca": {}
        },
        "Knowledgeable Representation": {
          "06df1dc2f0d22c9a6f094f5cc50ed1c7a812cf9d": {}
        }
      },
      "Graph based reasoning": {
        "Uninterpretable Reasoning": {
          "34ba905d57042bafc761e18284cfa29b6aaaa6e6": {},
          "8bc33f2d6bb9e6100b720e09c44e6c3ebee5614f": {}
        }
      },
      "Training Procedure": {
        "Training under Weak Supervision Signals": {
          "95280565aa3d120c6d7e8d87ea3423f16977f19a": {}
        }
      }
    }
  },
  "papers": {
    "0": {
      "paperId": "a063de69aa5506efa2f9150964bdc966c3bc3f30",
      "externalIds": {
        "DBLP": "conf/www/AbujabalYRW17",
        "MAG": "2591368218",
        "DOI": "10.1145/3038912.3052583",
        "CorpusId": 748402
      },
      "title": "Automated Template Generation for Question Answering over Knowledge Graphs",
      "year": 2017,
      "abstract": "Templates are an important asset for question answering over knowledge graphs, simplifying the semantic parsing of input utterances and generating structured queries for interpretable answers. State-of-the-art methods rely on hand-crafted templates with limited coverage. This paper presents QUINT, a system that automatically learns utterance-query templates solely from user questions paired with their answers. Additionally, QUINT is able to harness language compositionality for answering complex questions without having any templates for the entire question. Experiments with different benchmarks demonstrate the high quality of QUINT.",
      "arxiv_id": null
    },
    "1": {
      "paperId": "a80a0ed4597d0dcb9f8d09009afbfa76e4ef621c",
      "externalIds": {
        "DBLP": "conf/www/AbujabalRYW18",
        "MAG": "2788653116",
        "DOI": "10.1145/3178876.3186004",
        "CorpusId": 4896021
      },
      "title": "Never-Ending Learning for Open-Domain Question Answering over Knowledge Bases",
      "year": 2018,
      "abstract": "Translating natural language questions to semantic representations such as SPARQL is a core challenge in open-domain question answering over knowledge bases (KB-QA). Existing methods rely on a clear separation between an offline training phase, where a model is learned, and an online phase where this model is deployed. Two major shortcomings of such methods are that (i) they require access to a large annotated training set that is not always readily available and (ii) they fail on questions from before-unseen domains. To overcome these limitations, this paper presents NEQA, a continuous learning paradigm for KB-QA. Offline, NEQA automatically learns templates mapping syntactic structures to semantic ones from a small number of training question-answer pairs. Once deployed, continuous learning is triggered on cases where templates are insufficient. Using a semantic similarity function between questions and by judicious invocation of non-expert user feedback, NEQA learns new templates that capture previously-unseen syntactic structures. This way, NEQA gradually extends its template repository. NEQA periodically re-trains its underlying models, allowing it to adapt to the language used after deployment. Our experiments demonstrate NEQA's viability, with steady improvement in answering quality over time, and the ability to answer questions from new domains.",
      "arxiv_id": null
    },
    "2": {
      "paperId": "46dceccd2f47d08091a8f726c3e8a9585478a2b0",
      "externalIds": {
        "MAG": "1981419611",
        "DBLP": "conf/cikm/BastH15",
        "DOI": "10.1145/2806416.2806472",
        "CorpusId": 495573
      },
      "title": "More Accurate Question Answering on Freebase",
      "year": 2015,
      "abstract": "Real-world factoid or list questions often have a simple structure, yet are hard to match to facts in a given knowledge base due to high representational and linguistic variability. For example, to answer \"who is the ceo of apple\" on Freebase requires a match to an abstract \"leadership\" entity with three relations \"role\", \"organization\" and \"person\", and two other entities \"apple inc\" and \"managing director\". Recent years have seen a surge of research activity on learning-based solutions for this method. We further advance the state of the art by adopting learning-to-rank methodology and by fully addressing the inherent entity recognition problem, which was neglected in recent works. We evaluate our system, called Aqqu, on two standard benchmarks, Free917 and WebQuestions, improving the previous best result for each benchmark considerably. These two benchmarks exhibit quite different challenges, and many of the existing approaches were evaluated (and work well) only for one of them. We also consider efficiency aspects and take care that all questions can be answered interactively (that is, within a second). Materials for full reproducibility are available on our website: http://ad.informatik.uni-freiburg.de/publications.",
      "arxiv_id": null
    },
    "3": {
      "paperId": "c666712364feb35b7aa25c93e708f677ac75bb59",
      "externalIds": {
        "DBLP": "conf/cikm/BhutaniZJ19",
        "MAG": "2983745280",
        "DOI": "10.1145/3357384.3358033",
        "CorpusId": 207757236
      },
      "title": "Learning to Answer Complex Questions over Knowledge Bases with Query Composition",
      "year": 2019,
      "abstract": "Recent years have seen a surge of knowledge-based question answering (KB-QA) systems which provide crisp answers to user-issued questions by translating them to precise structured queries over a knowledge base (KB). A major challenge in KB-QA is bridging the gap between natural language expressions and the complex schema of the KB. As a result, existing methods focus on simple questions answerable with one main relation path in the KB and struggle with complex questions that require joining multiple relations. We propose a KB-QA system, TextRay, which answers complex questions using a novel decompose-execute-join approach. It constructs complex query patterns using a set of simple queries. It uses a semantic matching model which is able to learn simple queries using implicit supervision from question-answer pairs, thus eliminating the need for complex query patterns. Our proposed system significantly outperforms existing KB-QA systems on complex questions while achieving comparable results on simple questions.",
      "arxiv_id": null
    },
    "4": {
      "paperId": "694411ea0890691e4477bc56e78bb93defa459ff",
      "externalIds": {
        "DBLP": "conf/ijcai/ChenLHQ20",
        "ArXiv": "2109.03614",
        "MAG": "3034963999",
        "DOI": "10.24963/ijcai.2020/519",
        "CorpusId": 220480936
      },
      "title": "Formal Query Building with Query Structure Prediction for Complex Question Answering over Knowledge Base",
      "year": 2020,
      "abstract": "Formal query building is an important part of complex question answering over knowledge bases. It aims to build correct executable queries for questions. Recent methods try to rank candidate queries generated by a state-transition strategy. However, this candidate generation strategy ignores the structure of queries, resulting in a considerable number of noisy queries. In this paper, we propose a new formal query building approach that consists of two stages. In the first stage, we predict the query structure of the question and leverage the structure to constrain the generation of the candidate queries. We propose a novel graph generation framework to handle the structure prediction task and design an encoder-decoder model to predict the argument of the predetermined operation in each generative step. In the second stage, we follow the previous methods to rank the candidate queries. The experimental results show that our formal query building approach outperforms existing methods on complex questions while staying competitive on simple questions.",
      "arxiv_id": "2109.03614"
    },
    "5": {
      "paperId": "4e4230418470efbb3a86d407d8eedf329f361f6d",
      "externalIds": {
        "ArXiv": "1904.01246",
        "MAG": "2953049305",
        "DBLP": "conf/naacl/ChenCCNK19",
        "ACL": "N19-1031",
        "DOI": "10.18653/v1/N19-1031",
        "CorpusId": 91184245
      },
      "title": "UHop: An Unrestricted-Hop Relation Extraction Framework for Knowledge-Based Question Answering",
      "year": 2019,
      "abstract": "In relation extraction for knowledge-based question answering, searching from one entity to another entity via a single relation is called \u201cone hop\u201d. In related work, an exhaustive search from all one-hop relations, two-hop relations, and so on to the max-hop relations in the knowledge graph is necessary but expensive. Therefore, the number of hops is generally restricted to two or three. In this paper, we propose UHop, an unrestricted-hop framework which relaxes this restriction by use of a transition-based search framework to replace the relation-chain-based search one. We conduct experiments on conventional 1- and 2-hop questions as well as lengthy questions, including datasets such as WebQSP, PathQuestion, and Grid World. Results show that the proposed framework enables the ability to halt, works well with state-of-the-art models, achieves competitive performance without exhaustive searches, and opens the performance gap for long relation paths.",
      "arxiv_id": "1904.01246"
    },
    "6": {
      "paperId": "f8c9d0823eec7fae1577709121138de83b3a55cc",
      "externalIds": {
        "MAG": "2766317792",
        "DBLP": "journals/tkde/Hu0YWZ18",
        "DOI": "10.1109/TKDE.2017.2766634",
        "CorpusId": 4569766
      },
      "title": "Answering Natural Language Questions by Subgraph Matching over Knowledge Graphs",
      "year": 2018,
      "abstract": "RDF question/answering (Q/A) allows users to ask questions in natural languages over a knowledge base represented by RDF. To answer a natural language question, the existing work takes a two-stage approach: question understanding and query evaluation. Their focus is on question understanding to deal with the disambiguation of the natural language phrases. The most common technique is the joint disambiguation, which has the exponential search space. In this paper, we propose a systematic framework to answer natural language questions over RDF repository (RDF Q/A) from a graph data-driven perspective. We propose a semantic query graph to model the query intention in the natural language question in a structural way, based on which, RDF Q/A is reduced to subgraph matching problem. More importantly, we resolve the ambiguity of natural language questions at the time when matches of query are found. The cost of disambiguation is saved if there are no matching found. More specifically, we propose two different frameworks to build the semantic query graph, one is relation (edge)-first and the other one is node-first. We compare our method with some state-of-the-art RDF Q/A systems in the benchmark dataset. Extensive experiments confirm that our method not only improves the precision but also speeds up query performance greatly.",
      "arxiv_id": null
    },
    "7": {
      "paperId": "d031e704e77e8010874c8f44f1b290a4f1fd02ad",
      "externalIds": {
        "MAG": "3093776960",
        "DBLP": "journals/ws/HuaLQWZQ20",
        "ArXiv": "2010.15881",
        "DOI": "10.1016/j.websem.2020.100612",
        "CorpusId": 226222006
      },
      "title": "Less is More: Data-Efficient Complex Question Answering over Knowledge Bases",
      "year": 2020,
      "abstract": "  Question answering is an effective method for obtaining information from\nknowledge bases (KB). In this paper, we propose the Neural-Symbolic Complex\nQuestion Answering (NS-CQA) model, a data-efficient reinforcement learning\nframework for complex question answering by using only a modest number of\ntraining samples. Our framework consists of a neural generator and a symbolic\nexecutor that, respectively, transforms a natural-language question into a\nsequence of primitive actions, and executes them over the knowledge base to\ncompute the answer. We carefully formulate a set of primitive symbolic actions\nthat allows us to not only simplify our neural network design but also\naccelerate model convergence. To reduce search space, we employ the copy and\nmasking mechanisms in our encoder-decoder architecture to drastically reduce\nthe decoder output vocabulary and improve model generalizability. We equip our\nmodel with a memory buffer that stores high-reward promising programs. Besides,\nwe propose an adaptive reward function. By comparing the generated trial with\nthe trials stored in the memory buffer, we derive the curriculum-guided reward\nbonus, i.e., the proximity and the novelty. To mitigate the sparse reward\nproblem, we combine the adaptive reward and the reward bonus, reshaping the\nsparse reward into dense feedback. Also, we encourage the model to generate new\ntrials to avoid imitating the spurious trials while making the model remember\nthe past high-reward trials to improve data efficiency. Our NS-CQA model is\nevaluated on two datasets: CQA, a recent large-scale complex question answering\ndataset, and WebQuestionsSP, a multi-hop question answering dataset. On both\ndatasets, our model outperforms the state-of-the-art models. Notably, on CQA,\nNS-CQA performs well on questions with higher complexity, while only using\napproximately 1% of the total training samples.\n",
      "arxiv_id": null
    },
    "8": {
      "paperId": "ce371729d1890236a8fd1c8a99ded0f20f790216",
      "externalIds": {
        "DBLP": "conf/cikm/JiaARSW18",
        "ArXiv": "1908.03650",
        "MAG": "3105826487",
        "DOI": "10.1145/3269206.3269247",
        "CorpusId": 53035265
      },
      "title": "TEQUILA: Temporal Question Answering over Knowledge Bases",
      "year": 2018,
      "abstract": "Question answering over knowledge bases (KB-QA) poses challenges in handling complex questions that need to be decomposed into sub-questions. An important case, addressed here, is that of temporal questions, where cues for temporal relations need to be discovered and handled. We present TEQUILA, an enabler method for temporal QA that can run on top of any KB-QA engine. TEQUILA has four stages. It detects if a question has temporal intent. It decomposes and rewrites the question into non-temporal sub-questions and temporal constraints. Answers to sub-questions are then retrieved from the underlying KB-QA engine. Finally, TEQUILA uses constraint reasoning on temporal intervals to compute final answers to the full question. Comparisons against state-of-the-art baselines show the viability of our method.",
      "arxiv_id": "1908.03650"
    },
    "9": {
      "paperId": "6b1c351c7969e70daf13b4af83ac256c45041074",
      "externalIds": {
        "DBLP": "conf/acl/KapanipathiARRG21",
        "ACL": "2021.findings-acl.339",
        "ArXiv": "2012.01707",
        "DOI": "10.18653/v1/2021.findings-acl.339",
        "CorpusId": 235303644
      },
      "title": "Leveraging Abstract Meaning Representation for Knowledge Base Question Answering",
      "year": 2020,
      "abstract": "Knowledge base question answering (KBQA)is an important task in Natural Language Processing. Existing approaches face significant challenges including complex question understanding, necessity for reasoning, and lack of large end-to-end training datasets. In this work, we propose Neuro-Symbolic Question Answering (NSQA), a modular KBQA system, that leverages (1) Abstract Meaning Representation (AMR) parses for task-independent question understanding; (2) a simple yet effective graph transformation approach to convert AMR parses into candidate logical queries that are aligned to the KB; (3) a pipeline-based approach which integrates multiple, reusable modules that are trained specifically for their individual tasks (semantic parser, entity andrelationship linkers, and neuro-symbolic reasoner) and do not require end-to-end training data. NSQA achieves state-of-the-art performance on two prominent KBQA datasets based on DBpedia (QALD-9 and LC-QuAD1.0). Furthermore, our analysis emphasizes that AMR is a powerful tool for KBQA systems.",
      "arxiv_id": "2012.01707"
    },
    "10": {
      "paperId": "065691db44b3b1ae48ffb64559e7a98e5b80306f",
      "externalIds": {
        "DBLP": "conf/acl/LanJ20",
        "MAG": "3034273250",
        "ACL": "2020.acl-main.91",
        "DOI": "10.18653/v1/2020.acl-main.91",
        "CorpusId": 220047976
      },
      "title": "Query Graph Generation for Answering Multi-hop Complex Questions from Knowledge Bases",
      "year": 2020,
      "abstract": "Previous work on answering complex questions from knowledge bases usually separately addresses two types of complexity: questions with constraints and questions with multiple hops of relations. In this paper, we handle both types of complexity at the same time. Motivated by the observation that early incorporation of constraints into query graphs can more effectively prune the search space, we propose a modified staged query graph generation method with more flexible ways to generate query graphs. Our experiments clearly show that our method achieves the state of the art on three benchmark KBQA datasets.",
      "arxiv_id": null
    },
    "11": {
      "paperId": "77f49b0c0b7a1c29f02fb4343d47dad6a3d37a29",
      "externalIds": {
        "MAG": "3003485993",
        "DBLP": "conf/icdm/LanW019",
        "DOI": "10.1109/ICDM.2019.00046",
        "CorpusId": 210992204
      },
      "title": "Multi-hop Knowledge Base Question Answering with an Iterative Sequence Matching Model",
      "year": 2019,
      "abstract": "Knowledge Base Question Answering (KBQA) has attracted much attention and recently there has been more interest in multi-hop KBQA. In this paper, we propose a novel iterative sequence matching model to address several limitations of previous methods for multi-hop KBQA. Our method iteratively grows the candidate relation paths that may lead to answer entities. The method prunes away less relevant branches and incrementally assigns matching scores to the paths. Empirical results demonstrate that our method can significantly outperform existing methods on three different benchmark datasets.",
      "arxiv_id": null
    },
    "12": {
      "paperId": "4ca430d4640afa4a3838371a08f8f418284bdb7c",
      "externalIds": {
        "MAG": "2546950329",
        "ArXiv": "1611.00020",
        "DBLP": "journals/corr/LiangBLFL16",
        "ACL": "P17-1003",
        "DOI": "10.18653/v1/P17-1003",
        "CorpusId": 2742513
      },
      "title": "Neural Symbolic Machines: Learning Semantic Parsers on Freebase with Weak Supervision",
      "year": 2016,
      "abstract": "Harnessing the statistical power of neural networks to perform language understanding and symbolic reasoning is difficult, when it requires executing efficient discrete operations against a large knowledge-base. In this work, we introduce a Neural Symbolic Machine, which contains (a) a neural \u201cprogrammer\u201d, i.e., a sequence-to-sequence model that maps language utterances to programs and utilizes a key-variable memory to handle compositionality (b) a symbolic \u201ccomputer\u201d, i.e., a Lisp interpreter that performs program execution, and helps find good programs by pruning the search space. We apply REINFORCE to directly optimize the task reward of this structured prediction problem. To train with weak supervision and improve the stability of REINFORCE, we augment it with an iterative maximum-likelihood training process. NSM outperforms the state-of-the-art on the WebQuestionsSP dataset when trained from question-answer pairs only, without requiring any feature engineering or domain-specific knowledge.",
      "arxiv_id": null
    },
    "13": {
      "paperId": "1bfbb6429e56286cc92dce4fc34f2f45f9f55ae7",
      "externalIds": {
        "DBLP": "conf/emnlp/LuoLLZ18",
        "MAG": "2891420675",
        "ACL": "D18-1242",
        "DOI": "10.18653/v1/D18-1242",
        "CorpusId": 53079601
      },
      "title": "Knowledge Base Question Answering via Encoding of Complex Query Graphs",
      "year": 2018,
      "abstract": "Answering complex questions that involve multiple entities and multiple relations using a standard knowledge base is an open and challenging task. Most existing KBQA approaches focus on simpler questions and do not work very well on complex questions because they were not able to simultaneously represent the question and the corresponding complex query structure. In this work, we encode such complex query structure into a uniform vector representation, and thus successfully capture the interactions between individual semantic components within a complex question. This approach consistently outperforms existing methods on complex questions while staying competitive on simple questions.",
      "arxiv_id": null
    },
    "14": {
      "paperId": "5a526807eeeba6bc5c853efbc49f2462c9dc61cc",
      "externalIds": {
        "MAG": "3093717003",
        "DBLP": "conf/cikm/QiuZWJBGC20",
        "DOI": "10.1145/3340531.3411888",
        "CorpusId": 224282894
      },
      "title": "Hierarchical Query Graph Generation for Complex Question Answering over Knowledge Graph",
      "year": 2020,
      "abstract": "Knowledge Graph Question Answering aims to automatically answer natural language questions via well-structured relation information between entities stored in knowledge graphs. When faced with a complex question with compositional semantics, query graph generation is a practical semantic parsing-based method. But existing works rely on heuristic rules with limited coverage, making them impractical on more complex questions. This paper proposes a Director-Actor-Critic framework to overcome these challenges. Through options over a Markov Decision Process, query graph generation is formulated as a hierarchical decision problem. The Director determines which types of triples the query graph needs, the Actor generates corresponding triples by choosing nodes and edges, and the Critic calculates the semantic similarity between the generated triples and the given questions. Moreover, to train from weak supervision, we base the framework on hierarchical Reinforcement Learning with intrinsic motivation. To accelerate the training process, we pre-train the Critic with high-reward trajectories generated by hand-crafted rules, and leverage curriculum learning to gradually increase the complexity of questions during query graph generation. Extensive experiments conducted over widely-used benchmark datasets demonstrate the effectiveness of the proposed framework.",
      "arxiv_id": null
    },
    "15": {
      "paperId": "8241481fd3832d9086677942e8dc825266f79adc",
      "externalIds": {
        "DBLP": "conf/wsdm/QiuWJZ20",
        "MAG": "2996919866",
        "DOI": "10.1145/3336191.3371812",
        "CorpusId": 210882782
      },
      "title": "Stepwise Reasoning for Multi-Relation Question Answering over Knowledge Graph with Weak Supervision",
      "year": 2020,
      "abstract": "Knowledge Graph Question Answering aims to automatically answer natural language questions via well-structured relation information between entities stored in knowledge graphs. When faced with a multi-relation question, existing embedding-based approaches take the whole topic-entity-centric subgraph into account, resulting in high time complexity. Meanwhile, due to the high cost for data annotations, it is impractical to exactly show how to answer a complex question step by step, and only the final answer is labeled, as weak supervision. To address these challenges, this paper proposes a neural method based on reinforcement learning, namely Stepwise Reasoning Network, which formulates multi-relation question answering as a sequential decision problem. The proposed model performs effective path search over the knowledge graph to obtain the answer, and leverages beam search to reduce the number of candidates significantly. Meanwhile, based on the attention mechanism and neural networks, the policy network can enhance the unique impact of different parts of a given question over triple selection. Moreover, to alleviate the delayed and sparse reward problem caused by weak supervision, we propose a potential-based reward shaping strategy, which can accelerate the convergence of the training algorithm and help the model perform better. Extensive experiments conducted over three benchmark datasets well demonstrate the effectiveness of the proposed model, which outperforms the state-of-the-art approaches.",
      "arxiv_id": null
    },
    "16": {
      "paperId": "124c17b7152a92ea8b15cbcb21eb8b697f7c99b2",
      "externalIds": {
        "MAG": "2942639666",
        "ACL": "Q19-1012",
        "DBLP": "journals/tacl/SahaALSC19",
        "DOI": "10.1162/tacl_a_00262",
        "CorpusId": 139100939
      },
      "title": "Complex Program Induction for Querying Knowledge Bases in the Absence of Gold Programs",
      "year": 2019,
      "abstract": "Recent years have seen increasingly complex question-answering on knowledge bases (KBQA) involving logical, quantitative, and comparative reasoning over KB subgraphs. Neural Program Induction (NPI) is a pragmatic approach toward modularizing the reasoning process by translating a complex natural language query into a multi-step executable program. While NPI has been commonly trained with the \u2018\u2018gold\u2019\u2019 program or its sketch, for realistic KBQA applications such gold programs are expensive to obtain. There, practically only natural language queries and the corresponding answers can be provided for training. The resulting combinatorial explosion in program space, along with extremely sparse rewards, makes NPI for KBQA ambitious and challenging. We present Complex Imperative Program Induction from Terminal Rewards (CIPITR), an advanced neural programmer that mitigates reward sparsity with auxiliary rewards, and restricts the program space to semantically correct programs using high-level constraints, KB schema, and inferred answer type. CIPITR solves complex KBQA considerably more accurately than key-value memory networks and neural symbolic machines (NSM). For moderately complex queries requiring 2- to 5-step programs, CIPITR scores at least 3\u00d7 higher F1 than the competing systems. On one of the hardest class of programs (comparative reasoning) with 5\u201310 steps, CIPITR outperforms NSM by a factor of 89 and memory networks by 9 times.",
      "arxiv_id": null
    },
    "17": {
      "paperId": "1c75fcc86946b36297598a9abe192d97a19a917e",
      "externalIds": {
        "DBLP": "journals/corr/abs-2003-13956",
        "MAG": "3014185253",
        "ArXiv": "2003.13956",
        "DOI": "10.1609/AAAI.V34I05.6426",
        "CorpusId": 214344519
      },
      "title": "SPARQA: Skeleton-based Semantic Parsing for Complex Questions over Knowledge Bases",
      "year": 2020,
      "abstract": "Semantic parsing transforms a natural language question into a formal query over a knowledge base. Many existing methods rely on syntactic parsing like dependencies. However, the accuracy of producing such expressive formalisms is not satisfying on long complex questions. In this paper, we propose a novel skeleton grammar to represent the high-level structure of a complex question. This dedicated coarse-grained formalism with a BERT-based parsing algorithm helps to improve the accuracy of the downstream fine-grained semantic parsing. Besides, to align the structure of a question with the structure of a knowledge base, our multi-strategy method combines sentence-level and word-level semantics. Our approach shows promising performance on several datasets.",
      "arxiv_id": "2003.13956"
    },
    "18": {
      "paperId": "c624ee21c69ec9cbc94b50221f6bba116d4c7859",
      "externalIds": {
        "ACL": "P15-1128",
        "MAG": "2251079237",
        "DBLP": "conf/acl/YihCHG15",
        "DOI": "10.3115/v1/P15-1128",
        "CorpusId": 18309765
      },
      "title": "Semantic Parsing via Staged Query Graph Generation: Question Answering with Knowledge Base",
      "year": 2015,
      "abstract": "We propose a novel semantic parsing framework for question answering using a knowledge base. We define a query graph that resembles subgraphs of the knowledge base and can be directly mapped to a logical form. Semantic parsing is reduced to query graph generation, formulated as a staged search problem. Unlike traditional approaches, our method leverages the knowledge base in an early stage to prune the search space and thus simplifies the semantic matching problem. By applying an advanced entity linking system and a deep convolutional neural network model that matches questions and predicate sequences, our system outperforms previous methods substantially, and achieves an F1 measure of 52.5% on the WEBQUESTIONS dataset.",
      "arxiv_id": null
    },
    "19": {
      "paperId": "d9e03655b42ab9f0aeda3523961a04a1d6a54e14",
      "externalIds": {
        "MAG": "2889276770",
        "DBLP": "journals/pvldb/ZhengYZC18",
        "DOI": "10.14778/3236187.3236192",
        "CorpusId": 51995949
      },
      "title": "Question Answering Over Knowledge Graphs: Question Understanding Via Template Decomposition",
      "year": 2018,
      "abstract": "The gap between unstructured natural language and structured data makes it challenging to build a system that supports using natural language to query large knowledge graphs. Many existing methods construct a structured query for the input question based on a syntactic parser. Once the input question is parsed incorrectly, a false structured query will be generated, which may result in false or incomplete answers. The problem gets worse especially for complex questions. In this paper, we propose a novel systematic method to understand natural language questions by using a large number of binary templates rather than semantic parsers. As sufficient templates are critical in the procedure, we present a low-cost approach that can build a huge number of templates automatically. To reduce the search space, we carefully devise an index to facilitate the online template decomposition. Moreover, we design effective strategies to perform the two-level disambiguations (i.e., entity-level ambiguity and structure-level ambiguity) by considering the query semantics. Extensive experiments over several benchmarks demonstrate that our proposed approach is effective as it significantly outperforms state-of-the-art methods in terms of both precision and recall.",
      "arxiv_id": null
    },
    "20": {
      "paperId": "0c06bd20403a204bcd95dae1f176c10894fe7139",
      "externalIds": {
        "ACL": "2020.acl-main.412",
        "DBLP": "conf/acl/SaxenaTT20",
        "MAG": "3034862985",
        "DOI": "10.18653/v1/2020.acl-main.412",
        "CorpusId": 220047862
      },
      "title": "Improving Multi-hop Question Answering over Knowledge Graphs using Knowledge Base Embeddings",
      "year": 2020,
      "abstract": "Knowledge Graphs (KG) are multi-relational graphs consisting of entities as nodes and relations among them as typed edges. Goal of the Question Answering over KG (KGQA) task is to answer natural language queries posed over the KG. Multi-hop KGQA requires reasoning over multiple edges of the KG to arrive at the right answer. KGs are often incomplete with many missing links, posing additional challenges for KGQA, especially for multi-hop KGQA. Recent research on multi-hop KGQA has attempted to handle KG sparsity using relevant external text, which isn\u2019t always readily available. In a separate line of research, KG embedding methods have been proposed to reduce KG sparsity by performing missing link prediction. Such KG embedding methods, even though highly relevant, have not been explored for multi-hop KGQA so far. We fill this gap in this paper and propose EmbedKGQA. EmbedKGQA is particularly effective in performing multi-hop KGQA over sparse KGs. EmbedKGQA also relaxes the requirement of answer selection from a pre-specified neighborhood, a sub-optimal constraint enforced by previous multi-hop KGQA methods. Through extensive experiments on multiple benchmark datasets, we demonstrate EmbedKGQA\u2019s effectiveness over other state-of-the-art baselines.",
      "arxiv_id": null
    },
    "21": {
      "paperId": "06df1dc2f0d22c9a6f094f5cc50ed1c7a812cf9d",
      "externalIds": {
        "DBLP": "conf/emnlp/FengZHZLLLC21",
        "DOI": "10.18653/v1/2021.findings-emnlp.159",
        "CorpusId": 244119436
      },
      "title": "A Pretraining Numerical Reasoning Model for Ordinal Constrained Question Answering on Knowledge Base",
      "year": 2021,
      "abstract": "Knowledge Base Question Answering (KBQA) is to answer natural language questions posed over knowledge bases (KBs). This paper targets at empowering the IR-based KBQA models with the ability of numerical reasoning for answering ordinal constrained questions. A major challenge is the lack of explicit annotations about numerical properties. To address this challenge, we propose a pretraining numerical reasoning model consisting of NumGNN and NumTransformer, guided by explicit self-supervision signals. The two modules are pretrained to encode the magnitude and ordinal properties of numbers respectively and can serve as model-agnostic plugins for any IR-based KBQA model to enhance its numerical reasoning ability. Extensive experiments on two KBQA benchmarks verify the effectiveness of our method to enhance the numerical reasoning ability for IR-based KBQA models. Our code and datasets are available online 1 .",
      "arxiv_id": null
    },
    "22": {
      "paperId": "9ad258de58ac237c115fbfa0ee52650ba7a0bef2",
      "externalIds": {
        "ACL": "N18-1017",
        "DBLP": "conf/naacl/FuF18",
        "MAG": "2803299344",
        "DOI": "10.18653/v1/N18-1017",
        "CorpusId": 44092258
      },
      "title": "Natural Answer Generation with Heterogeneous Memory",
      "year": 2018,
      "abstract": "Memory augmented encoder-decoder framework has achieved promising progress for natural language generation tasks. Such frameworks enable a decoder to retrieve from a memory during generation. However, less research has been done to take care of the memory contents from different sources, which are often of heterogeneous formats. In this work, we propose a novel attention mechanism to encourage the decoder to actively interact with the memory by taking its heterogeneity into account. Our solution attends across the generated history and memory to explicitly avoid repetition, and introduce related knowledge to enrich our generated sentences. Experiments on the answer sentence generation task show that our method can effectively explore heterogeneous memory to produce readable and meaningful answer sentences while maintaining high coverage for given answer information.",
      "arxiv_id": null
    },
    "23": {
      "paperId": "35a0f2a7a2c076a65532967630b97d8bf3b5b00a",
      "externalIds": {
        "DBLP": "conf/emnlp/Han0W20",
        "ACL": "2020.findings-emnlp.133",
        "MAG": "3100071090",
        "DOI": "10.18653/v1/2020.findings-emnlp.133",
        "CorpusId": 226283918
      },
      "title": "Open Domain Question Answering based on Text Enhanced Knowledge Graph with Hyperedge Infusion",
      "year": 2020,
      "abstract": "The incompleteness of knowledge base (KB) is a vital factor limiting the performance of question answering (QA). This paper proposes a novel QA method by leveraging text information to enhance the incomplete KB. The model enriches the entity representation through semantic information contained in the text, and employs graph convolutional networks to update the entity status. Furthermore, to exploit the latent structural information of text, we treat the text as hyperedges connecting entities among it to complement the deficient relations in KB, and hypergraph convolutional networks are further applied to reason on the hypergraph-formed text. Extensive experiments on the WebQuestionsSP benchmark with different KB settings prove the effectiveness of our model.",
      "arxiv_id": null
    },
    "24": {
      "paperId": "75d0563ec21479fc6c8a60b0694885e0cca8e912",
      "externalIds": {
        "DBLP": "conf/ijcai/HanCW20",
        "MAG": "3035272542",
        "DOI": "10.24963/ijcai.2020/500",
        "CorpusId": 263120203
      },
      "title": "Two-Phase Hypergraph Based Reasoning with Dynamic Relations for Multi-Hop KBQA",
      "year": 2020,
      "abstract": "Multi-hop knowledge base question answering (KBQA) aims at finding the answers to a factoid question by reasoning across multiple triples. Note that when human performs multi-hop reasoning, one tends to concentrate on specific relation at different hops and pinpoint a group of entities connected by the relation. Hypergraph convolutional networks (HGCN) can simulate this behavior by leveraging hyperedges to connect more than two nodes more than pairwise connection. However, HGCN is for undirected graphs and does not consider the direction of information transmission. We introduce the directed-HGCN (DHGCN) to adapt to the knowledge graph with directionality. Inspired by human's hop-by-hop reasoning, we propose an interpretable KBQA model based on DHGCN, namely two-phase hypergraph based reasoning with dynamic relations, which explicitly updates relation information and dynamically pays attention to different relations at different hops. Moreover, the model predicts relations hop-by-hop to generate an intermediate relation path. We conduct extensive experiments on two widely used multi-hop KBQA datasets to prove the effectiveness of our model.",
      "arxiv_id": null
    },
    "25": {
      "paperId": "82dbca10dbf6c7a5b2c13579d35c70ac3e8c509c",
      "externalIds": {
        "MAG": "2740107682",
        "ACL": "P17-1019",
        "DBLP": "conf/acl/HeLLZ17",
        "DOI": "10.18653/v1/P17-1019",
        "CorpusId": 43225062
      },
      "title": "Generating Natural Answers by Incorporating Copying and Retrieving Mechanisms in Sequence-to-Sequence Learning",
      "year": 2017,
      "abstract": "Generating answer with natural language sentence is very important in real-world question answering systems, which needs to obtain a right answer as well as a coherent natural response. In this paper, we propose an end-to-end question answering system called COREQA in sequence-to-sequence learning, which incorporates copying and retrieving mechanisms to generate natural answers within an encoder-decoder framework. Specifically, in COREQA, the semantic units (words, phrases and entities) in a natural answer are dynamically predicted from the vocabulary, copied from the given question and/or retrieved from the corresponding knowledge base jointly. Our empirical study on both synthetic and real-world datasets demonstrates the efficiency of COREQA, which is able to generate correct, coherent and natural answers for knowledge inquired questions.",
      "arxiv_id": null
    },
    "26": {
      "paperId": "34ba905d57042bafc761e18284cfa29b6aaaa6e6",
      "externalIds": {
        "MAG": "3118872581",
        "DBLP": "conf/wsdm/HeL0ZW21",
        "ArXiv": "2101.03737",
        "DOI": "10.1145/3437963.3441753",
        "CorpusId": 231572861
      },
      "title": "Improving Multi-hop Knowledge Base Question Answering by Learning Intermediate Supervision Signals",
      "year": 2021,
      "abstract": "Multi-hop Knowledge Base Question Answering (KBQA) aims to find the answer entities that are multiple hops away in the Knowl- edge Base (KB) from the entities in the question. A major challenge is the lack of supervision signals at intermediate steps. Therefore, multi-hop KBQA algorithms can only receive the feedback from the final answer, which makes the learning unstable or ineffective. To address this challenge, we propose a novel teacher-student approach for the multi-hop KBQA task. In our approach, the stu- dent network aims to find the correct answer to the query, while the teacher network tries to learn intermediate supervision signals for improving the reasoning capacity of the student network. The major novelty lies in the design of the teacher network, where we utilize both forward and backward reasoning to enhance the learning of intermediate entity distributions. By considering bidi- rectional reasoning, the teacher network can produce more reliable intermediate supervision signals, which can alleviate the issue of spurious reasoning. Extensive experiments on three benchmark datasets have demonstrated the effectiveness of our approach on the KBQA task.",
      "arxiv_id": "2101.03737"
    },
    "27": {
      "paperId": "bba5f2852b1db8a18004eb7328efa5e1d57cc62a",
      "externalIds": {
        "DBLP": "conf/emnlp/MillerFDKBW16",
        "ACL": "D16-1147",
        "MAG": "2963448850",
        "ArXiv": "1606.03126",
        "DOI": "10.18653/v1/D16-1147",
        "CorpusId": 2711679
      },
      "title": "Key-Value Memory Networks for Directly Reading Documents",
      "year": 2016,
      "abstract": "Directly reading documents and being able to answer questions from them is an unsolved challenge. To avoid its inherent difficulty, question answering (QA) has been directed towards using Knowledge Bases (KBs) instead, which has proven effective. Unfortunately KBs often suffer from being too restrictive, as the schema cannot support certain types of answers, and too sparse, e.g. Wikipedia contains much more information than Freebase. In this work we introduce a new method, Key-Value Memory Networks, that makes reading documents more viable by utilizing different encodings in the addressing and output stages of the memory read operation. To compare using KBs, information extraction or Wikipedia documents directly in a single framework we construct an analysis tool, WikiMovies, a QA dataset that contains raw text alongside a preprocessed KB, in the domain of movies. Our method reduces the gap between all three settings. It also achieves state-of-the-art results on the existing WikiQA benchmark.",
      "arxiv_id": "1606.03126"
    },
    "28": {
      "paperId": "8d17543c20f23b6a40bec9334d50e9c15a08c1c4",
      "externalIds": {
        "ArXiv": "1809.00782",
        "DBLP": "journals/corr/abs-1809-00782",
        "MAG": "2890961898",
        "ACL": "D18-1455",
        "DOI": "10.18653/v1/D18-1455",
        "CorpusId": 52154304
      },
      "title": "Open Domain Question Answering Using Early Fusion of Knowledge Bases and Text",
      "year": 2018,
      "abstract": "Open Domain Question Answering (QA) is evolving from complex pipelined systems to end-to-end deep neural networks. Specialized neural models have been developed for extracting answers from either text alone or Knowledge Bases (KBs) alone. In this paper we look at a more practical setting, namely QA over the combination of a KB and entity-linked text, which is appropriate when an incomplete KB is available with a large text corpus. Building on recent advances in graph representation learning we propose a novel model, GRAFT-Net, for extracting answers from a question-specific subgraph containing text and KB entities and relations. We construct a suite of benchmark tasks for this problem, varying the difficulty of questions, the amount of training data, and KB completeness. We show that GRAFT-Net is competitive with the state-of-the-art when tested using either KBs or text alone, and vastly outperforms existing methods in the combined setting.",
      "arxiv_id": "1809.00782"
    },
    "29": {
      "paperId": "71c7104eaed93497824cf197949c77e7d6cb36d3",
      "externalIds": {
        "ArXiv": "1904.09537",
        "DBLP": "journals/corr/abs-1904-09537",
        "ACL": "D19-1242",
        "MAG": "2971155257",
        "DOI": "10.18653/v1/D19-1242",
        "CorpusId": 128345225
      },
      "title": "PullNet: Open Domain Question Answering with Iterative Retrieval on Knowledge Bases and Text",
      "year": 2019,
      "abstract": "We consider open-domain question answering (QA) where answers are drawn from either a corpus, a knowledge base (KB), or a combination of both of these. We focus on a setting in which a corpus is supplemented with a large but incomplete KB, and on questions that require non-trivial (e.g., \u201cmulti-hop\u201d) reasoning. We describe PullNet, an integrated framework for (1) learning what to retrieve and (2) reasoning with this heterogeneous information to find the best answer. PullNet uses an iterative process to construct a question-specific subgraph that contains information relevant to the question. In each iteration, a graph convolutional network (graph CNN) is used to identify subgraph nodes that should be expanded using retrieval (or \u201cpull\u201d) operations on the corpus and/or KB. After the subgraph is complete, another graph CNN is used to extract the answer from the subgraph. This retrieve-and-reason process allows us to answer multi-hop questions using large KBs and corpora. PullNet is weakly supervised, requiring question-answer pairs but not gold inference paths. Experimentally PullNet improves over the prior state-of-the art, and in the setting where a corpus is used with incomplete KB these improvements are often dramatic. PullNet is also often superior to prior systems in a KB-only setting or a text-only setting.",
      "arxiv_id": "1904.09537"
    },
    "30": {
      "paperId": "750fee51c6498ed73729c72a4ffad46d98bfbc31",
      "externalIds": {
        "DBLP": "conf/acl/XiongYCGW19",
        "ACL": "P19-1417",
        "MAG": "2949694638",
        "ArXiv": "1905.07098",
        "DOI": "10.18653/v1/P19-1417",
        "CorpusId": 158047045
      },
      "title": "Improving Question Answering over Incomplete KBs with Knowledge-Aware Reader",
      "year": 2019,
      "abstract": "We propose a new end-to-end question answering model, which learns to aggregate answer evidence from an incomplete knowledge base (KB) and a set of retrieved text snippets.Under the assumptions that structured data is easier to query and the acquired knowledge can help the understanding of unstructured text, our model first accumulates knowledge ofKB entities from a question-related KB sub-graph; then reformulates the question in the latent space and reads the text with the accumulated entity knowledge at hand. The evidence from KB and text are finally aggregated to predict answers. On the widely-used KBQA benchmark WebQSP, our model achieves consistent improvements across settings with different extents of KB incompleteness.",
      "arxiv_id": null
    },
    "31": {
      "paperId": "8bc33f2d6bb9e6100b720e09c44e6c3ebee5614f",
      "externalIds": {
        "MAG": "2945844671",
        "ACL": "N19-1301",
        "DBLP": "conf/naacl/XuLFW19",
        "DOI": "10.18653/v1/N19-1301",
        "CorpusId": 174800228
      },
      "title": "Enhancing Key-Value Memory Neural Networks for Knowledge Based Question Answering",
      "year": 2019,
      "abstract": "Traditional Key-value Memory Neural Networks (KV-MemNNs) are proved to be effective to support shallow reasoning over a collection of documents in domain specific Question Answering or Reading Comprehension tasks. However, extending KV-MemNNs to Knowledge Based Question Answering (KB-QA) is not trivia, which should properly decompose a complex question into a sequence of queries against the memory, and update the query representations to support multi-hop reasoning over the memory. In this paper, we propose a novel mechanism to enable conventional KV-MemNNs models to perform interpretable reasoning for complex questions. To achieve this, we design a new query updating strategy to mask previously-addressed memory information from the query representations, and introduce a novel STOP strategy to avoid invalid or repeated memory reading without strong annotation signals. This also enables KV-MemNNs to produce structured queries and work in a semantic parsing fashion. Experimental results on benchmark datasets show that our solution, trained with question-answer pairs only, can provide conventional KV-MemNNs models with better reasoning abilities on complex questions, and achieve state-of-art performances.",
      "arxiv_id": null
    },
    "32": {
      "paperId": "3950df97ea527009a32569cb7016bc3df1383dca",
      "externalIds": {
        "ACL": "2021.naacl-main.45",
        "ArXiv": "2104.06378",
        "MAG": "3172335055",
        "DBLP": "journals/corr/abs-2104-06378",
        "DOI": "10.18653/V1/2021.NAACL-MAIN.45",
        "CorpusId": 233219869
      },
      "title": "QA-GNN: Reasoning with Language Models and Knowledge Graphs for Question Answering",
      "year": 2021,
      "abstract": "The problem of answering questions using knowledge from pre-trained language models (LMs) and knowledge graphs (KGs) presents two challenges: given a QA context (question and answer choice), methods need to (i) identify relevant knowledge from large KGs, and (ii) perform joint reasoning over the QA context and KG. Here we propose a new model, QA-GNN, which addresses the above challenges through two key innovations: (i) relevance scoring, where we use LMs to estimate the importance of KG nodes relative to the given QA context, and (ii) joint reasoning, where we connect the QA context and KG to form a joint graph, and mutually update their representations through graph-based message passing. We evaluate QA-GNN on the CommonsenseQA and OpenBookQA datasets, and show its improvement over existing LM and LM+KG models, as well as its capability to perform interpretable and structured reasoning, e.g., correctly handling negation in questions.",
      "arxiv_id": null
    },
    "33": {
      "paperId": "b8dc4ae9de13be5f4c8333b026cb3ad956ae5b65",
      "externalIds": {
        "DBLP": "conf/ijcai/YinJLSLL16",
        "ArXiv": "1512.01337",
        "MAG": "2950583024",
        "ACL": "W16-0106",
        "DOI": "10.18653/v1/W16-0106",
        "CorpusId": 14039866
      },
      "title": "Neural Generative Question Answering",
      "year": 2015,
      "abstract": "This paper presents an end-to-end neural network model, named Neural Generative Question Answering (GENQA), that can generate answers to simple factoid questions, based on the facts in a knowledge-base. More specifically, the model is built on the encoder-decoder framework for sequence-to-sequence learning, while equipped with the ability to enquire the knowledge-base, and is trained on a corpus of question-answer pairs, with their associated triples in the knowledge-base. Empirical study shows the proposed model can effectively deal with the variations of questions and answers, and generate right and natural answers by referring to the facts in the knowledge-base. The experiment on question answering demonstrates that the proposed model can outperform an embedding-based QA model as well as a neural dialogue model trained on the same data.",
      "arxiv_id": "1512.01337"
    },
    "34": {
      "paperId": "95280565aa3d120c6d7e8d87ea3423f16977f19a",
      "externalIds": {
        "MAG": "2755637027",
        "DBLP": "conf/aaai/ZhangDKSS18",
        "ArXiv": "1709.04071",
        "DOI": "10.1609/aaai.v32i1.12057",
        "CorpusId": 8953884
      },
      "title": "Variational Reasoning for Question Answering with Knowledge Graph",
      "year": 2017,
      "abstract": "\n \n Knowledge graph (KG) is known to be helpful for the task of question answering (QA), since it provides well-structured relational information between entities, and allows one to further infer indirect facts. However, it is challenging to build QA systems which can learn to reason over knowledge graphs based on question-answer pairs alone. First, when people ask questions, their expressions are noisy (for example, typos in texts, or variations in pronunciations), which is non-trivial for the QA system to match those mentioned entities to the knowledge graph. Second, many questions require multi-hop logic reasoning over the knowledge graph to retrieve the answers. To address these challenges, we propose a novel and unified deep learning architecture, and an end-to-end variational learning algorithm which can handle noise in questions, and learn multi-hop reasoning simultaneously. Our method achieves state-of-the-art performance on a recent benchmark dataset in the literature. We also derive a series of new benchmark datasets, including questions for multi-hop reasoning, questions paraphrased by neural translation model, and questions in human voice. Our method yields very promising results on all these challenging datasets.\n \n",
      "arxiv_id": "1709.04071"
    },
    "35": {
      "paperId": "767ceaade8a2cfb186f20091e50c7d03641e0caa",
      "externalIds": {
        "DBLP": "journals/corr/abs-2202-13296",
        "ArXiv": "2202.13296",
        "ACL": "2022.acl-long.396",
        "DOI": "10.18653/v1/2022.acl-long.396",
        "CorpusId": 247158305
      },
      "title": "Subgraph Retrieval Enhanced Model for Multi-hop Knowledge Base Question Answering",
      "year": 2022,
      "abstract": "Recent works on knowledge base question answering (KBQA) retrieve subgraphs for easier reasoning. The desired subgraph is crucial as a small one may exclude the answer but a large one might introduce more noises. However, the existing retrieval is either heuristic or interwoven with the reasoning, causing reasoning on the partial subgraphs, which increases the reasoning bias when the intermediate supervision is missing. This paper proposes a trainable subgraph retriever (SR) decoupled from the subsequent reasoning process, which enables a plug-and-play framework to enhance any subgraph-oriented KBQA model. Extensive experiments demonstrate SR achieves significantly better retrieval and QA performance than existing retrieval methods. Via weakly supervised pre-training as well as the end-to-end fine-tuning, SR achieves new state-of-the-art performance when combined with NSM (He et al., 2021), a subgraph-oriented reasoner, for embedding-based KBQA methods. Codes and datasets are available online (https://github.com/RUCKBReasoning/SubgraphRetrievalKBQA)",
      "arxiv_id": "2202.13296"
    },
    "36": {
      "paperId": "e06357ac23811054acb23e2ea30d087f5beaef90",
      "externalIds": {
        "MAG": "2950599837",
        "ArXiv": "1801.04726",
        "DBLP": "conf/coling/ZhouHZ18",
        "ACL": "C18-1171",
        "CorpusId": 3806582
      },
      "title": "An Interpretable Reasoning Network for Multi-Relation Question Answering",
      "year": 2018,
      "abstract": "Multi-relation Question Answering is a challenging task, due to the requirement of elaborated analysis on questions and reasoning over multiple fact triples in knowledge base. In this paper, we present a novel model called Interpretable Reasoning Network that employs an interpretable, hop-by-hop reasoning process for question answering. The model dynamically decides which part of an input question should be analyzed at each hop; predicts a relation that corresponds to the current parsed results; utilizes the predicted relation to update the question representation and the state of the reasoning process; and then drives the next-hop reasoning. Experiments show that our model yields state-of-the-art results on two datasets. More interestingly, the model can offer traceable and observable intermediate predictions for reasoning analysis and failure diagnosis, thereby allowing manual manipulation in predicting the final answer.",
      "arxiv_id": null
    }
  },
  "papers_index": {
    "a063de69aa5506efa2f9150964bdc966c3bc3f30": 0,
    "a80a0ed4597d0dcb9f8d09009afbfa76e4ef621c": 1,
    "46dceccd2f47d08091a8f726c3e8a9585478a2b0": 2,
    "c666712364feb35b7aa25c93e708f677ac75bb59": 3,
    "694411ea0890691e4477bc56e78bb93defa459ff": 4,
    "4e4230418470efbb3a86d407d8eedf329f361f6d": 5,
    "f8c9d0823eec7fae1577709121138de83b3a55cc": 6,
    "d031e704e77e8010874c8f44f1b290a4f1fd02ad": 7,
    "ce371729d1890236a8fd1c8a99ded0f20f790216": 8,
    "6b1c351c7969e70daf13b4af83ac256c45041074": 9,
    "065691db44b3b1ae48ffb64559e7a98e5b80306f": 10,
    "77f49b0c0b7a1c29f02fb4343d47dad6a3d37a29": 11,
    "4ca430d4640afa4a3838371a08f8f418284bdb7c": 12,
    "1bfbb6429e56286cc92dce4fc34f2f45f9f55ae7": 13,
    "5a526807eeeba6bc5c853efbc49f2462c9dc61cc": 14,
    "8241481fd3832d9086677942e8dc825266f79adc": 15,
    "124c17b7152a92ea8b15cbcb21eb8b697f7c99b2": 16,
    "1c75fcc86946b36297598a9abe192d97a19a917e": 17,
    "c624ee21c69ec9cbc94b50221f6bba116d4c7859": 18,
    "d9e03655b42ab9f0aeda3523961a04a1d6a54e14": 19,
    "0c06bd20403a204bcd95dae1f176c10894fe7139": 20,
    "06df1dc2f0d22c9a6f094f5cc50ed1c7a812cf9d": 21,
    "9ad258de58ac237c115fbfa0ee52650ba7a0bef2": 22,
    "35a0f2a7a2c076a65532967630b97d8bf3b5b00a": 23,
    "75d0563ec21479fc6c8a60b0694885e0cca8e912": 24,
    "82dbca10dbf6c7a5b2c13579d35c70ac3e8c509c": 25,
    "34ba905d57042bafc761e18284cfa29b6aaaa6e6": 26,
    "bba5f2852b1db8a18004eb7328efa5e1d57cc62a": 27,
    "8d17543c20f23b6a40bec9334d50e9c15a08c1c4": 28,
    "71c7104eaed93497824cf197949c77e7d6cb36d3": 29,
    "750fee51c6498ed73729c72a4ffad46d98bfbc31": 30,
    "8bc33f2d6bb9e6100b720e09c44e6c3ebee5614f": 31,
    "3950df97ea527009a32569cb7016bc3df1383dca": 32,
    "b8dc4ae9de13be5f4c8333b026cb3ad956ae5b65": 33,
    "95280565aa3d120c6d7e8d87ea3423f16977f19a": 34,
    "767ceaade8a2cfb186f20091e50c7d03641e0caa": 35,
    "e06357ac23811054acb23e2ea30d087f5beaef90": 36
  }
}