{
  "arxiv_id": "2210.12714",
  "title": "Generative Knowledge Graph Construction: A Review",
  "taxo_tree": {
    "Generative KGC Taxonomy": {
      "Generation Target ": {
        "Copy-based   Sequence": {
          "b21025dedb3dfcd80be001c7eff091d83579fddf": {},
          "416fcbf760e41857b7530826a8803c34de2ab077": {},
          "cb27c931ded5d41d991916b6cb7ce74cf2ee53f6": {},
          "6f7e3a6ecc8464b9edb54b863b8a745d3b4b5766": {},
          "945058efb3bbcf071f3b7cce8d5e9dd0b6348098": {}
        },
        "Structure-based Sequence": {
          "20033971c228a982513cd2f8fe454288de481d5f": {},
          "5eb9dad01d9b61947d7a9aae6dfff400d20555b9": {},
          "a0c78661e4a5278c65cefc5b4fdef669dcae7e17": {},
          "95d48c41daf7121a4ae815fee21afa375612f57f": {},
          "bd21e04ad2e4a7f816796388ff80374d272df596": {},
          "aae9475f1eb9e0a00490b3bd6bf298998508459e": {},
          "77ee8a42b007ce1fa22718647298f496ef0ac499": {},
          "0907f2fe9d8305976a539877ef2b48b553e4fb63": {},
          "6d40db49cec2a543e01a4ef651f053ae935274fc": {},
          "806f13809ea4293ff5505b5af66909cb2284ab48": {},
          "2f291b0b59483e9c3c4a3391f34e6b29aff848a1": {},
          "cfca8cebe32913ac48af8fc19655a6f1fef49b04": {},
          "5401296cb8594a0e0c7a90387b5738e63b86d903": {},
          "412bc1caf92614838749dcfce104776a36fdb7d7": {},
          "03d9b59c84d648007d05fe8d50cdb20e0349b333": {},
          "4a7eeb682c1ad57cd453215140828ded7c08fc80": {}
        },
        "Label-based Sequence": {
          "15f002dde348b82817fa2a59e7ed56e6e3ec6972": {},
          "572c12e81319ccd47cc0c637c82efadd03fd05ab": {},
          "1cb3f6d545b68db3e7fc6055dcf44099c3ac4672": {}
        },
        "Indice-based Sequence": {
          "e1ea693946636c482de231b33bef959d2f1400e9": {},
          "968820dfae97f80b63674fd76cd7d82332498708": {},
          "c09ff6965322ece56bce383266c75159234f59c4": {},
          "eb54c33b170782eb3c16f206a263abfc551b9c51": {},
          "5f05a83cd1ff25a541fd7d25bc8c0efcc2f31696": {}
        },
        "Blank-based Sequence": {
          "f48ae425e2567be2d993efcaaf74c2274fc9d7c5": {},
          "b28df36008ad6f6c797c13e5f28caa813dc1cd59": {},
          "edd402437267d2610ba500f643e5b4b80a51e13a": {},
          "3fbe7f9a0ca640c915d1b4e2cca6e49a15ad710a": {},
          "52bea123acbbefac6ebb3b40b6482465845ef014": {},
          "e9b3fed266dff06d44be861cce8bd9c247b7d42a": {},
          "2a15f541a8216782a7579f01f56762448e48b582": {},
          "da715e318e1f8a98da7a902483cf303d45b67c9f": {}
        }
      },
      "Generation Tasks ": {
        "Named Entity   Recognition": {
          "5eb9dad01d9b61947d7a9aae6dfff400d20555b9": {},
          "77ee8a42b007ce1fa22718647298f496ef0ac499": {},
          "806f13809ea4293ff5505b5af66909cb2284ab48": {},
          "2f291b0b59483e9c3c4a3391f34e6b29aff848a1": {},
          "c09ff6965322ece56bce383266c75159234f59c4": {},
          "cfca8cebe32913ac48af8fc19655a6f1fef49b04": {},
          "15f002dde348b82817fa2a59e7ed56e6e3ec6972": {},
          "1cb3f6d545b68db3e7fc6055dcf44099c3ac4672": {}
        },
        "Relation Extraction": {
          "e1ea693946636c482de231b33bef959d2f1400e9": {},
          "20033971c228a982513cd2f8fe454288de481d5f": {},
          "b21025dedb3dfcd80be001c7eff091d83579fddf": {},
          "5eb9dad01d9b61947d7a9aae6dfff400d20555b9": {},
          "416fcbf760e41857b7530826a8803c34de2ab077": {},
          "77ee8a42b007ce1fa22718647298f496ef0ac499": {},
          "2f291b0b59483e9c3c4a3391f34e6b29aff848a1": {},
          "cb27c931ded5d41d991916b6cb7ce74cf2ee53f6": {},
          "6f7e3a6ecc8464b9edb54b863b8a745d3b4b5766": {},
          "945058efb3bbcf071f3b7cce8d5e9dd0b6348098": {},
          "1cb3f6d545b68db3e7fc6055dcf44099c3ac4672": {},
          "4a7eeb682c1ad57cd453215140828ded7c08fc80": {}
        },
        "Event Extraction": {
          "20033971c228a982513cd2f8fe454288de481d5f": {},
          "5eb9dad01d9b61947d7a9aae6dfff400d20555b9": {},
          "a0c78661e4a5278c65cefc5b4fdef669dcae7e17": {},
          "b28df36008ad6f6c797c13e5f28caa813dc1cd59": {},
          "edd402437267d2610ba500f643e5b4b80a51e13a": {},
          "3fbe7f9a0ca640c915d1b4e2cca6e49a15ad710a": {},
          "2f291b0b59483e9c3c4a3391f34e6b29aff848a1": {},
          "52bea123acbbefac6ebb3b40b6482465845ef014": {},
          "eb54c33b170782eb3c16f206a263abfc551b9c51": {},
          "1cb3f6d545b68db3e7fc6055dcf44099c3ac4672": {},
          "e9b3fed266dff06d44be861cce8bd9c247b7d42a": {},
          "2a15f541a8216782a7579f01f56762448e48b582": {},
          "da715e318e1f8a98da7a902483cf303d45b67c9f": {},
          "4a7eeb682c1ad57cd453215140828ded7c08fc80": {}
        },
        "Entity Linking": {
          "bd21e04ad2e4a7f816796388ff80374d272df596": {},
          "572c12e81319ccd47cc0c637c82efadd03fd05ab": {}
        },
        "Knowledge Graph  Completion": {
          "f48ae425e2567be2d993efcaaf74c2274fc9d7c5": {},
          "0907f2fe9d8305976a539877ef2b48b553e4fb63": {},
          "6d40db49cec2a543e01a4ef651f053ae935274fc": {},
          "52bea123acbbefac6ebb3b40b6482465845ef014": {},
          "5401296cb8594a0e0c7a90387b5738e63b86d903": {},
          "412bc1caf92614838749dcfce104776a36fdb7d7": {},
          "03d9b59c84d648007d05fe8d50cdb20e0349b333": {}
        }
      }
    }
  },
  "papers": {
    "0": {
      "paperId": "e1ea693946636c482de231b33bef959d2f1400e9",
      "externalIds": {
        "MAG": "2989902860",
        "DBLP": "conf/aaai/NayakN20",
        "ArXiv": "1911.09886",
        "DOI": "10.1609/AAAI.V34I05.6374",
        "CorpusId": 208248243
      },
      "title": "Effective Modeling of Encoder-Decoder Architecture for Joint Entity and Relation Extraction",
      "year": 2019,
      "abstract": "A relation tuple consists of two entities and the relation between them, and often such tuples are found in unstructured text. There may be multiple relation tuples present in a text and they may share one or both entities among them. Extracting such relation tuples from a sentence is a difficult task and sharing of entities or overlapping entities among the tuples makes it more challenging. Most prior work adopted a pipeline approach where entities were identified first followed by finding the relations among them, thus missing the interaction among the relation tuples in a sentence. In this paper, we propose two approaches to use encoder-decoder architecture for jointly extracting entities and relations. In the first approach, we propose a representation scheme for relation tuples which enables the decoder to generate one word at a time like machine translation models and still finds all the tuples present in a sentence with full entity names of different length and with overlapping entities. Next, we propose a pointer network-based decoding approach where an entire tuple is generated at every time step. Experiments on the publicly available New York Times corpus show that our proposed approaches outperform previous work and achieve significantly higher F1 scores.",
      "arxiv_id": "1911.09886"
    },
    "1": {
      "paperId": "20033971c228a982513cd2f8fe454288de481d5f",
      "externalIds": {
        "DBLP": "conf/aaai/YeZDCTHC21",
        "MAG": "3084874487",
        "ArXiv": "2009.06207",
        "DOI": "10.1609/aaai.v35i16.17677",
        "CorpusId": 221655107
      },
      "title": "Contrastive Triple Extraction with Generative Transformer",
      "year": 2020,
      "abstract": "Triple extraction is an essential task in information extraction for natural language processing and knowledge graph construction. In this paper, we revisit the end-to-end triple extraction task for sequence generation. Since generative triple extraction may struggle to capture long-term dependencies and generate unfaithful triples, we introduce a novel model, contrastive triple extraction with a generative transformer. Specifically, we introduce a single shared transformer module for encoder-decoder-based generation. To generate faithful results, we propose a novel triplet contrastive training object. Moreover, we introduce two mechanisms to further improve model performance (i.e., batch-wise dynamic attention-masking and triple-wise calibration). Experimental results on three datasets (i.e., NYT, WebNLG, and MIE) show that our approach achieves better performance than that of baselines.",
      "arxiv_id": "2009.06207"
    },
    "2": {
      "paperId": "b21025dedb3dfcd80be001c7eff091d83579fddf",
      "externalIds": {
        "DBLP": "journals/corr/abs-1911-10438",
        "MAG": "2996825178",
        "ArXiv": "1911.10438",
        "DOI": "10.1609/AAAI.V34I05.6495",
        "CorpusId": 208267874
      },
      "title": "CopyMTL: Copy Mechanism for Joint Extraction of Entities and Relations with Multi-Task Learning",
      "year": 2019,
      "abstract": "Joint extraction of entities and relations has received significant attention due to its potential of providing higher performance for both tasks. Among existing methods, CopyRE is effective and novel, which uses a sequence-to-sequence framework and copy mechanism to directly generate the relation triplets. However, it suffers from two fatal problems. The model is extremely weak at differing the head and tail entity, resulting in inaccurate entity extraction. It also cannot predict multi-token entities (e.g. Steven Jobs). To address these problems, we give a detailed analysis of the reasons behind the inaccurate entity extraction problem, and then propose a simple but extremely effective model structure to solve this problem. In addition, we propose a multi-task learning framework equipped with copy mechanism, called CopyMTL, to allow the model to predict multi-token entities. Experiments reveal the problems of CopyRE and show that our model achieves significant improvement over the current state-of-the-art method by 9% in NYT and 16% in WebNLG (F1 score). Our code is available at https://github.com/WindChimeRan/CopyMTL",
      "arxiv_id": "1911.10438"
    },
    "3": {
      "paperId": "5eb9dad01d9b61947d7a9aae6dfff400d20555b9",
      "externalIds": {
        "ACL": "2022.acl-long.395",
        "DBLP": "conf/acl/0001LDXLHSW22",
        "ArXiv": "2203.12277",
        "DOI": "10.18653/v1/2022.acl-long.395",
        "CorpusId": 247619149
      },
      "title": "Unified Structure Generation for Universal Information Extraction",
      "year": 2022,
      "abstract": "Information extraction suffers from its varying targets, heterogeneous structures, and demand-specific schemas. In this paper, we propose a unified text-to-structure generation framework, namely UIE, which can universally model different IE tasks, adaptively generate targeted structures, and collaboratively learn general IE abilities from different knowledge sources. Specifically, UIE uniformly encodes different extraction structures via a structured extraction language, adaptively generates target extractions via a schema-based prompt mechanism \u2013 structural schema instructor, and captures the common IE abilities via a large-scale pretrained text-to-structure model. Experiments show that UIE achieved the state-of-the-art performance on 4 IE tasks, 13 datasets, and on all supervised, low-resource, and few-shot settings for a wide range of entity, relation, event and sentiment extraction tasks and their unification. These results verified the effectiveness, universality, and transferability of UIE.",
      "arxiv_id": "2203.12277"
    },
    "4": {
      "paperId": "a0c78661e4a5278c65cefc5b4fdef669dcae7e17",
      "externalIds": {
        "DBLP": "conf/acl/0001LXHTL0LC20",
        "ArXiv": "2106.09232",
        "ACL": "2021.acl-long.217",
        "DOI": "10.18653/v1/2021.acl-long.217",
        "CorpusId": 235458429
      },
      "title": "Text2Event: Controllable Sequence-to-Structure Generation for End-to-end Event Extraction",
      "year": 2021,
      "abstract": "Event extraction is challenging due to the complex structure of event records and the semantic gap between text and event. Traditional methods usually extract event records by decomposing the complex structure prediction task into multiple subtasks. In this paper, we propose Text2Event, a sequence-to-structure generation paradigm that can directly extract events from the text in an end-to-end manner. Specifically, we design a sequence-to-structure network for unified event extraction, a constrained decoding algorithm for event knowledge injection during inference, and a curriculum learning algorithm for efficient model learning. Experimental results show that, by uniformly modeling all tasks in a single model and universally predicting different labels, our method can achieve competitive performance using only record-level annotations in both supervised learning and transfer learning settings.",
      "arxiv_id": "2106.09232"
    },
    "5": {
      "paperId": "95d48c41daf7121a4ae815fee21afa375612f57f",
      "externalIds": {
        "DBLP": "conf/acl/AhmadCLN0C20",
        "ACL": "2021.acl-long.340",
        "ArXiv": "2101.00123",
        "DOI": "10.18653/v1/2021.acl-long.340",
        "CorpusId": 230435779
      },
      "title": "Intent Classification and Slot Filling for Privacy Policies",
      "year": 2021,
      "abstract": "Understanding privacy policies is crucial for users as it empowers them to learn about the information that matters to them. Sentences written in a privacy policy document explain privacy practices, and the constituent text spans convey further specific information about that practice. We refer to predicting the privacy practice explained in a sentence as intent classification and identifying the text spans sharing specific information as slot filling. In this work, we propose PolicyIE, an English corpus consisting of 5,250 intent and 11,788 slot annotations spanning 31 privacy policies of websites and mobile applications. PolicyIE corpus is a challenging real-world benchmark with limited labeled examples reflecting the cost of collecting large-scale annotations from domain experts. We present two alternative neural approaches as baselines, (1) intent classification and slot filling as a joint sequence tagging and (2) modeling them as a sequence-to-sequence (Seq2Seq) learning task. The experiment results show that both approaches perform comparably in intent classification, while the Seq2Seq method outperforms the sequence tagging approach in slot filling by a large margin. We perform a detailed error analysis to reveal the challenges of the proposed corpus.",
      "arxiv_id": "2101.00123"
    },
    "6": {
      "paperId": "f48ae425e2567be2d993efcaaf74c2274fc9d7c5",
      "externalIds": {
        "ArXiv": "1906.05317",
        "ACL": "P19-1470",
        "MAG": "2950339735",
        "DBLP": "journals/corr/abs-1906-05317",
        "DOI": "10.18653/v1/P19-1470",
        "CorpusId": 189762527
      },
      "title": "COMET: Commonsense Transformers for Automatic Knowledge Graph Construction",
      "year": 2019,
      "abstract": "We present the first comprehensive study on automatic knowledge base construction for two prevalent commonsense knowledge graphs: ATOMIC (Sap et al., 2019) and ConceptNet (Speer et al., 2017). Contrary to many conventional KBs that store knowledge with canonical templates, commonsense KBs only store loosely structured open-text descriptions of knowledge. We posit that an important step toward automatic commonsense completion is the development of generative models of commonsense knowledge, and propose COMmonsEnse Transformers (COMET) that learn to generate rich and diverse commonsense descriptions in natural language. Despite the challenges of commonsense modeling, our investigation reveals promising results when implicit knowledge from deep pre-trained language models is transferred to generate explicit knowledge in commonsense knowledge graphs. Empirical results demonstrate that COMET is able to generate novel knowledge that humans rate as high quality, with up to 77.5% (ATOMIC) and 91.7% (ConceptNet) precision at top 1, which approaches human performance for these resources. Our findings suggest that using generative commonsense models for automatic commonsense KB completion could soon be a plausible alternative to extractive methods.",
      "arxiv_id": "1906.05317"
    },
    "7": {
      "paperId": "b28df36008ad6f6c797c13e5f28caa813dc1cd59",
      "externalIds": {
        "ArXiv": "2203.08308",
        "DBLP": "conf/acl/HuangHNCP22",
        "ACL": "2022.acl-long.317",
        "DOI": "10.48550/arXiv.2203.08308",
        "CorpusId": 247238576
      },
      "title": "Multilingual Generative Language Models for Zero-Shot Cross-Lingual Event Argument Extraction",
      "year": 2022,
      "abstract": "We present a study on leveraging multilingual pre-trained generative language models for zero-shot cross-lingual event argument extraction (EAE). By formulating EAE as a language generation task, our method effectively encodes event structures and captures the dependencies between arguments. We design language-agnostic templates to represent the event argument structures, which are compatible with any language, hence facilitating the cross-lingual transfer. Our proposed model finetunes multilingual pre-trained generative language models to generate sentences that fill in the language-agnostic template with arguments extracted from the input passage. The model is trained on source languages and is then directly applied to target languages for event argument extraction. Experiments demonstrate that the proposed model outperforms the current state-of-the-art models on zero-shot cross-lingual EAE. Comprehensive studies and error analyses are presented to better understand the advantages and the current limitations of using generative language models for zero-shot cross-lingual transfer EAE.",
      "arxiv_id": "2203.08308"
    },
    "8": {
      "paperId": "bd21e04ad2e4a7f816796388ff80374d272df596",
      "externalIds": {
        "ACL": "2022.findings-acl.292",
        "ArXiv": "2202.13404",
        "DBLP": "journals/corr/abs-2202-13404",
        "DOI": "10.18653/v1/2022.findings-acl.292",
        "CorpusId": 247158648
      },
      "title": "Improving Candidate Retrieval with Entity Profile Generation for Wikidata Entity Linking",
      "year": 2022,
      "abstract": "Entity linking (EL) is the task of linking entity mentions in a document to referent entities in a knowledge base (KB). Many previous studies focus on Wikipedia-derived KBs. There is little work on EL over Wikidata, even though it is the most extensive crowdsourced KB. The scale of Wikidata can open up many new real-world applications, but its massive number of entities also makes EL challenging. To effectively narrow down the search space, we propose a novel candidate retrieval paradigm based on entity profiling. Wikidata entities and their textual fields are first indexed into a text search engine (e.g., Elasticsearch). During inference, given a mention and its context, we use a sequence-to-sequence (seq2seq) model to generate the profile of the target entity, which consists of its title and description. We use the profile to query the indexed search engine to retrieve candidate entities. Our approach complements the traditional approach of using a Wikipedia anchor-text dictionary, enabling us to further design a highly effective hybrid method for candidate retrieval. Combined with a simple cross-attention reranker, our complete EL framework achieves state-of-the-art results on three Wikidata-based datasets and strong performance on TACKBP-2010.",
      "arxiv_id": "2202.13404"
    },
    "9": {
      "paperId": "edd402437267d2610ba500f643e5b4b80a51e13a",
      "externalIds": {
        "ACL": "2022.acl-long.358",
        "ArXiv": "2205.06166",
        "DBLP": "conf/acl/LiuHSW22",
        "DOI": "10.18653/v1/2022.acl-long.358",
        "CorpusId": 248721950
      },
      "title": "Dynamic Prefix-Tuning for Generative Template-based Event Extraction",
      "year": 2022,
      "abstract": "We consider event extraction in a generative manner with template-based conditional generation.Although there is a rising trend of casting the task of event extraction as a sequence generation problem with prompts, these generation-based methods have two significant challenges, including using suboptimal prompts and static event type information.In this paper, we propose a generative template-based event extraction method with dynamic prefix (GTEE-DynPref) by integrating context information with type-specific prefixes to learn a context-specific prefix for each context.Experimental results show that our model achieves competitive results with the state-of-the-art classification-based model OneIE on ACE 2005 and achieves the best performances on ERE.Additionally, our model is proven to be portable to new types of events effectively.",
      "arxiv_id": "2205.06166"
    },
    "10": {
      "paperId": "416fcbf760e41857b7530826a8803c34de2ab077",
      "externalIds": {
        "ACL": "P18-1047",
        "DBLP": "conf/acl/LiuZZHZ18",
        "MAG": "2798734500",
        "DOI": "10.18653/v1/P18-1047",
        "CorpusId": 51870827
      },
      "title": "Extracting Relational Facts by an End-to-End Neural Model with Copy Mechanism",
      "year": 2018,
      "abstract": "The relational facts in sentences are often complicated. Different relational triplets may have overlaps in a sentence. We divided the sentences into three types according to triplet overlap degree, including Normal, EntityPairOverlap and SingleEntiyOverlap. Existing methods mainly focus on Normal class and fail to extract relational triplets precisely. In this paper, we propose an end-to-end model based on sequence-to-sequence learning with copy mechanism, which can jointly extract relational facts from sentences of any of these classes. We adopt two different strategies in decoding process: employing only one united decoder or applying multiple separated decoders. We test our models in two public datasets and our model outperform the baseline method significantly.",
      "arxiv_id": null
    },
    "11": {
      "paperId": "aae9475f1eb9e0a00490b3bd6bf298998508459e",
      "externalIds": {
        "DBLP": "conf/acl/MaLWXW19",
        "MAG": "2950601686",
        "ACL": "P19-1344",
        "DOI": "10.18653/v1/P19-1344",
        "CorpusId": 196177821
      },
      "title": "Exploring Sequence-to-Sequence Learning in Aspect Term Extraction",
      "year": 2019,
      "abstract": "Aspect term extraction (ATE) aims at identifying all aspect terms in a sentence and is usually modeled as a sequence labeling problem. However, sequence labeling based methods cannot make full use of the overall meaning of the whole sentence and have the limitation in processing dependencies between labels. To tackle these problems, we first explore to formalize ATE as a sequence-to-sequence (Seq2Seq) learning task where the source sequence and target sequence are composed of words and labels respectively. At the same time, to make Seq2Seq learning suit to ATE where labels correspond to words one by one, we design the gated unit networks to incorporate corresponding word representation into the decoder, and position-aware attention to pay more attention to the adjacent words of a target word. The experimental results on two datasets show that Seq2Seq learning is effective in ATE accompanied with our proposed gated unit networks and position-aware attention mechanism.",
      "arxiv_id": null
    },
    "12": {
      "paperId": "3fbe7f9a0ca640c915d1b4e2cca6e49a15ad710a",
      "externalIds": {
        "ArXiv": "2202.12109",
        "DBLP": "conf/acl/MaW0LCWS22",
        "ACL": "2022.acl-long.466",
        "DOI": "10.18653/v1/2022.acl-long.466",
        "CorpusId": 247084444
      },
      "title": "Prompt for Extraction? PAIE: Prompting Argument Interaction for Event Argument Extraction",
      "year": 2022,
      "abstract": "In this paper, we propose an effective yet efficient model PAIE for both sentence-level and document-level Event Argument Extraction (EAE), which also generalizes well when there is a lack of training data. On the one hand, PAIE utilizes prompt tuning for extractive objectives to take the best advantages of Pre-trained Language Models (PLMs). It introduces two span selectors based on the prompt to select start/end tokens among input texts for each role. On the other hand, it captures argument interactions via multi-role prompts and conducts joint optimization with optimal span assignments via a bipartite matching loss. Also, with a flexible prompt design, PAIE can extract multiple arguments with the same role instead of conventional heuristic threshold tuning. We have conducted extensive experiments on three benchmarks, including both sentence- and document-level EAE. The results present promising improvements from PAIE (3.5% and 2.3% F1 gains in average on three benchmarks, for PAIE-base and PAIE-large respectively). Further analysis demonstrates the efficiency, generalization to few-shot settings, and effectiveness of different extractive prompt tuning strategies. Our code is available at https://github.com/mayubo2333/PAIE.",
      "arxiv_id": "2202.12109"
    },
    "13": {
      "paperId": "77ee8a42b007ce1fa22718647298f496ef0ac499",
      "externalIds": {
        "DBLP": "journals/corr/abs-2106-15838",
        "ACL": "2021.findings-acl.356",
        "ArXiv": "2106.15838",
        "DOI": "10.18653/v1/2021.findings-acl.356",
        "CorpusId": 235683036
      },
      "title": "HySPA: Hybrid Span Generation for Scalable Text-to-Graph Extraction",
      "year": 2021,
      "abstract": "Text-to-Graph extraction aims to automatically extract information graphs consisting of mentions and types from natural language texts. Existing approaches, such as table filling and pairwise scoring, have shown impressive performance on various information extraction tasks, but they are difficult to scale to datasets with longer input texts because of their second-order space/time complexities with respect to the input length. In this work, we propose a Hybrid Span Generator (HySPA) that invertibly maps the information graph to an alternating sequence of nodes and edge types, and directly generates such sequences via a hybrid span decoder which can decode both the spans and the types recurrently in linear time and space complexities. Extensive experiments on the ACE05 dataset show that our approach also significantly outperforms state-of-the-art on the joint entity and relation extraction task.",
      "arxiv_id": "2106.15838"
    },
    "14": {
      "paperId": "0907f2fe9d8305976a539877ef2b48b553e4fb63",
      "externalIds": {
        "ArXiv": "2204.04813",
        "DBLP": "journals/corr/abs-2204-04813",
        "ACL": "2022.acl-long.85",
        "DOI": "10.48550/arXiv.2204.04813",
        "CorpusId": 248084939
      },
      "title": "Explanation Graph Generation via Pre-trained Language Models: An Empirical Study with Contrastive Learning",
      "year": 2022,
      "abstract": "Pre-trained sequence-to-sequence language models have led to widespread success in many natural language generation tasks. However, there has been relatively less work on analyzing their ability to generate structured outputs such as graphs. Unlike natural language, graphs have distinct structural and semantic properties in the context of a downstream NLP task, e.g., generating a graph that is connected and acyclic can be attributed to its structural constraints, while the semantics of a graph can refer to how meaningfully an edge represents the relation between two node concepts. In this work, we study pre-trained language models that generate explanation graphs in an end-to-end manner and analyze their ability to learn the structural constraints and semantics of such graphs. We first show that with limited supervision, pre-trained language models often generate graphs that either violate these constraints or are semantically incoherent. Since curating large amount of human-annotated graphs is expensive and tedious, we propose simple yet effective ways of graph perturbations via node and edge edit operations that lead to structurally and semantically positive and negative graphs. Next, we leverage these graphs in different contrastive learning models with Max-Margin and InfoNCE losses. Our methods lead to significant improvements in both structural and semantic accuracy of explanation graphs and also generalize to other similar graph generation tasks. Lastly, we show that human errors are the best negatives for contrastive learning and also that automatically generating more such human-like negative graphs can lead to further improvements.",
      "arxiv_id": "2204.04813"
    },
    "15": {
      "paperId": "6d40db49cec2a543e01a4ef651f053ae935274fc",
      "externalIds": {
        "DBLP": "conf/acl/SaxenaKG22",
        "ArXiv": "2203.10321",
        "ACL": "2022.acl-long.201",
        "DOI": "10.48550/arXiv.2203.10321",
        "CorpusId": 247595094
      },
      "title": "Sequence-to-Sequence Knowledge Graph Completion and Question Answering",
      "year": 2022,
      "abstract": "Knowledge graph embedding (KGE) models represent each entity and relation of a knowledge graph (KG) with low-dimensional embedding vectors. These methods have recently been applied to KG link prediction and question answering over incomplete KGs (KGQA). KGEs typically create an embedding for each entity in the graph, which results in large model sizes on real-world graphs with millions of entities. For downstream tasks these atomic entity representations often need to be integrated into a multi stage pipeline, limiting their utility. We show that an off-the-shelf encoder-decoder Transformer model can serve as a scalable and versatile KGE model obtaining state-of-the-art results for KG link prediction and incomplete KG question answering. We achieve this by posing KG link prediction as a sequence-to-sequence task and exchange the triple scoring approach taken by prior KGE methods with autoregressive decoding. Such a simple but powerful method reduces the model size up to 98% compared to conventional KGE models while keeping inference time tractable. After finetuning this model on the task of KGQA over incomplete KGs, our approach outperforms baselines on multiple large-scale datasets without extensive hyperparameter tuning.",
      "arxiv_id": null
    },
    "16": {
      "paperId": "806f13809ea4293ff5505b5af66909cb2284ab48",
      "externalIds": {
        "DBLP": "journals/corr/abs-1908-06926",
        "MAG": "2952594430",
        "ArXiv": "1908.06926",
        "ACL": "P19-1527",
        "DOI": "10.18653/v1/P19-1527",
        "CorpusId": 196184679
      },
      "title": "Neural Architectures for Nested NER through Linearization",
      "year": 2019,
      "abstract": "We propose two neural network architectures for nested named entity recognition (NER), a setting in which named entities may overlap and also be labeled with more than one label. We encode the nested labels using a linearized scheme. In our first proposed approach, the nested labels are modeled as multilabels corresponding to the Cartesian product of the nested labels in a standard LSTM-CRF architecture. In the second one, the nested NER is viewed as a sequence-to-sequence problem, in which the input sequence consists of the tokens and output sequence of the labels, using hard attention on the word whose label is being predicted. The proposed methods outperform the nested NER state of the art on four corpora: ACE-2004, ACE-2005, GENIA and Czech CNEC. We also enrich our architectures with the recently published contextual embeddings: ELMo, BERT and Flair, reaching further improvements for the four nested entity corpora. In addition, we report flat NER state-of-the-art results for CoNLL-2002 Dutch and Spanish and for CoNLL-2003 English.",
      "arxiv_id": "1908.06926"
    },
    "17": {
      "paperId": "2f291b0b59483e9c3c4a3391f34e6b29aff848a1",
      "externalIds": {
        "DBLP": "conf/acl/WangLCH0S22",
        "ArXiv": "2205.10475",
        "ACL": "2022.findings-acl.67",
        "DOI": "10.48550/arXiv.2205.10475",
        "CorpusId": 248779865
      },
      "title": "DeepStruct: Pretraining of Language Models for Structure Prediction",
      "year": 2022,
      "abstract": "We introduce a method for improving the structural understanding abilities of language models. Unlike previous approaches that finetune the models with task-specific augmentation, we pretrain language models to generate structures from the text on a collection of task-agnostic corpora. Our structure pretraining enables zero-shot transfer of the learned knowledge that models have about the structure tasks. We study the performance of this approach on 28 datasets, spanning 10 structure prediction tasks including open information extraction, joint entity and relation extraction, named entity recognition, relation classification, semantic role labeling, event extraction, coreference resolution, factual probe, intent detection, and dialogue state tracking. We further enhance the pretraining with the task-specific training sets. We show that a 10B parameter language model transfers non-trivially to most tasks and obtains state-of-the-art performance on 21 of 28 datasets that we evaluate. Our code and datasets will be made publicly available.",
      "arxiv_id": null
    },
    "18": {
      "paperId": "968820dfae97f80b63674fd76cd7d82332498708",
      "externalIds": {
        "ACL": "2021.acl-long.188",
        "DBLP": "conf/acl/YanDJQ020",
        "ArXiv": "2106.04300",
        "DOI": "10.18653/v1/2021.acl-long.188",
        "CorpusId": 235367681
      },
      "title": "A Unified Generative Framework for Aspect-based Sentiment Analysis",
      "year": 2021,
      "abstract": "Aspect-based Sentiment Analysis (ABSA) aims to identify the aspect terms, their corresponding sentiment polarities, and the opinion terms. There exist seven subtasks in ABSA. Most studies only focus on the subsets of these subtasks, which leads to various complicated ABSA models while hard to solve these subtasks in a unified framework. In this paper, we redefine every subtask target as a sequence mixed by pointer indexes and sentiment class indexes, which converts all ABSA subtasks into a unified generative formulation. Based on the unified formulation, we exploit the pre-training sequence-to-sequence model BART to solve all ABSA subtasks in an end-to-end framework. Extensive experiments on four ABSA datasets for seven subtasks demonstrate that our framework achieves substantial performance gain and provides a real unified end-to-end solution for the whole ABSA subtasks, which could benefit multiple tasks.",
      "arxiv_id": "2106.04300"
    },
    "19": {
      "paperId": "c09ff6965322ece56bce383266c75159234f59c4",
      "externalIds": {
        "DBLP": "conf/acl/YanGDGZQ20",
        "ACL": "2021.acl-long.451",
        "ArXiv": "2106.01223",
        "DOI": "10.18653/v1/2021.acl-long.451",
        "CorpusId": 235294002
      },
      "title": "A Unified Generative Framework for Various NER Subtasks",
      "year": 2021,
      "abstract": "Named Entity Recognition (NER) is the task of identifying spans that represent entities in sentences. Whether the entity spans are nested or discontinuous, the NER task can be categorized into the flat NER, nested NER, and discontinuous NER subtasks. These subtasks have been mainly solved by the token-level sequence labelling or span-level classification. However, these solutions can hardly tackle the three kinds of NER subtasks concurrently. To that end, we propose to formulate the NER subtasks as an entity span sequence generation task, which can be solved by a unified sequence-to-sequence (Seq2Seq) framework. Based on our unified framework, we can leverage the pre-trained Seq2Seq model to solve all three kinds of NER subtasks without the special design of the tagging schema or ways to enumerate spans. We exploit three types of entity representations to linearize entities into a sequence. Our proposed framework is easy-to-implement and achieves state-of-the-art (SoTA) or near SoTA performance on eight English NER datasets, including two flat NER datasets, three nested NER datasets, and three discontinuous NER datasets.",
      "arxiv_id": "2106.01223"
    },
    "20": {
      "paperId": "cfca8cebe32913ac48af8fc19655a6f1fef49b04",
      "externalIds": {
        "ACL": "2022.acl-long.59",
        "DBLP": "conf/acl/Zhang0TW022",
        "DOI": "10.18653/v1/2022.acl-long.59",
        "CorpusId": 248780034
      },
      "title": "De-Bias for Generative Extraction in Unified NER Task",
      "year": 2022,
      "abstract": "Named entity recognition (NER) is a fundamental task to recognize specific types of entities from a given sentence. Depending on how the entities appear in the sentence, it can be divided into three subtasks, namely, Flat NER, Nested NER, and Discontinuous NER. Among the existing approaches, only the generative model can be uniformly adapted to these three subtasks. However, when the generative model is applied to NER, its optimization objective is not consistent with the task, which makes the model vulnerable to the incorrect biases. In this paper, we analyze the incorrect biases in the generation process from a causality perspective and attribute them to two confounders: pre-context confounder and entity-order confounder. Furthermore, we design Intra- and Inter-entity Deconfounding Data Augmentation methods to eliminate the above confounders according to the theory of backdoor adjustment. Experiments show that our method can improve the performance of the generative NER model in various datasets.",
      "arxiv_id": null
    },
    "21": {
      "paperId": "52bea123acbbefac6ebb3b40b6482465845ef014",
      "externalIds": {
        "DBLP": "journals/corr/abs-2203-02225",
        "ACL": "2022.acl-long.183",
        "ArXiv": "2203.02225",
        "DOI": "10.48550/arXiv.2203.02225",
        "CorpusId": 247244544
      },
      "title": "ClarET: Pre-training a Correlation-Aware Context-To-Event Transformer for Event-Centric Generation and Classification",
      "year": 2022,
      "abstract": "Generating new events given context with correlated ones plays a crucial role in many event-centric reasoning tasks. Existing works either limit their scope to specific scenarios or overlook event-level correlations. In this paper, we propose to pre-train a general Correlation-aware context-to-Event Transformer (ClarET) for event-centric reasoning. To achieve this, we propose three novel event-centric objectives, i.e., whole event recovering, contrastive event-correlation encoding and prompt-based event locating, which highlight event-level correlations with effective training. The proposed ClarET is applicable to a wide range of event-centric reasoning scenarios, considering its versatility of (i) event-correlation types (e.g., causal, temporal, contrast), (ii) application formulations (i.e., generation and classification), and (iii) reasoning types (e.g., abductive, counterfactual and ending reasoning). Empirical fine-tuning results, as well as zero- and few-shot learning, on 9 benchmarks (5 generation and 4 classification tasks covering 4 reasoning types with diverse event correlations), verify its effectiveness and generalization ability.",
      "arxiv_id": "2203.02225"
    },
    "22": {
      "paperId": "cb27c931ded5d41d991916b6cb7ce74cf2ee53f6",
      "externalIds": {
        "ACL": "2022.bionlp-1.2",
        "ArXiv": "2204.01098",
        "DBLP": "conf/bionlp/GiorgiBW22",
        "DOI": "10.48550/arXiv.2204.01098",
        "CorpusId": 247939302
      },
      "title": "A sequence-to-sequence approach for document-level relation extraction",
      "year": 2022,
      "abstract": "Motivated by the fact that many relations cross the sentence boundary, there has been increasing interest in document-level relation extraction (DocRE). DocRE requires integrating information within and across sentences, capturing complex interactions between mentions of entities. Most existing methods are pipeline-based, requiring entities as input. However, jointly learning to extract entities and relations can improve performance and be more efficient due to shared parameters and training steps. In this paper, we develop a sequence-to-sequence approach, seq2rel, that can learn the subtasks of DocRE (entity extraction, coreference resolution and relation extraction) end-to-end, replacing a pipeline of task-specific components. Using a simple strategy we call entity hinting, we compare our approach to existing pipeline-based methods on several popular biomedical datasets, in some cases exceeding their performance. We also report the first end-to-end results on these datasets for future comparison. Finally, we demonstrate that, under our model, an end-to-end approach outperforms a pipeline-based approach. Our code, data and trained models are available at https://github.com/johngiorgi/seq2rel. An online demo is available at https://share.streamlit.io/johngiorgi/seq2rel/main/demo.py.",
      "arxiv_id": null
    },
    "23": {
      "paperId": "5401296cb8594a0e0c7a90387b5738e63b86d903",
      "externalIds": {
        "DBLP": "journals/corr/abs-2209-07299",
        "ArXiv": "2209.07299",
        "ACL": "2022.coling-1.352",
        "DOI": "10.48550/arXiv.2209.07299",
        "CorpusId": 252284039
      },
      "title": "Knowledge Is Flat: A Seq2Seq Generative Framework for Various Knowledge Graph Completion",
      "year": 2022,
      "abstract": "Knowledge Graph Completion (KGC) has been recently extended to multiple knowledge graph (KG) structures, initiating new research directions, e.g. static KGC, temporal KGC and few-shot KGC. Previous works often design KGC models closely coupled with specific graph structures, which inevitably results in two drawbacks: 1) structure-specific KGC models are mutually incompatible; 2) existing KGC methods are not adaptable to emerging KGs. In this paper, we propose KG-S2S, a Seq2Seq generative framework that could tackle different verbalizable graph structures by unifying the representation of KG facts into \u201cflat\u201d text, regardless of their original form. To remedy the KG structure information loss from the \u201cflat\u201d text, we further improve the input representations of entities and relations, and the inference algorithm in KG-S2S. Experiments on five benchmarks show that KG-S2S outperforms many competitive baselines, setting new state-of-the-art performance. Finally, we analyze KG-S2S\u2019s ability on the different relations and the Non-entity Generations.",
      "arxiv_id": null
    },
    "24": {
      "paperId": "eb54c33b170782eb3c16f206a263abfc551b9c51",
      "externalIds": {
        "ACL": "2021.eacl-main.52",
        "DBLP": "conf/eacl/DuRC21",
        "DOI": "10.18653/v1/2021.eacl-main.52",
        "CorpusId": 231728756
      },
      "title": "GRIT: Generative Role-filler Transformers for Document-level Event Entity Extraction",
      "year": 2021,
      "abstract": "We revisit the classic problem of document-level role-filler entity extraction (REE) for template filling. We argue that sentence-level approaches are ill-suited to the task and introduce a generative transformer-based encoder-decoder framework (GRIT) that is designed to model context at the document level: it can make extraction decisions across sentence boundaries; is implicitly aware of noun phrase coreference structure, and has the capacity to respect cross-role dependencies in the template structure. We evaluate our approach on the MUC-4 dataset, and show that our model performs substantially better than prior work. We also show that our modeling choices contribute to model performance, e.g., by implicitly capturing linguistic knowledge such as recognizing coreferent entity mentions.",
      "arxiv_id": null
    },
    "25": {
      "paperId": "15f002dde348b82817fa2a59e7ed56e6e3ec6972",
      "externalIds": {
        "DBLP": "conf/emnlp/AthiwaratkunSKX20",
        "MAG": "3106340866",
        "ArXiv": "2009.13272",
        "ACL": "2020.emnlp-main.27",
        "DOI": "10.18653/v1/2020.emnlp-main.27",
        "CorpusId": 221970235
      },
      "title": "Augmented Natural Language for Generative Sequence Labeling",
      "year": 2020,
      "abstract": "We propose a generative framework for joint sequence labeling and sentence-level classification. Our model performs multiple sequence labeling tasks at once using a single, shared natural language output space. Unlike prior discriminative methods, our model naturally incorporates label semantics and shares knowledge across tasks. Our framework is general purpose, performing well on few-shot, low-resource, and high-resource tasks. We demonstrate these advantages on popular named entity recognition, slot labeling, and intent classification benchmarks. We set a new state-of-the-art for few-shot slot labeling, improving substantially upon the previous 5-shot ($75.0\\% \\rightarrow 90.9\\%$) and 1-shot ($70.4\\% \\rightarrow 81.0\\%$) state-of-the-art results. Furthermore, our model generates large improvements ($46.27\\% \\rightarrow 63.83\\%$) in low-resource slot labeling over a BERT baseline by incorporating label semantics. We also maintain competitive results on high-resource tasks, performing within two points of the state-of-the-art on all tasks and setting a new state-of-the-art on the SNIPS dataset.",
      "arxiv_id": "2009.13272"
    },
    "26": {
      "paperId": "6f7e3a6ecc8464b9edb54b863b8a745d3b4b5766",
      "externalIds": {
        "DBLP": "journals/corr/abs-2109-04901",
        "ACL": "2021.emnlp-main.426",
        "ArXiv": "2109.04901",
        "DOI": "10.18653/v1/2021.emnlp-main.426",
        "CorpusId": 237485215
      },
      "title": "Document-level Entity-based Extraction as Template Generation",
      "year": 2021,
      "abstract": "Document-level entity-based extraction (EE), aiming at extracting entity-centric information such as entity roles and entity relations, is key to automatic knowledge acquisition from text corpora for various domains. Most document-level EE systems build extractive models, which struggle to model long-term dependencies among entities at the document level. To address this issue, we propose a generative framework for two document-level EE tasks: role-filler entity extraction (REE) and relation extraction (RE). We first formulate them as a template generation problem, allowing models to efficiently capture cross-entity dependencies, exploit label semantics, and avoid the exponential computation complexity of identifying N-ary relations. A novel cross-attention guided copy mechanism, TopK Copy, is incorporated into a pre-trained sequence-to-sequence model to enhance the capabilities of identifying key information in the input document. Experiments done on the MUC-4 and SciREX dataset show new state-of-the-art results on REE (+3.26%), binary RE (+4.8%), and 4-ary RE (+2.7%) in F1 score.",
      "arxiv_id": "2109.04901"
    },
    "27": {
      "paperId": "945058efb3bbcf071f3b7cce8d5e9dd0b6348098",
      "externalIds": {
        "DBLP": "conf/emnlp/ZengHZLLZ19",
        "MAG": "2970183140",
        "ACL": "D19-1035",
        "DOI": "10.18653/v1/D19-1035",
        "CorpusId": 202786066
      },
      "title": "Learning the Extraction Order of Multiple Relational Facts in a Sentence with Reinforcement Learning",
      "year": 2019,
      "abstract": "The multiple relation extraction task tries to extract all relational facts from a sentence. Existing works didn\u2019t consider the extraction order of relational facts in a sentence. In this paper we argue that the extraction order is important in this task. To take the extraction order into consideration, we apply the reinforcement learning into a sequence-to-sequence model. The proposed model could generate relational facts freely. Widely conducted experiments on two public datasets demonstrate the efficacy of the proposed method.",
      "arxiv_id": null
    },
    "28": {
      "paperId": "572c12e81319ccd47cc0c637c82efadd03fd05ab",
      "externalIds": {
        "ArXiv": "2010.00904",
        "MAG": "3091432621",
        "DBLP": "journals/corr/abs-2010-00904",
        "CorpusId": 222125277
      },
      "title": "Autoregressive Entity Retrieval",
      "year": 2020,
      "abstract": "Entities are at the center of how we represent and aggregate knowledge. For instance, Encyclopedias such as Wikipedia are structured by entities (e.g., one per article). The ability to retrieve such entities given a query is fundamental for knowledge-intensive tasks such as entity linking and open-domain question answering. One way to understand current approaches is as classifiers among atomic labels, one for each entity. Their weight vectors are dense entity representations produced by encoding entity information such as descriptions. This approach leads to several shortcomings: i) context and entity affinity is mainly captured through a vector dot product, potentially missing fine-grained interactions between the two; ii) a large memory footprint is needed to store dense representations when considering large entity sets; iii) an appropriately hard set of negative data has to be subsampled at training time. We propose GENRE, the first system that retrieves entities by generating their unique names, left to right, token-by-token in an autoregressive fashion, and conditioned on the context. This enables to mitigate the aforementioned technical issues: i) the autoregressive formulation allows us to directly capture relations between context and entity name, effectively cross encoding both; ii) the memory footprint is greatly reduced because the parameters of our encoder-decoder architecture scale with vocabulary size, not entity count; iii) the exact softmax loss can be efficiently computed without the need to subsample negative data. We show the efficacy of the approach with more than 20 datasets on entity disambiguation, end-to-end entity linking and document retrieval tasks, achieving new SOTA, or very competitive results while using a tiny fraction of the memory of competing systems. Finally, we demonstrate that new entities can be added by simply specifying their unambiguous name.",
      "arxiv_id": "2010.00904"
    },
    "29": {
      "paperId": "1cb3f6d545b68db3e7fc6055dcf44099c3ac4672",
      "externalIds": {
        "ArXiv": "2101.05779",
        "DBLP": "conf/iclr/PaoliniAKMAASXS21",
        "CorpusId": 231602921
      },
      "title": "Structured Prediction as Translation between Augmented Natural Languages",
      "year": 2021,
      "abstract": "We propose a new framework, Translation between Augmented Natural Languages (TANL), to solve many structured prediction language tasks including joint entity and relation extraction, nested named entity recognition, relation classification, semantic role labeling, event extraction, coreference resolution, and dialogue state tracking. Instead of tackling the problem by training task-specific discriminative classifiers, we frame it as a translation task between augmented natural languages, from which the task-relevant information can be easily extracted. Our approach can match or outperform task-specific models on all tasks, and in particular, achieves new state-of-the-art results on joint entity and relation extraction (CoNLL04, ADE, NYT, and ACE2005 datasets), relation classification (FewRel and TACRED), and semantic role labeling (CoNLL-2005 and CoNLL-2012). We accomplish this while using the same architecture and hyperparameters for all tasks and even when training a single model to solve all tasks at the same time (multi-task learning). Finally, we show that our framework can also significantly improve the performance in a low-resource regime, thanks to better use of label semantics.",
      "arxiv_id": null
    },
    "30": {
      "paperId": "e9b3fed266dff06d44be861cce8bd9c247b7d42a",
      "externalIds": {
        "MAG": "3170137603",
        "DBLP": "conf/naacl/DuRC21",
        "ACL": "2021.naacl-main.70",
        "DOI": "10.18653/V1/2021.NAACL-MAIN.70",
        "CorpusId": 235097664
      },
      "title": "Template Filling with Generative Transformers",
      "year": 2021,
      "abstract": "Template filling is generally tackled by a pipeline of two separate supervised systems \u2013 one for role-filler extraction and another for template/event recognition. Since pipelines consider events in isolation, they can suffer from error propagation. We introduce a framework based on end-to-end generative transformers for this task (i.e., GTT). It naturally models the dependence between entities both within a single event and across the multiple events described in a document. Experiments demonstrate that this framework substantially outperforms pipeline-based approaches, and other neural end-to-end baselines that do not model between-event dependencies. We further show that our framework specifically improves performance on documents containing multiple events.",
      "arxiv_id": null
    },
    "31": {
      "paperId": "2a15f541a8216782a7579f01f56762448e48b582",
      "externalIds": {
        "MAG": "3170759063",
        "ArXiv": "2104.05919",
        "ACL": "2021.naacl-main.69",
        "DBLP": "conf/naacl/LiJH21",
        "DOI": "10.18653/V1/2021.NAACL-MAIN.69",
        "CorpusId": 233219850
      },
      "title": "Document-Level Event Argument Extraction by Conditional Generation",
      "year": 2021,
      "abstract": "Event extraction has long been treated as a sentence-level task in the IE community. We argue that this setting does not match human informative seeking behavior and leads to incomplete and uninformative extraction results. We propose a document-level neural event argument extraction model by formulating the task as conditional generation following event templates. We also compile a new document-level event extraction benchmark dataset WikiEvents which includes complete event and coreference annotation. On the task of argument extraction, we achieve an absolute gain of 7.6% F1 and 5.7% F1 over the next best model on the RAMS and WikiEvents dataset respectively. On the more challenging task of informative argument extraction, which requires implicit coreference reasoning, we achieve a 9.3% F1 gain over the best baseline. To demonstrate the portability of our model, we also create the first end-to-end zero-shot event extraction framework and achieve 97% of fully supervised model\u2019s trigger extraction performance and 82% of the argument extraction performance given only access to 10 out of the 33 types on ACE.",
      "arxiv_id": "2104.05919"
    },
    "32": {
      "paperId": "5f05a83cd1ff25a541fd7d25bc8c0efcc2f31696",
      "externalIds": {
        "MAG": "3003813211",
        "DBLP": "conf/www/RongaliSMH20",
        "ArXiv": "2001.11458",
        "DOI": "10.1145/3366423.3380064",
        "CorpusId": 210966220
      },
      "title": "Don\u2019t Parse, Generate! A Sequence to Sequence Architecture for Task-Oriented Semantic Parsing",
      "year": 2020,
      "abstract": "Virtual assistants such as Amazon Alexa, Apple Siri, and Google Assistant often rely on a semantic parsing component to understand which action(s) to execute for an utterance spoken by its users. Traditionally, rule-based or statistical slot-filling systems have been used to parse \u201csimple\u201d queries; that is, queries that contain a single action and can be decomposed into a set of non-overlapping entities. More recently, shift-reduce parsers have been proposed to process more complex utterances. These methods, while powerful, impose specific limitations on the type of queries that can be parsed; namely, they require a query to be representable as a parse tree. In this work, we propose a unified architecture based on Sequence to Sequence models and Pointer Generator Network to handle both simple and complex queries. Unlike other works, our approach does not impose any restriction on the semantic parse schema. Furthermore, experiments show that it achieves state of the art performance on three publicly available datasets (ATIS, SNIPS, Facebook TOP), relatively improving between 3.3% and 7.7% in exact match accuracy over previous systems. Finally, we show the effectiveness of our approach on two internal datasets.",
      "arxiv_id": "2001.11458"
    },
    "33": {
      "paperId": "da715e318e1f8a98da7a902483cf303d45b67c9f",
      "externalIds": {
        "DBLP": "journals/corr/abs-2108-12724",
        "CorpusId": 237353175
      },
      "title": "Event Extraction as Natural Language Generation",
      "year": 2021,
      "abstract": "Event extraction (EE), the task that identi\ufb01es event triggers and their arguments in text, is usually formulated as a classi\ufb01cation or structured prediction problem. Such models usually reduce labels to numeric identi\ufb01ers, making them unable to take advantage of label semantics (e.g. an event type named A RREST is related to words like arrest , detain , or appre-hend ). This prevents the generalization to new event types. In this work, we formulate EE as a natural language generation task and pro-pose G EN EE, a model that not only captures complex dependencies within an event but also generalizes well to unseen or rare event types. Given a passage and an event type, G EN EE is trained to generate a natural sentence following a prede\ufb01ned template for that event type. The generated output is then decoded into trigger and argument predictions. The autoregressive generation process naturally models the dependencies among the predictions \u2014 each new word predicted depends on those already generated in the output sentence. Using carefully designed input prompts during generation, G EN EE is able to capture label semantics, which enables the generalization to new event types. Empirical results show that our model achieves strong performance on event extraction tasks under all zero-shot, few-shot, and high-resource scenarios. Especially, in the high-resource setting, G EN EE outperforms the state-of-the-art model on argument extraction and gets competitive results with the current best on end-to-end EE tasks.",
      "arxiv_id": null
    },
    "34": {
      "paperId": "412bc1caf92614838749dcfce104776a36fdb7d7",
      "externalIds": {
        "ArXiv": "2201.06206",
        "ACL": "2022.emnlp-main.107",
        "DBLP": "conf/emnlp/BaiLL0QDX22",
        "DOI": "10.18653/v1/2022.emnlp-main.107",
        "CorpusId": 246015914
      },
      "title": "SQUIRE: A Sequence-to-sequence Framework for Multi-hop Knowledge Graph Reasoning",
      "year": 2022,
      "abstract": "Multi-hop knowledge graph (KG) reasoning has been widely studied in recent years to provide interpretable predictions on missing links with evidential paths. Most previous works use reinforcement learning (RL) based methods that learn to navigate the path towards the target entity. However, these methods suffer from slow and poor convergence, and they may fail to infer a certain path when there is a missing edge along the path. Here we present SQUIRE, the first Sequence-to-sequence based multi-hop reasoning framework, which utilizes an encoder-decoder Transformer structure to translate the query to a path. Our framework brings about two benefits: (1) It can learn and predict in an end-to-end fashion, which gives better and faster convergence; (2) Our transformer model does not rely on existing edges to generate the path, and has the flexibility to complete missing edges along the path, especially in sparse KGs. Experiments on standard and sparse KGs show that our approach yields significant improvement over prior methods, while converging 4x-7x faster.",
      "arxiv_id": "2201.06206"
    },
    "35": {
      "paperId": "03d9b59c84d648007d05fe8d50cdb20e0349b333",
      "externalIds": {
        "DBLP": "conf/www/XieZLDCXCC22",
        "ArXiv": "2202.02113",
        "DOI": "10.1145/3487553.3524238",
        "CorpusId": 246608097
      },
      "title": "From Discrimination to Generation: Knowledge Graph Completion with Generative Transformer",
      "year": 2022,
      "abstract": "Knowledge graph completion aims to address the problem of extending a KG with missing triples. In this paper, we provide an approach GenKGC, which converts knowledge graph completion to sequence-to-sequence generation task with the pre-trained language model. We further introduce relation-guided demonstration and entity-aware hierarchical decoding for better representation learning and fast inference. Experimental results on three datasets show that our approach can obtain better or comparable performance than baselines and achieve faster inference speed compared with previous methods with pre-trained language models. We also release a new large-scale Chinese knowledge graph dataset OpenBG500 for research purpose1.",
      "arxiv_id": "2202.02113"
    },
    "36": {
      "paperId": "4a7eeb682c1ad57cd453215140828ded7c08fc80",
      "externalIds": {
        "DBLP": "journals/taslp/ZhangYDTCHHC21",
        "DOI": "10.1109/TASLP.2021.3110126",
        "CorpusId": 238994084
      },
      "title": "Contrastive Information Extraction With Generative Transformer",
      "year": 2021,
      "abstract": "Information extraction tasks such as entity relation extraction and event extraction are of great importance for natural language processing and knowledge graph construction. In this paper, we revisit the end-to-end information extraction task for sequence generation. Since generative information extraction may struggle to capture long-term dependencies and generate unfaithful triples, we introduce a novel model, contrastive information extraction with a generative transformer. Specifically, we introduce a single shared transformer module for an encoder-decoder-based generation. To generate faithful results, we propose a novel triplet contrastive training object. Moreover, we introduce two mechanisms to further improve model performance (i.e., batch-wise dynamic attention-masking and triple-wise calibration). Experimental results on five datasets (i.e., NYT, WebNLG, MIE, ACE-2005, and MUC-4) show that our approach achieves better performance than baselines.1",
      "arxiv_id": null
    }
  },
  "papers_index": {
    "e1ea693946636c482de231b33bef959d2f1400e9": 0,
    "20033971c228a982513cd2f8fe454288de481d5f": 1,
    "b21025dedb3dfcd80be001c7eff091d83579fddf": 2,
    "5eb9dad01d9b61947d7a9aae6dfff400d20555b9": 3,
    "a0c78661e4a5278c65cefc5b4fdef669dcae7e17": 4,
    "95d48c41daf7121a4ae815fee21afa375612f57f": 5,
    "f48ae425e2567be2d993efcaaf74c2274fc9d7c5": 6,
    "b28df36008ad6f6c797c13e5f28caa813dc1cd59": 7,
    "bd21e04ad2e4a7f816796388ff80374d272df596": 8,
    "edd402437267d2610ba500f643e5b4b80a51e13a": 9,
    "416fcbf760e41857b7530826a8803c34de2ab077": 10,
    "aae9475f1eb9e0a00490b3bd6bf298998508459e": 11,
    "3fbe7f9a0ca640c915d1b4e2cca6e49a15ad710a": 12,
    "77ee8a42b007ce1fa22718647298f496ef0ac499": 13,
    "0907f2fe9d8305976a539877ef2b48b553e4fb63": 14,
    "6d40db49cec2a543e01a4ef651f053ae935274fc": 15,
    "806f13809ea4293ff5505b5af66909cb2284ab48": 16,
    "2f291b0b59483e9c3c4a3391f34e6b29aff848a1": 17,
    "968820dfae97f80b63674fd76cd7d82332498708": 18,
    "c09ff6965322ece56bce383266c75159234f59c4": 19,
    "cfca8cebe32913ac48af8fc19655a6f1fef49b04": 20,
    "52bea123acbbefac6ebb3b40b6482465845ef014": 21,
    "cb27c931ded5d41d991916b6cb7ce74cf2ee53f6": 22,
    "5401296cb8594a0e0c7a90387b5738e63b86d903": 23,
    "eb54c33b170782eb3c16f206a263abfc551b9c51": 24,
    "15f002dde348b82817fa2a59e7ed56e6e3ec6972": 25,
    "6f7e3a6ecc8464b9edb54b863b8a745d3b4b5766": 26,
    "945058efb3bbcf071f3b7cce8d5e9dd0b6348098": 27,
    "572c12e81319ccd47cc0c637c82efadd03fd05ab": 28,
    "1cb3f6d545b68db3e7fc6055dcf44099c3ac4672": 29,
    "e9b3fed266dff06d44be861cce8bd9c247b7d42a": 30,
    "2a15f541a8216782a7579f01f56762448e48b582": 31,
    "5f05a83cd1ff25a541fd7d25bc8c0efcc2f31696": 32,
    "da715e318e1f8a98da7a902483cf303d45b67c9f": 33,
    "412bc1caf92614838749dcfce104776a36fdb7d7": 34,
    "03d9b59c84d648007d05fe8d50cdb20e0349b333": 35,
    "4a7eeb682c1ad57cd453215140828ded7c08fc80": 36
  }
}