{
  "arxiv_id": "2211.03536",
  "title": "Knowledge Graph Embedding: A Survey from the Perspective of Representation Spaces",
  "taxo_tree": {
    "Knowledge Graph Embedding": {
      "Geometric Structure ": {
        "Euclidean Geometry": {
          "Cartesian Coordinate": {
            "a87f65d4f975b82f12baeebf003194116ecf0d01": {},
            "2582ab7c70c9e7fcb84545944eba8f3a7f253248": {},
            "1a8a8504722d9a39f17bbaa2968a89acc5cd0c48": {},
            "44ce738296c3148c6593324773706cdc228614d4": {},
            "8f096071a09701012c9c279aee2a88143a295935": {},
            "39acaf86de56a9054ccab9af1594395e2991c9ac": {},
            "4c6e2bc8267e1f1a0ee67c6c5af855dd8f9b1fcb": {},
            "b2d2ad9a458bdcb0523d22be659eb013ca2d3c67": {}
          },
          "Polar Coordinate": {
            "b307e96f59fde63567cd0beb30c9e36d968fad8e": {},
            "509fa029989e89a4b82dd01ab75734aed937d684": {},
            "81e82158510edb72680a9a832df970d2743d9a63": {}
          }
        },
        "Hyperbolic Geometry": {
          "a059785b56f0f285422c098e972baed062f93661": {},
          "3f6861639551b33da7276b6e27a9933c467e9d3b": {},
          "2670f82ba385ac3dab469d5f44ddc5c4fe75dbea": {},
          "b307e96f59fde63567cd0beb30c9e36d968fad8e": {},
          "3d61a28b9429fc8f7047fc379a0134a3765edbcb": {},
          "479e1ba1618d35c893aa04dad3d6b6e27eda17cb": {},
          "509fa029989e89a4b82dd01ab75734aed937d684": {},
          "858e8322acf7a59c3919d354dde130d4c2f95bdf": {},
          "622927c30b4fb4be722f6981aea032fbc47933f7": {},
          "0f4fa82976c39e6e2f0f2ea57a2197e9e4471e58": {}
        },
        "Spherical Geometry": {
          "3f6861639551b33da7276b6e27a9933c467e9d3b": {},
          "d9802a67b326fe89bbd761c261937ee1e4d4d674": {},
          "d3c287ff061f295ddf8dc3cb02a6f39e301cae3b": {},
          "858e8322acf7a59c3919d354dde130d4c2f95bdf": {},
          "991b64748dfeecf026a27030c16fe1743aa20167": {}
        }
      },
      "Algebraic Structure": {
        "Group ": {
          "849967a7a8788c95995e5cbb9cd8e91eadb49f1e": {},
          "990334cf76845e2da64d3baa10b0a671e433d4b6": {},
          "6037fc9874d34869df3d044a99f7bc574113aef9": {},
          "4ae2631fb5e99cb64ff7d6e7ed3a1e6b0bedd269": {},
          "f7b42a7d2d1b7098362b2243d6f1c5650d683985": {},
          "f575102a35d2bb38cd0adcda070b809980bddb0c": {},
          "aa65d957d045e35161b0fb7df16f813c991308a3": {}
        },
        "Ring": {
          "50e7017c7768b7b2f5215a35539db1490ddc37ab": {}
        },
        "Vector Space": {
          "Real Vector Space": {
            "2582ab7c70c9e7fcb84545944eba8f3a7f253248": {},
            "f6764d853a14b0c34df1d2283e76277aead40fde": {},
            "ee5ceab9fa5f3bad231469923a03ad16184b51b9": {},
            "95c3d25b40f963eb248136555bd9b9e35817cc09": {},
            "2a3f862199883ceff5e3c74126f0c80770653e05": {},
            "86412306b777ee35aba71d4795b02915cb8a04c3": {},
            "fb231d1483490f848d711693e9c63b4f97279285": {}
          },
          "Complex Vector Space": {
            "d947d696b55a3cca1010a4b61b561efc496fae4b": {},
            "0f1fd4278ca8c15cd7546594873020cf7019ed03": {},
            "d25830e8e863e5a6c1f596c869ec183d5cf0009e": {},
            "4887f31e6eb59f619c3aa0deb9b27318320a9637": {},
            "190f71c6f835f3040cbe2be7f15b05b117dced9d": {},
            "8f096071a09701012c9c279aee2a88143a295935": {},
            "2218e2e1df2c3adfb70e0def2e326a39928aacfc": {},
            "f78894c38cfd6404220b2b55b7f0f8c4fecbc34f": {}
          },
          "Other models in Vector Space": {
            "9697d32ed0a16da167f2bdba05ef96d0da066eb5": {},
            "cd8a9914d50b0ac63315872530274d158d6aff09": {},
            "96acb1c882ad655c6b8459c2cd331803801446ca": {},
            "31184789ef4c3084af930b1e0dede3215b4a9240": {}
          }
        }
      },
      "Analytical Structure": {
        "Probability Space": {
          "02e2059c328bd9fad4e676266435199663bed804": {},
          "7070e2eae96b9602032f9874e18f82d384301f07": {},
          "9155e1340e9263cf042d144681acccfc0c9d194b": {},
          "d77de3a4ddfa62f8105c0591fd41e549edcfd95f": {}
        },
        "Euclidean Space": {
          "ef8324cc7708eecaf79cf4e3089e3960a855c579": {},
          "c7d5669401132f08f16e8f174862468bc33bf943": {}
        }
      }
    }
  },
  "papers": {
    "0": {
      "paperId": "a059785b56f0f285422c098e972baed062f93661",
      "externalIds": {
        "ArXiv": "1905.09791",
        "MAG": "2947871958",
        "DBLP": "journals/corr/abs-1905-09791",
        "CorpusId": 168633605
      },
      "title": "Multi-relational Poincar\u00e9 Graph Embeddings",
      "year": 2019,
      "abstract": "Hyperbolic embeddings have recently gained attention in machine learning due to their ability to represent hierarchical data more accurately and succinctly than their Euclidean analogues. However, multi-relational knowledge graphs often exhibit multiple simultaneous hierarchies, which current hyperbolic models do not capture. To address this, we propose a model that embeds multi-relational graph data in the Poincare ball model of hyperbolic space. Our Multi-Relational Poincare model (MuRP) learns relation-specific parameters to transform entity embeddings by Mobius matrix-vector multiplication and Mobius addition. Experiments on the hierarchical WN18RR knowledge graph show that our Poincare embeddings outperform their Euclidean counterpart and existing embedding methods on the link prediction task, particularly at lower dimensionality.",
      "arxiv_id": null
    },
    "1": {
      "paperId": "a87f65d4f975b82f12baeebf003194116ecf0d01",
      "externalIds": {
        "DBLP": "journals/corr/abs-2108-05774",
        "ArXiv": "2108.05774",
        "DOI": "10.1145/3459637.3482263",
        "CorpusId": 236986943
      },
      "title": "HopfE: Knowledge Graph Representation Learning using Inverse Hopf Fibrations",
      "year": 2021,
      "abstract": "Recently, several Knowledge Graph Embedding (KGE) approaches have been devised to represent entities and relations in a dense vector space and employed in downstream tasks such as link prediction. A few KGE techniques address interpretability, i.e., mapping the connectivity patterns of the relations (symmetric/asymmetric, inverse, and composition) to a geometric interpretation such as rotation. Other approaches model the representations in higher dimensional space such as four-dimensional space (4D) to enhance the ability to infer the connectivity patterns (i.e., expressiveness). However, modeling relation and entity in a 4D space often comes at the cost of interpretability. We propose HopfE, a novel KGE approach aiming to achieve the interpretability of inferred relations in the four-dimensional space. HopfE models the structural embeddings in 3D Euclidean space. Next, we map the entity embedding vector from a 3D Euclidean space to a 4D hypersphere using the inverse Hopf Fibration, in which we embed the semantic information from the KG ontology. Thus, HopfE considers the structural and semantic properties of the entities without losing expressivity and interpretability. Our empirical results on four well-known benchmarks achieve state-of-the-art performance for KG completion.",
      "arxiv_id": "2108.05774"
    },
    "2": {
      "paperId": "2582ab7c70c9e7fcb84545944eba8f3a7f253248",
      "externalIds": {
        "DBLP": "conf/nips/BordesUGWY13",
        "MAG": "2127795553",
        "CorpusId": 14941970
      },
      "title": "Translating Embeddings for Modeling Multi-relational Data",
      "year": 2013,
      "abstract": "We consider the problem of embedding entities and relationships of multi-relational data in low-dimensional vector spaces. Our objective is to propose a canonical model which is easy to train, contains a reduced number of parameters and can scale up to very large databases. Hence, we propose TransE, a method which models relationships by interpreting them as translations operating on the low-dimensional embeddings of the entities. Despite its simplicity, this assumption proves to be powerful since extensive experiments show that TransE significantly outperforms state-of-the-art methods in link prediction on two knowledge bases. Besides, it can be successfully trained on a large scale data set with 1M entities, 25k relationships and more than 17M training samples.",
      "arxiv_id": null
    },
    "3": {
      "paperId": "d947d696b55a3cca1010a4b61b561efc496fae4b",
      "externalIds": {
        "DBLP": "conf/aaai/CaoX0CH21",
        "DOI": "10.1609/aaai.v35i8.16850",
        "CorpusId": 235306387
      },
      "title": "Dual Quaternion Knowledge Graph Embeddings",
      "year": 2021,
      "abstract": "In this paper, we study the problem of learning representations of entities and relations in the knowledge graph for the link prediction task. Our idea is based on the observation that the vast majority of the related work only models the relation as a single geometric operation such as translation or rotation, which limits the representation power of the underlying models and makes it harder to match the complicated relations existed in real-world datasets. To embrace a richer set of relational information, we propose a new method called dual quaternion knowledge graph embedding (DualE), which introduces dual quaternions into knowledge graph embeddings. Specifically, a dual quaternion behaves like a \u201ccomplex quaternion\u201d with its real and imaginary part all being quaternary. The core of DualE lies a specific design of dual-quaternion-based multiplication, which universally models relations as the compositions of a series of translation and rotation operations. The major merits of DualE are three-fold:1) it is the first unified framework embracing both rotation based and translation-based models, 2) it expands the embedding space to the dual quaternion space with a more intuitive physical and geometric interpretation, 3) it satisfies the key patterns and the multiple relations pattern of relational representation learning. Experimental results on four real-world datasets demonstrate the effectiveness of our DualE method.",
      "arxiv_id": null
    },
    "4": {
      "paperId": "3f6861639551b33da7276b6e27a9933c467e9d3b",
      "externalIds": {
        "DBLP": "conf/aaai/CaoX0CH22",
        "ArXiv": "2206.12418",
        "DOI": "10.48550/arXiv.2206.12418",
        "CorpusId": 250072296
      },
      "title": "Geometry Interaction Knowledge Graph Embeddings",
      "year": 2022,
      "abstract": "Knowledge graph (KG) embeddings have shown great power in learning representations of entities and relations for link prediction tasks. Previous work usually embeds KGs into a single geometric space such as Euclidean space (zero curved), hyperbolic space (negatively curved) or hyperspherical space (positively curved) to maintain their specific geometric structures (e.g., chain, hierarchy and ring structures). However, the topological structure of KGs appears to be complicated, since it may contain multiple types of geometric structures simultaneously. Therefore, embedding KGs in a single space, no matter the Euclidean space, hyperbolic space or hyperspheric space, cannot capture the complex structures of KGs accurately. To overcome this challenge, we propose Geometry Interaction knowledge graph Embeddings (GIE), which learns spatial structures interactively between the Euclidean, hyperbolic and hyperspherical spaces. Theoretically, our proposed GIE can capture a richer set of relational information, model key inference patterns, and enable expressive semantic matching across entities. Experimental results on three well-established knowledge graph completion benchmarks show that our GIE achieves the state-of-the-art performance with fewer parameters.",
      "arxiv_id": "2206.12418"
    },
    "5": {
      "paperId": "849967a7a8788c95995e5cbb9cd8e91eadb49f1e",
      "externalIds": {
        "ArXiv": "2203.04702",
        "DBLP": "journals/corr/abs-2203-04702",
        "DOI": "10.48550/arXiv.2203.04702",
        "CorpusId": 247318779
      },
      "title": "ModulE: Module Embedding for Knowledge Graphs",
      "year": 2022,
      "abstract": "Knowledge graph embedding (KGE) has been shown to be a powerful tool for predicting missing links of a knowledge graph. However, existing methods mainly focus on modeling relation patterns, while simply embed entities to vector spaces, such as real field, complex field and quaternion space. To model the embedding space from a more rigorous and theoretical perspective, we propose a novel general group theory-based embedding framework for rotation-based models, in which both entities and relations are embedded as group elements. Furthermore, in order to explore more available KGE models, we utilize a more generic group structure, module, a generalization notion of vector space. Specifically, under our framework, we introduce a more generic embedding method, ModulE, which projects entities to a module. Following the method of ModulE, we build three instantiating models: ModulE$_{\\mathbb{R},\\mathbb{C}}$, ModulE$_{\\mathbb{R},\\mathbb{H}}$ and ModulE$_{\\mathbb{H},\\mathbb{H}}$, by adopting different module structures. Experimental results show that ModulE$_{\\mathbb{H},\\mathbb{H}}$ which embeds entities to a module over non-commutative ring, achieves state-of-the-art performance on multiple benchmark datasets.",
      "arxiv_id": "2203.04702"
    },
    "6": {
      "paperId": "2670f82ba385ac3dab469d5f44ddc5c4fe75dbea",
      "externalIds": {
        "DBLP": "conf/acl/ChamiWJSRR20",
        "MAG": "3023009950",
        "ArXiv": "2005.00545",
        "ACL": "2020.acl-main.617",
        "DOI": "10.18653/v1/2020.acl-main.617",
        "CorpusId": 218487100
      },
      "title": "Low-Dimensional Hyperbolic Knowledge Graph Embeddings",
      "year": 2020,
      "abstract": "Knowledge graph (KG) embeddings learn low- dimensional representations of entities and relations to predict missing facts. KGs often exhibit hierarchical and logical patterns which must be preserved in the embedding space. For hierarchical data, hyperbolic embedding methods have shown promise for high-fidelity and parsimonious representations. However, existing hyperbolic embedding methods do not account for the rich logical patterns in KGs. In this work, we introduce a class of hyperbolic KG embedding models that simultaneously capture hierarchical and logical patterns. Our approach combines hyperbolic reflections and rotations with attention to model complex relational patterns. Experimental results on standard KG benchmarks show that our method improves over previous Euclidean- and hyperbolic-based efforts by up to 6.1% in mean reciprocal rank (MRR) in low dimensions. Furthermore, we observe that different geometric transformations capture different types of relations while attention- based transformations generalize to multiple relations. In high dimensions, our approach yields new state-of-the-art MRRs of 49.6% on WN18RR and 57.7% on YAGO3-10.",
      "arxiv_id": "2005.00545"
    },
    "7": {
      "paperId": "1a8a8504722d9a39f17bbaa2968a89acc5cd0c48",
      "externalIds": {
        "DBLP": "journals/corr/abs-2011-03798",
        "ACL": "2021.acl-long.336",
        "MAG": "3099128825",
        "ArXiv": "2011.03798",
        "DOI": "10.18653/v1/2021.acl-long.336",
        "CorpusId": 226281660
      },
      "title": "PairRE: Knowledge Graph Embeddings via Paired Relation Vectors",
      "year": 2020,
      "abstract": "Distance based knowledge graph embedding methods show promising results on link prediction task, on which two topics have been widely studied: one is the ability to handle complex relations, such as N-to-1, 1-to-N and N-to-N, the other is to encode various relation patterns, such as symmetry/antisymmetry. However, the existing methods fail to solve these two problems at the same time, which leads to unsatisfactory results. To mitigate this problem, we propose PairRE, a model with paired vectors for each relation representation. The paired vectors enable an adaptive adjustment of the margin in loss function to fit for different complex relations. Besides, PairRE is capable of encoding three important relation patterns, symmetry/antisymmetry, inverse and composition. Given simple constraints on relation representations, PairRE can encode subrelation further. Experiments on link prediction benchmarks demonstrate the proposed key capabilities of PairRE. Moreover, We set a new state-of-the-art on two knowledge graph datasets of the challenging Open Graph Benchmark.",
      "arxiv_id": "2011.03798"
    },
    "8": {
      "paperId": "50e7017c7768b7b2f5215a35539db1490ddc37ab",
      "externalIds": {
        "ArXiv": "2101.02352",
        "MAG": "3167822573",
        "DBLP": "journals/kbs/ChenLZWX21",
        "DOI": "10.1016/j.knosys.2021.107181",
        "CorpusId": 230800842
      },
      "title": "M\u00f6biusE: Knowledge Graph Embedding on M\u00f6bius Ring",
      "year": 2021,
      "abstract": "  In this work, we propose a novel Knowledge Graph Embedding (KGE) strategy,\ncalled M\\\"{o}biusE, in which the entities and relations are embedded to the\nsurface of a M\\\"{o}bius ring. The proposition of such a strategy is inspired by\nthe classic TorusE, in which the addition of two arbitrary elements is subject\nto a modulus operation. In this sense, TorusE naturally guarantees the critical\nboundedness of embedding vectors in KGE. However, the nonlinear property of\naddition operation on Torus ring is uniquely derived by the modulus operation,\nwhich in some extent restricts the expressiveness of TorusE. As a further\ngeneralization of TorusE, M\\\"{o}biusE also uses modulus operation to preserve\nthe closeness of addition operation on it, but the coordinates on M\\\"{o}bius\nring interacts with each other in the following way: {\\em \\color{red} any\nvector on the surface of a M\\\"{o}bius ring moves along its parametric trace\nwill goes to the right opposite direction after a cycle}. Hence, M\\\"{o}biusE\nassumes much more nonlinear representativeness than that of TorusE, and in turn\nit generates much more precise embedding results. In our experiments,\nM\\\"{o}biusE outperforms TorusE and other classic embedding strategies in\nseveral key indicators.\n",
      "arxiv_id": null
    },
    "9": {
      "paperId": "9697d32ed0a16da167f2bdba05ef96d0da066eb5",
      "externalIds": {
        "MAG": "2952317680",
        "ArXiv": "1707.01476",
        "DBLP": "journals/corr/DettmersMSR17",
        "DOI": "10.1609/aaai.v32i1.11573",
        "CorpusId": 4328400
      },
      "title": "Convolutional 2D Knowledge Graph Embeddings",
      "year": 2017,
      "abstract": "\n \n Link prediction for knowledge graphs is the task of predicting missing relationships between entities. Previous work on link prediction has focused on shallow, fast models which can scale to large knowledge graphs. However, these models learn less expressive features than deep, multi-layer models \u2014 which potentially limits performance. In this work we introduce ConvE, a multi-layer convolutional network model for link prediction, and report state-of-the-art results for several established datasets. We also show that the model is highly parameter efficient, yielding the same performance as DistMult and R-GCN with 8x and 17x fewer parameters. Analysis of our model suggests that it is particularly effective at modelling nodes with high indegree \u2014 which are common in highly-connected, complex knowledge graphs such as Freebase and YAGO3. In addition, it has been noted that the WN18 and FB15k datasets suffer from test set leakage, due to inverse relations from the training set being present in the test set \u2014 however, the extent of this issue has so far not been quantified. We find this problem to be severe: a simple rule-based model can achieve state-of-the-art results on both WN18 and FB15k. To ensure that models are evaluated on datasets where simply exploiting inverse relations cannot yield competitive results, we investigate and validate several commonly used datasets \u2014 deriving robust variants where necessary. We then perform experiments on these robust datasets for our own and several previously proposed models, and find that ConvE achieves state-of-the-art Mean Reciprocal Rank across all datasets.\n \n",
      "arxiv_id": null
    },
    "10": {
      "paperId": "990334cf76845e2da64d3baa10b0a671e433d4b6",
      "externalIds": {
        "DBLP": "journals/corr/abs-1711-05435",
        "ArXiv": "1711.05435",
        "MAG": "2768121184",
        "DOI": "10.1609/aaai.v32i1.11538",
        "CorpusId": 25753806
      },
      "title": "TorusE: Knowledge Graph Embedding on a Lie Group",
      "year": 2017,
      "abstract": "\n \n Knowledge graphs are useful for many artificial intelligence (AI) tasks. However, knowledge graphs often have missing facts. To populate the graphs, knowledge graph embedding models have been developed. Knowledge graph embedding models map entities and relations in a knowledge graph to a vector space and predict unknown triples by scoring candidate triples. TransE is the first translation-based method and it is well known because of its simplicity and efficiency for knowledge graph completion. It employs the principle that the differences between entity embeddings represent their relations. The principle seems very simple, but it can effectively capture the rules of a knowledge graph. However, TransE has a problem with its regularization. TransE forces entity embeddings to be on a sphere in the embedding vector space. This regularization warps the embeddings and makes it difficult for them to fulfill the abovementioned principle. The regularization also affects adversely the accuracies of the link predictions. On the other hand, regularization is important because entity embeddings diverge by negative sampling without it. This paper proposes a novel embedding model, TorusE, to solve the regularization problem. The principle of TransE can be defined on any Lie group. A torus, which is one of the compact Lie groups, can be chosen for the embedding space to avoid regularization. To the best of our knowledge, TorusE is the first model that embeds objects on other than a real or complex vector space, and this paper is the first to formally discuss the problem of regularization of TransE. Our approach outperforms other state-of-the-art approaches such as TransE, DistMult and ComplEx on a standard link prediction task. We show that TorusE is scalable to large-size knowledge graphs and is faster than the original TransE.\n \n",
      "arxiv_id": null
    },
    "11": {
      "paperId": "6037fc9874d34869df3d044a99f7bc574113aef9",
      "externalIds": {
        "MAG": "2910396842",
        "DBLP": "journals/tkde/EbisuI20",
        "DOI": "10.1109/TKDE.2019.2893920",
        "CorpusId": 68201110
      },
      "title": "Generalized Translation-Based Embedding of Knowledge Graph",
      "year": 2020,
      "abstract": "Knowledge graphs are useful for many AI tasks but often have missing facts. To populate the graphs, knowledge graph embedding models have been developed. TransE is one of such models and the first translation-based method. TransE is well known because the principle of TransE can effectively capture the rules of a knowledge graph although it seems very simple. However, TransE has problems with its regularization and an unchangeable ratio of negative sampling. In this paper, we generalize TransE to solve these problems by proposing knowledge graph embedding on a Lie group (KGLG) and the Weighted Negative Part (WNP) method for the objective function of translation-based models. KGLG is the novel translation-based method which embeds entities and relations of a knowledge graph on any Lie group. It allows us not to employ regularization during training of the model if we choose a compact lie group for the embedding space. The WNP method is for changing the ratio of negative sampling, which enhances translation-based models. Our approach outperforms other state-of-the-art approaches such as TransE, DistMult, and ComplEx on a standard link prediction task. We show that TorusE, KGLG on a torus, is scalable to large-size knowledge graphs and faster than the original TransE.",
      "arxiv_id": null
    },
    "12": {
      "paperId": "0f1fd4278ca8c15cd7546594873020cf7019ed03",
      "externalIds": {
        "MAG": "3173069313",
        "DOI": "10.3390/APP11125572",
        "CorpusId": 236303267
      },
      "title": "Dual Quaternion Embeddings for Link Prediction",
      "year": 2021,
      "abstract": "The applications of knowledge graph have received much attention in the field of artificial intelligence. The quality of knowledge graphs is, however, often influenced by missing facts. To predict the missing facts, various solid transformation based models have been proposed by mapping knowledge graphs into low dimensional spaces. However, most of the existing transformation based approaches ignore that there are multiple relations between two entities, which is common in the real world. In order to address this challenge, we propose a novel approach called DualQuatE that maps entities and relations into a dual quaternion space. Specifically, entities are represented by pure quaternions and relations are modeled based on the combination of rotation and translation from head to tail entities. After that we utilize interactions of different translations and rotations to distinguish various relations between head and tail entities. Experimental results exhibit that the performance of DualQuatE is competitive compared to the existing state-of-the-art models.",
      "arxiv_id": null
    },
    "13": {
      "paperId": "d25830e8e863e5a6c1f596c869ec183d5cf0009e",
      "externalIds": {
        "ArXiv": "2105.09002",
        "DBLP": "journals/corr/abs-2105-09002",
        "CorpusId": 234777950
      },
      "title": "QuatDE: Dynamic Quaternion Embedding for Knowledge Graph Completion",
      "year": 2021,
      "abstract": "Knowledge graph embedding has been an active research topic for knowledge base completion (KGC), with progressive improvement from the initial TransE, TransH, RotatE et al to the current state-of-the-art QuatE. However, QuatE ignores the multi-faceted nature of the entity and the complexity of the relation, only using rigorous operation on quaternion space to capture the interaction between entitiy pair and relation, leaving opportunities for better knowledge representation which will finally help KGC. In this paper, we propose a novel model, QuatDE, with a dynamic mapping strategy to explicitly capture the variety of relational patterns and separate different semantic information of the entity, using transition vectors to adjust the point position of the entity embedding vectors in the quaternion space via Hamilton product, enhancing the feature interaction capability between elements of the triplet. Experiment results show QuatDE achieves state-of-the-art performance on three well-established knowledge graph completion benchmarks. In particular, the MR evaluation has relatively increased by 26% on WN18 and 15% on WN18RR, which proves the generalization of QuatDE.",
      "arxiv_id": null
    },
    "14": {
      "paperId": "44ce738296c3148c6593324773706cdc228614d4",
      "externalIds": {
        "ArXiv": "2207.05324",
        "DBLP": "journals/corr/abs-2207-05324",
        "DOI": "10.48550/arXiv.2207.05324",
        "CorpusId": 250451065
      },
      "title": "CompoundE: Knowledge Graph Embedding with Translation, Rotation and Scaling Compound Operations",
      "year": 2022,
      "abstract": "Translation, rotation, and scaling are three commonly used geometric manipulation operations in image processing. Besides, some of them are successfully used in developing effective knowledge graph embedding (KGE) models such as TransE and RotatE. Inspired by the synergy, we propose a new KGE model by leveraging all three operations in this work. Since translation, rotation, and scaling operations are cascaded to form a compound one, the new model is named CompoundE. By casting CompoundE in the framework of group theory, we show that quite a few scoring-function-based KGE models are special cases of CompoundE. CompoundE extends the simple distance-based relation to relation-dependent compound operations on head and/or tail entities. To demonstrate the effectiveness of CompoundE, we conduct experiments on three popular KG completion datasets. Experimental results show that CompoundE consistently achieves the state of-the-art performance.",
      "arxiv_id": "2207.05324"
    },
    "15": {
      "paperId": "4887f31e6eb59f619c3aa0deb9b27318320a9637",
      "externalIds": {
        "DBLP": "journals/corr/abs-2112-10067",
        "ArXiv": "2112.10067",
        "DOI": "10.1016/j.patrec.2022.03.024",
        "CorpusId": 245334700
      },
      "title": "CORE: A Knowledge Graph Entity Type Prediction Method via Complex Space Regression and Embedding",
      "year": 2021,
      "abstract": "  Entity type prediction is an important problem in knowledge graph (KG)\nresearch. A new KG entity type prediction method, named CORE (COmplex space\nRegression and Embedding), is proposed in this work. The proposed CORE method\nleverages the expressive power of two complex space embedding models; namely,\nRotatE and ComplEx models. It embeds entities and types in two different\ncomplex spaces using either RotatE or ComplEx. Then, we derive a complex\nregression model to link these two spaces. Finally, a mechanism to optimize\nembedding and regression parameters jointly is introduced. Experiments show\nthat CORE outperforms benchmarking methods on representative KG entity type\ninference datasets. Strengths and weaknesses of various entity type prediction\nmethods are analyzed.\n",
      "arxiv_id": "2112.10067"
    },
    "16": {
      "paperId": "d9802a67b326fe89bbd761c261937ee1e4d4d674",
      "externalIds": {
        "DBLP": "conf/www/GregucciN0S23",
        "ArXiv": "2302.06229",
        "DOI": "10.1145/3543507.3583358",
        "CorpusId": 256827274
      },
      "title": "Link Prediction with Attention Applied on Multiple Knowledge Graph Embedding Models",
      "year": 2023,
      "abstract": "Predicting missing links between entities in a knowledge graph is a fundamental task to deal with the incompleteness of data on the Web. Knowledge graph embeddings map nodes into a vector space to predict new links, scoring them according to geometric criteria. Relations in the graph may follow patterns that can be learned, e.g., some relations might be symmetric and others might be hierarchical. However, the learning capability of different embedding models varies for each pattern and, so far, no single model can learn all patterns equally well. In this paper, we combine the query representations from several models in a unified one to incorporate patterns that are independently captured by each model. Our combination uses attention to select the most suitable model to answer each query. The models are also mapped onto a non-Euclidean manifold, the Poincar\u00e9 ball, to capture structural patterns, such as hierarchies, besides relational patterns, such as symmetry. We prove that our combination provides a higher expressiveness and inference power than each model on its own. As a result, the combined model can learn relational and structural patterns. We conduct extensive experimental analysis with various link prediction benchmarks showing that the combined model outperforms individual models, including state-of-the-art approaches.",
      "arxiv_id": null
    },
    "17": {
      "paperId": "190f71c6f835f3040cbe2be7f15b05b117dced9d",
      "externalIds": {
        "DBLP": "journals/corr/abs-2109-14401",
        "ArXiv": "2109.14401",
        "ACL": "2021.emnlp-main.657",
        "DOI": "10.18653/v1/2021.emnlp-main.657",
        "CorpusId": 238215189
      },
      "title": "BiQUE: Biquaternionic Embeddings of Knowledge Graphs",
      "year": 2021,
      "abstract": "Knowledge graph embeddings (KGEs) compactly encode multi-relational knowledge graphs (KGs). Existing KGE models rely on geometric operations to model relational patterns. Euclidean (circular) rotation is useful for modeling patterns such as symmetry, but cannot represent hierarchical semantics. In contrast, hyperbolic models are effective at modeling hierarchical relations, but do not perform as well on patterns on which circular rotation excels. It is crucial for KGE models to unify multiple geometric transformations so as to fully cover the multifarious relations in KGs. To do so, we propose BiQUE, a novel model that employs biquaternions to integrate multiple geometric transformations, viz., scaling, translation, Euclidean rotation, and hyperbolic rotation. BiQUE makes the best trade-offs among geometric operators during training, picking the best one (or their best combination) for each relation. Experiments on five datasets show BiQUE\u2019s effectiveness.",
      "arxiv_id": "2109.14401"
    },
    "18": {
      "paperId": "ef8324cc7708eecaf79cf4e3089e3960a855c579",
      "externalIds": {
        "DBLP": "journals/corr/abs-2101-05151",
        "CorpusId": 231592393
      },
      "title": "Temporal Knowledge Graph Forecasting with Neural ODE",
      "year": 2021,
      "abstract": "Learning node representation on dynamically-evolving, multi-relational graph data has gained great research interest. However, most of the existing models for temporal knowledge graph forecasting use Recurrent Neural Network (RNN) with discrete depth to capture temporal information, while time is a continuous variable. Inspired by Neural Ordinary Di\ufb00erential Equation (NODE), we extend the idea of continuum-depth models to time-evolving multi-relational graph data, and propose a novel Temporal Knowledge Graph Forecasting model with NODE. Our model captures temporal information through NODE and structural information through a Graph Neural Network (GNN). Thus, our graph ODE model achieves a continuous model in time and e\ufb03ciently learns node representation for future prediction. We evaluate our model on six temporal knowledge graph datasets by performing link forecasting. Experiment results show the superiority of our model.",
      "arxiv_id": null
    },
    "19": {
      "paperId": "02e2059c328bd9fad4e676266435199663bed804",
      "externalIds": {
        "MAG": "2073587810",
        "DBLP": "conf/cikm/HeLJ015",
        "DOI": "10.1145/2806416.2806502",
        "CorpusId": 207228784
      },
      "title": "Learning to Represent Knowledge Graphs with Gaussian Embedding",
      "year": 2015,
      "abstract": "The representation of a knowledge graph (KG) in a latent space recently has attracted more and more attention. To this end, some proposed models (e.g., TransE) embed entities and relations of a KG into a \"point\" vector space by optimizing a global loss function which ensures the scores of positive triplets are higher than negative ones. We notice that these models always regard all entities and relations in a same manner and ignore their (un)certainties. In fact, different entities and relations may contain different certainties, which makes identical certainty insufficient for modeling. Therefore, this paper switches to density-based embedding and propose KG2E for explicitly modeling the certainty of entities and relations, which learn the representations of KGs in the space of multi-dimensional Gaussian distributions. Each entity/relation is represented by a Gaussian distribution, where the mean denotes its position and the covariance (currently with diagonal covariance) can properly represent its certainty. In addition, compared with the symmetric measures used in point-based methods, we employ the KL-divergence for scoring triplets, which is a natural asymmetry function for effectively modeling multiple types of relations. We have conducted extensive experiments on link prediction and triplet classification with multiple benchmark datasets (WordNet and Freebase). Our experimental results demonstrate that our method can effectively model the (un)certainties of entities and relations in a KG, and it significantly outperforms state-of-the-art methods (including TransH and TransR).",
      "arxiv_id": null
    },
    "20": {
      "paperId": "4ae2631fb5e99cb64ff7d6e7ed3a1e6b0bedd269",
      "externalIds": {
        "MAG": "3048947240",
        "DBLP": "journals/corr/abs-2008-04548",
        "CorpusId": 263867423
      },
      "title": "DensE: An Enhanced Non-Abelian Group Representation for Knowledge Graph Embedding",
      "year": 2020,
      "abstract": "Capturing the composition patterns of relations is a vital task in knowledge graph completion. It also serves as a fundamental step towards multi-hop reasoning over learned knowledge. Previously, rotation-based translational methods, e.g., RotatE, have been developed to model composite relations using the product of a series of complex-valued diagonal matrices. However, RotatE makes several oversimplified assumptions on the composition patterns, forcing the relations to be commutative, independent from entities and fixed in scale. To tackle this problem, we have developed a novel knowledge graph embedding method, named DensE, to provide sufficient modeling capacity for complex composition patterns. In particular, our method decomposes each relation into an SO(3) group-based rotation operator and a scaling operator in the three dimensional (3-D) Euclidean space. The advantages of our method are twofold: (1) For composite relations, the corresponding diagonal relation matrices can be non-commutative and related with entity embeddings; (2) It extends the concept of RotatE to a more expressive setting with lower model complexity and preserves the direct geometrical interpretations, which reveals how relations with distinct patterns (i.e., symmetry/anti-symmetry, inversion and composition) are modeled. Experimental results on multiple benchmark knowledge graphs show that DensE outperforms the current state-of-the-art models for missing link prediction, especially on composite relations.",
      "arxiv_id": null
    },
    "21": {
      "paperId": "d3c287ff061f295ddf8dc3cb02a6f39e301cae3b",
      "externalIds": {
        "ACL": "D18-1222",
        "ArXiv": "1811.04588",
        "MAG": "2949533007",
        "DBLP": "journals/corr/abs-1811-04588",
        "DOI": "10.18653/v1/D18-1222",
        "CorpusId": 53080423
      },
      "title": "Differentiating Concepts and Instances for Knowledge Graph Embedding",
      "year": 2018,
      "abstract": "Concepts, which represent a group of different instances sharing common properties, are essential information in knowledge representation. Most conventional knowledge embedding methods encode both entities (concepts and instances) and relations as vectors in a low dimensional semantic space equally, ignoring the difference between concepts and instances. In this paper, we propose a novel knowledge graph embedding model named TransC by differentiating concepts and instances. Specifically, TransC encodes each concept in knowledge graph as a sphere and each instance as a vector in the same semantic space. We use the relative positions to model the relations between concepts and instances (i.e.,instanceOf), and the relations between concepts and sub-concepts (i.e., subClassOf). We evaluate our model on both link prediction and triple classification tasks on the dataset based on YAGO. Experimental results show that TransC outperforms state-of-the-art methods, and captures the semantic transitivity for instanceOf and subClassOf relation. Our codes and datasets can be obtained from https://github.com/davidlvxin/TransC.",
      "arxiv_id": "1811.04588"
    },
    "22": {
      "paperId": "c7d5669401132f08f16e8f174862468bc33bf943",
      "externalIds": {
        "DBLP": "conf/emnlp/NayyeriXHA0V21",
        "ACL": "2021.emnlp-main.750",
        "DOI": "10.18653/v1/2021.emnlp-main.750",
        "CorpusId": 243865336
      },
      "title": "Knowledge Graph Representation Learning using Ordinary Differential Equations",
      "year": 2021,
      "abstract": "Knowledge Graph Embeddings (KGEs) have shown promising performance on link prediction tasks by mapping the entities and relations from a knowledge graph into a geometric space. The capability of KGEs in preserving graph characteristics including structural aspects and semantics, highly depends on the design of their score function, as well as the inherited abilities from the underlying geometry. Many KGEs use the Euclidean geometry which renders them incapable of preserving complex structures and consequently causes wrong inferences by the models. To address this problem, we propose a neuro differential KGE that embeds nodes of a KG on the trajectories of Ordinary Differential Equations (ODEs). To this end, we represent each relation (edge) in a KG as a vector field on several manifolds. We specifically parameterize ODEs by a neural network to represent complex manifolds and complex vector fields on the manifolds. Therefore, the underlying embedding space is capable to assume the shape of various geometric forms to encode heterogeneous subgraphs. Experiments on synthetic and benchmark datasets using state-of-the-art KGE models justify the ODE trajectories as a means to enable structure preservation and consequently avoiding wrong inferences.",
      "arxiv_id": null
    },
    "23": {
      "paperId": "f6764d853a14b0c34df1d2283e76277aead40fde",
      "externalIds": {
        "MAG": "205829674",
        "DBLP": "conf/icml/NickelTK11",
        "CorpusId": 1157792
      },
      "title": "A Three-Way Model for Collective Learning on Multi-Relational Data",
      "year": 2011,
      "abstract": "Relational learning is becoming increasingly important in many areas of application. Here, we present a novel approach to relational learning based on the factorization of a three-way tensor. We show that unlike other tensor approaches, our method is able to perform collective learning via the latent components of the model and provide an efficient algorithm to compute the factorization. We substantiate our theoretical considerations regarding the collective learning capabilities of our model by the means of experiments on both a new dataset and a dataset commonly used in entity resolution. Furthermore, we show on common benchmark datasets that our approach achieves better or on-par results, if compared to current state-of-the-art relational learning solutions, while it is significantly faster to compute.",
      "arxiv_id": null
    },
    "24": {
      "paperId": "b307e96f59fde63567cd0beb30c9e36d968fad8e",
      "externalIds": {
        "DBLP": "conf/emnlp/PanW21",
        "DOI": "10.18653/v1/2021.findings-emnlp.251",
        "CorpusId": 244119616
      },
      "title": "Hyperbolic Hierarchy-Aware Knowledge Graph Embedding for Link Prediction",
      "year": 2021,
      "abstract": "Knowledge graph embedding (KGE) using low-dimensional representations to predict missing information is widely applied in knowledge completion. Existing embedding methods are mostly built on Euclidean space, which are difficult to handle hierarchical structures. Hyperbolic embedding methods have shown the promise of high fidelity and concise representation for hierarchical data. However, the logical patterns in knowledge graphs are not considered well in these methods. To address this problem, we propose a novel KGE model with extended Poincar\u00e9 Ball and polar coordinate system to capture hierarchical structures. We use the tangent space and exponential transformation to initialize and map the corresponding vectors to the Poincar\u00e9 Ball in hyperbolic space. To solve the boundary conditions, the boundary is stretched and zoomed by expanding the modulus length in the Poincar\u00e9 Ball. We optimize our model using polar coordinate and changing operators in the extended Poincar\u00e9 Ball. Experiments achieve new state-of-the-art results on part of link prediction tasks, which demonstrates the effectiveness of our method.",
      "arxiv_id": null
    },
    "25": {
      "paperId": "ee5ceab9fa5f3bad231469923a03ad16184b51b9",
      "externalIds": {
        "DBLP": "journals/corr/abs-2206-04192",
        "ArXiv": "2206.04192",
        "DOI": "10.48550/arXiv.2206.04192",
        "CorpusId": 249538526
      },
      "title": "ExpressivE: A Spatio-Functional Embedding For Knowledge Graph Completion",
      "year": 2022,
      "abstract": "Knowledge graphs are inherently incomplete. Therefore substantial research has been directed toward knowledge graph completion (KGC), i.e., predicting missing triples from the information represented in the knowledge graph (KG). KG embedding models (KGEs) have yielded promising results for KGC, yet any current KGE is incapable of: (1) fully capturing vital inference patterns (e.g., composition), (2) capturing prominent patterns jointly (e.g., hierarchy and composition), and (3) providing an intuitive interpretation of captured patterns. In this work, we propose ExpressivE, a fully expressive spatio-functional KGE that solves all these challenges simultaneously. ExpressivE embeds pairs of entities as points and relations as hyper-parallelograms in the virtual triple space $\\mathbb{R}^{2d}$. This model design allows ExpressivE not only to capture a rich set of inference patterns jointly but additionally to display any supported inference pattern through the spatial relation of hyper-parallelograms, offering an intuitive and consistent geometric interpretation of ExpressivE embeddings and their captured patterns. Experimental results on standard KGC benchmarks reveal that ExpressivE is competitive with state-of-the-art KGEs and even significantly outperforms them on WN18RR.",
      "arxiv_id": "2206.04192"
    },
    "26": {
      "paperId": "95c3d25b40f963eb248136555bd9b9e35817cc09",
      "externalIds": {
        "DBLP": "conf/icdm/PengZ20",
        "ArXiv": "2004.10037",
        "DOI": "10.1109/ICDM50108.2020.00051",
        "CorpusId": 231913851
      },
      "title": "LineaRE: Simple but Powerful Knowledge Graph Embedding for Link Prediction",
      "year": 2020,
      "abstract": "The task of link prediction for knowledge graphs is to predict missing relationships between entities. Knowledge graph embedding, which aims to represent entities and relations of a knowledge graph as low dimensional vectors in a continuous vector space, has achieved promising predictive performance. If an embedding model can cover different types of connectivity patterns and mapping properties of relations as many as possible, it will potentially bring more benefits for link prediction tasks. In this paper, we propose a novel embedding model, namely LineaRE, which is capable of modeling four connectivity patterns (i.e., symmetry, antisymmetry, inversion, and composition) and four mapping properties (i.e., one-to-one, one-to-many, many-to-one, and many-to-many) of relations. Specifically, we regard knowledge graph embedding as a simple linear regression task, where a relation is modeled as a linear function of two low-dimensional vector-presented entities with two weight vectors and a bias vector. Since the vectors are defined in a real number space and the scoring function of the model is linear, our model is simple and scalable to large knowledge graphs. Experimental results on multiple widely used real-world datasets show that the proposed LineaRE model significantly outperforms existing state-of-the-art models for link prediction tasks.",
      "arxiv_id": "2004.10037"
    },
    "27": {
      "paperId": "cd8a9914d50b0ac63315872530274d158d6aff09",
      "externalIds": {
        "DBLP": "conf/esws/SchlichtkrullKB18",
        "ArXiv": "1703.06103",
        "MAG": "2604314403",
        "DOI": "10.1007/978-3-319-93417-4_38",
        "CorpusId": 5458500
      },
      "title": "Modeling Relational Data with Graph Convolutional Networks",
      "year": 2017,
      "abstract": "  Knowledge graphs enable a wide variety of applications, including question\nanswering and information retrieval. Despite the great effort invested in their\ncreation and maintenance, even the largest (e.g., Yago, DBPedia or Wikidata)\nremain incomplete. We introduce Relational Graph Convolutional Networks\n(R-GCNs) and apply them to two standard knowledge base completion tasks: Link\nprediction (recovery of missing facts, i.e. subject-predicate-object triples)\nand entity classification (recovery of missing entity attributes). R-GCNs are\nrelated to a recent class of neural networks operating on graphs, and are\ndeveloped specifically to deal with the highly multi-relational data\ncharacteristic of realistic knowledge bases. We demonstrate the effectiveness\nof R-GCNs as a stand-alone model for entity classification. We further show\nthat factorization models for link prediction such as DistMult can be\nsignificantly improved by enriching them with an encoder model to accumulate\nevidence over multiple inference steps in the relational graph, demonstrating a\nlarge improvement of 29.8% on FB15k-237 over a decoder-only baseline.\n",
      "arxiv_id": null
    },
    "28": {
      "paperId": "8f096071a09701012c9c279aee2a88143a295935",
      "externalIds": {
        "MAG": "2909137510",
        "DBLP": "conf/iclr/SunDNT19",
        "ArXiv": "1902.10197",
        "CorpusId": 67855617
      },
      "title": "RotatE: Knowledge Graph Embedding by Relational Rotation in Complex Space",
      "year": 2018,
      "abstract": "We study the problem of learning representations of entities and relations in knowledge graphs for predicting missing links. The success of such a task heavily relies on the ability of modeling and inferring the patterns of (or between) the relations. In this paper, we present a new approach for knowledge graph embedding called RotatE, which is able to model and infer various relation patterns including: symmetry/antisymmetry, inversion, and composition. Specifically, the RotatE model defines each relation as a rotation from the source entity to the target entity in the complex vector space. In addition, we propose a novel self-adversarial negative sampling technique for efficiently and effectively training the RotatE model. Experimental results on multiple benchmark knowledge graphs show that the proposed RotatE model is not only scalable, but also able to infer and model various relation patterns and significantly outperform existing state-of-the-art models for link prediction.",
      "arxiv_id": "1902.10197"
    },
    "29": {
      "paperId": "3d61a28b9429fc8f7047fc379a0134a3765edbcb",
      "externalIds": {
        "ACL": "2020.emnlp-main.460",
        "DBLP": "conf/emnlp/SunCHWDZ20",
        "MAG": "3102952580",
        "ArXiv": "2010.02162",
        "DOI": "10.18653/v1/2020.emnlp-main.460",
        "CorpusId": 222133991
      },
      "title": "Knowledge Association with Hyperbolic Knowledge Graph Embeddings",
      "year": 2020,
      "abstract": "Capturing associations for knowledge graphs (KGs) through entity alignment, entity type inference and other related tasks benefits NLP applications with comprehensive knowledge representations. Recent related methods built on Euclidean embeddings are challenged by the hierarchical structures and different scales of KGs. They also depend on high embedding dimensions to realize enough expressiveness. Differently, we explore with low-dimensional hyperbolic embeddings for knowledge association. We propose a hyperbolic relational graph neural network for KG embedding and capture knowledge associations with a hyperbolic transformation. Extensive experiments on entity alignment and type inference demonstrate the effectiveness and efficiency of our method.",
      "arxiv_id": "2010.02162"
    },
    "30": {
      "paperId": "2218e2e1df2c3adfb70e0def2e326a39928aacfc",
      "externalIds": {
        "MAG": "2963432357",
        "DBLP": "conf/icml/TrouillonWRGB16",
        "ArXiv": "1606.06357",
        "CorpusId": 15150247
      },
      "title": "Complex Embeddings for Simple Link Prediction",
      "year": 2016,
      "abstract": "In statistical relational learning, the link prediction problem is key to automatically understand the structure of large knowledge bases. As in previous studies, we propose to solve this problem through latent factorization. However, here we make use of complex valued embeddings. The composition of complex embeddings can handle a large variety of binary relations, among them symmetric and antisymmetric relations. Compared to state-of-the-art models such as Neural Tensor Network and Holographic Embeddings, our approach based on complex embeddings is arguably simpler, as it only uses the Hermitian dot product, the complex counterpart of the standard dot product between real vectors. Our approach is scalable to large datasets as it remains linear in both space and time, while consistently outperforming alternative approaches on standard link prediction benchmarks.",
      "arxiv_id": "1606.06357"
    },
    "31": {
      "paperId": "7070e2eae96b9602032f9874e18f82d384301f07",
      "externalIds": {
        "DBLP": "conf/aaai/WanD21",
        "DOI": "10.1609/aaai.v35i5.16565",
        "CorpusId": 235306618
      },
      "title": "GaussianPath: A Bayesian Multi-Hop Reasoning Framework for Knowledge Graph Reasoning",
      "year": 2021,
      "abstract": "Recently, multi-hop reasoning over incomplete Knowledge Graphs (KGs) has attracted wide attention due to its desirable interpretability for downstream tasks, such as question answer and knowledge graph completion. Multi-Hop reasoning is a typical sequential decision problem, which can be formulated as a Markov decision process (MDP). Subsequently, some reinforcement learning (RL) based approaches are proposed and proven effective to train an agent for reasoning paths sequentially until reaching the target answer. However, these approaches assume that an entity/relation representation follows a one-point distribution. In fact, different entities and relations may contain different certainties. On the other hand, since REINFORCE used for updating the policy in these approaches is a biased policy gradients method, the agent is prone to be stuck in high reward paths rather than broad reasoning paths, which leads to premature and suboptimal exploitation. In this paper, we consider a Bayesian reinforcement learning paradigm to harness uncertainty into multi-hop reasoning. By incorporating uncertainty into the representation layer, the agent trained by RL has uncertainty in a region of the state space then it should be more efficient in exploring unknown or less known part of the KG. In our approach, we build a Bayesian Q-learning architecture as a state-action value function for estimating the expected long-term reward. As initialized by Gaussian prior or pre-trained prior distribution, the representation layer drives uncertainty that allows regularizing the training. We conducted extensive experiments on multiple KGs. Experimental results show a superior performance than other baselines, especially significant improvements on the automated extracted KG.",
      "arxiv_id": null
    },
    "32": {
      "paperId": "2a3f862199883ceff5e3c74126f0c80770653e05",
      "externalIds": {
        "DBLP": "conf/aaai/WangZFC14",
        "MAG": "2283196293",
        "DOI": "10.1609/aaai.v28i1.8870",
        "CorpusId": 15027084
      },
      "title": "Knowledge Graph Embedding by Translating on Hyperplanes",
      "year": 2014,
      "abstract": "\n \n We deal with embedding a large scale knowledge graph composed of entities and relations into a continuous vector space. TransE is a promising method proposed recently, which is very efficient while achieving state-of-the-art predictive performance. We discuss some mapping properties of relations which should be considered in embedding, such as reflexive, one-to-many, many-to-one, and many-to-many. We note that TransE does not do well in dealing with these properties. Some complex models are capable of preserving these mapping properties but sacrifice efficiency in the process. To make a good trade-off between model capacity and efficiency, in this paper we propose TransH which models a relation as a hyperplane together with a translation operation on it. In this way, we can well preserve the above mapping properties of relations with almost the same model complexity of TransE. Additionally, as a practical knowledge graph is often far from completed, how to construct negative examples to reduce false negative labels in training is very important. Utilizing the one-to-many/many-to-one mapping property of a relation, we propose a simple trick to reduce the possibility of false negative labeling. We conduct extensive experiments on link prediction, triplet classification and fact extraction on benchmark datasets like WordNet and Freebase. Experiments show TransH delivers significant improvements over TransE on predictive accuracy with comparable capability to scale up.\n \n",
      "arxiv_id": null
    },
    "33": {
      "paperId": "479e1ba1618d35c893aa04dad3d6b6e27eda17cb",
      "externalIds": {
        "ArXiv": "2103.14930",
        "DBLP": "conf/emnlp/WangLLS21",
        "DOI": "10.18653/v1/2021.findings-emnlp.42",
        "CorpusId": 239768666
      },
      "title": "Hyperbolic Geometry is Not Necessary: Lightweight Euclidean-Based Models for Low-Dimensional Knowledge Graph Embeddings",
      "year": 2021,
      "abstract": "Recent knowledge graph embedding (KGE) models based on hyperbolic geometry have shown great potential in a low-dimensional embedding space. However, the necessity of hyperbolic space in KGE is still questionable, because the calculation based on hyperbolic geometry is much more complicated than Euclidean operations. In this paper, based on the state-of-the-art hyperbolic-based model RotH, we develop two lightweight Euclidean-based models, called RotL and Rot2L. The RotL model simplifies the hyperbolic operations while keeping the flexible normalization effect. Utilizing a novel two-layer stacked transformation and based on RotL, the Rot2L model obtains an improved representation capability, yet costs fewer parameters and calculations than RotH. The experiments on link prediction show that Rot2L achieves the state-of-the-art performance on two widely-used datasets in low-dimensional knowledge graph embeddings. Furthermore, RotL achieves similar performance as RotH but only requires half of the training time.",
      "arxiv_id": "2103.14930"
    },
    "34": {
      "paperId": "509fa029989e89a4b82dd01ab75734aed937d684",
      "externalIds": {
        "DBLP": "conf/bigdataconf/0005WSWNAY21",
        "DOI": "10.1109/BigData52589.2021.9671651",
        "CorpusId": 244894903
      },
      "title": "Knowledge Graph Representation via Hierarchical Hyperbolic Neural Graph Embedding",
      "year": 2021,
      "abstract": "Knowledge graph enhanced information retrieval systems have attracted considerable attention due to their ability to improve performance and provide additional explainability. As the knowledge graphs usually include fruitful facts, they are also good sources of side information. However, recent studies have shown that the usefulness of knowledge graphs depends highly on their representation, e.g., the embeddings of entities and relations. Embedding entities and relations in low-dimensional space is a successful knowledge graph representation solution. Most of the works lie in modeling symmetry/asymmetry/composition/inversion relations but pay less attention to the hierarchical relations. Recent studies have observed the fact that there exist rich semantic hierarchical relations in knowledge graphs such as Freebase (entities are connected in a taxonomic hierarchy) and WordNet (entities are synsets linked together in a hierarchy).To address the above problems, we propose Hierarchical Hyperbolic Neural Graph Embedding (H2E), a new knowledge graph representation approach, which is able to better preserve hierarchical relations. Specifically, the entities/relations representations are learned in a hyperbolic polar embedding space. In a hyperbolic polar embedding space, the entity and relation are modeled as a dual-embedding with modulus embedding part and phase embedding part, enabling the explicitly modeling of two types of hierarchies: inter-level hierarchy and intra-level hierarchy. As the polar embedding is defined i n hyperbolic space, the ability of modeling and inferring hierarchical relations are mutual enhanced. In addition, by noticing the existence of the rich relational context, we propose an attentional neural context aggregation to adaptively integrate the relational context for further enhancing the ability to preserve the hierarchical relations. The empirical study on three benchmark datasets for the link prediction task demonstrates significant performance gains compared to some existing state-of-the-art methods and verifies the effectiveness of the proposed method on hierarchical relations.",
      "arxiv_id": null
    },
    "35": {
      "paperId": "858e8322acf7a59c3919d354dde130d4c2f95bdf",
      "externalIds": {
        "DBLP": "conf/www/WangWSWNAXYC21",
        "DOI": "10.1145/3442381.3450118",
        "CorpusId": 233269001
      },
      "title": "Mixed-Curvature Multi-Relational Graph Neural Network for Knowledge Graph Completion",
      "year": 2021,
      "abstract": "Knowledge graphs (KGs) have gradually become valuable assets for many AI applications. In a KG, a node denotes an entity, and an edge (or link) denotes a relationship between the entities represented by the nodes. Knowledge graph completion infers and predicts missing edges in a KG automatically. Knowledge graph embeddings have shed light on addressing this task. Recent research embeds KGs in hyperbolic (negatively curved) space instead of conventional Euclidean (zero curved) space and is effective in capturing hierarchical structures. However, as multi-relational graphs, KGs are not structured uniformly and display intrinsic heterogeneous structures. They usually contain rich types of structures, such as hierarchical and cyclic typed structures. Embedding KGs in single-curvature space, such as Euclidean or hyperbolic space, overlooks the intrinsic heterogeneous structures of KGs, and therefore cannot accurately capture their structures. To address this issue, we propose Mixed-Curvature Multi-Relational Graph Neural Network (M2GNN), a generic approach that embeds multi-relational KGs in a mixed-curvature space for knowledge graph completion. Specifically, we define and construct a mixed-curvature space through a product manifold combining multiple single-curvature spaces (e.g., spherical, hyperbolic, or Euclidean) with the purpose of modeling a variety of structures. However, constructing a mixed-curvature space typically requires manually defining the fixed curvatures, which needs domain knowledge and additional data analysis. Improperly defined curvature space also cannot capture the structures of KGs accurately. To address this problem, we set mixed-curvatures as trainable parameters to better capture the underlying structures of the KGs. Furthermore, we propose a Graph Neural Updater by leveraging the heterogeneous relational context in mixed-curvature space to improve the quality of the embedding. Experiments on three KG datasets demonstrate that the proposed M2GNN can outperform its single geometry counterpart as well as state-of-the-art embedding methods on the KG completion task.",
      "arxiv_id": null
    },
    "36": {
      "paperId": "9155e1340e9263cf042d144681acccfc0c9d194b",
      "externalIds": {
        "DBLP": "conf/www/WangZSYY22",
        "DOI": "10.1145/3485447.3512028",
        "CorpusId": 248367409
      },
      "title": "DiriE: Knowledge Graph Embedding with Dirichlet Distribution",
      "year": 2022,
      "abstract": "Knowledge graph embedding aims to learn representations of entities and relations in low-dimensional space. Recently, extensive studies combine the characteristics of knowledge graphs with different geometric spaces, including Euclidean space, complex space, hyperbolic space and others, which achieves significant progress in representation learning. However, existing methods are subject to at least one of the following limitations: 1) ignoring the uncertainty, 2) incapability of complex relation patterns. To address the above issues simultaneously, we propose a novel model named DiriE, which embeds entities as Dirichlet distributions and relations as multinomial distributions. DiriE employs Bayesian inference to measure the relations between entities and learns binary embeddings of knowledge graphs for modeling complex relation patterns. Additionally, we propose a two-step negative triple generation method that generates negative triples of both entities and relations. We conduct a solid theoretical analysis to demonstrate the effectiveness and robustness of our method, including the expressiveness of complex relation patterns and the ability to model uncertainty. Furthermore, extensive experiments show that our method outperforms state-of-the-art methods in link prediction on benchmark datasets.",
      "arxiv_id": null
    },
    "37": {
      "paperId": "39acaf86de56a9054ccab9af1594395e2991c9ac",
      "externalIds": {
        "ArXiv": "2202.04897",
        "DBLP": "journals/corr/abs-2202-04897",
        "CorpusId": 246706264
      },
      "title": "InterHT: Knowledge Graph Embeddings by Interaction between Head and Tail Entities",
      "year": 2022,
      "abstract": "Knowledge graph embedding (KGE) models learn the representation of entities and relations in knowledge graphs. Distance-based methods show promising performance on link prediction task, which predicts the result by the distance between two entity representations. However, most of these methods represent the head entity and tail entity separately, which limits the model capacity. We propose two novel distance-based methods named InterHT and InterHT+ that allow the head and tail entities to interact better and get better entity representation. Experimental results show that our proposed method achieves the best results on ogbl-wikikg2 dataset.",
      "arxiv_id": "2202.04897"
    },
    "38": {
      "paperId": "991b64748dfeecf026a27030c16fe1743aa20167",
      "externalIds": {
        "ArXiv": "1512.04792",
        "MAG": "2949318892",
        "DBLP": "conf/ijcai/0005HZ16",
        "CorpusId": 2055276
      },
      "title": "From One Point to a Manifold: Knowledge Graph Embedding for Precise Link Prediction",
      "year": 2015,
      "abstract": "Knowledge graph embedding aims at offering a numerical knowledge representation paradigm by transforming the entities and relations into continuous vector space. However, existing methods could not characterize the knowledge graph in a fine degree to make a precise prediction. There are two reasons: being an ill-posed algebraic system and applying an overstrict geometric form. As precise prediction is critical, we propose an manifold-based embedding principle (\\textbf{ManifoldE}) which could be treated as a well-posed algebraic system that expands the position of golden triples from one point in current models to a manifold in ours. Extensive experiments show that the proposed models achieve substantial improvements against the state-of-the-art baselines especially for the precise prediction task, and yet maintain high efficiency.",
      "arxiv_id": "1512.04792"
    },
    "39": {
      "paperId": "d77de3a4ddfa62f8105c0591fd41e549edcfd95f",
      "externalIds": {
        "MAG": "2243512948",
        "DBLP": "journals/corr/0005HHZ15",
        "CorpusId": 6233645
      },
      "title": "TransG : A Generative Mixture Model for Knowledge Graph Embedding",
      "year": 2015,
      "abstract": "Recently, knowledge graph embedding, which projects symbolic entities and relations into continuous vector space, has become a new, hot topic in artificial intelligence. This paper addresses a new issue of multiple relation semantics that a relation may have multiple meanings revealed by the entity pairs associated with the corresponding triples, and proposes a novel Gaussian mixture model for embedding, TransG. The new model can discover latent semantics for a relation and leverage a mixture of relation component vectors for embedding a fact triple. To the best of our knowledge, this is the first generative model for knowledge graph embedding, which is able to deal with multiple relation semantics. Extensive experiments show that the proposed model achieves substantial improvements against the state-of-the-art baselines.",
      "arxiv_id": null
    },
    "40": {
      "paperId": "96acb1c882ad655c6b8459c2cd331803801446ca",
      "externalIds": {
        "DBLP": "conf/aaai/XieLJLS16",
        "MAG": "2499696929",
        "DOI": "10.1609/aaai.v30i1.10329",
        "CorpusId": 31606602
      },
      "title": "Representation Learning of Knowledge Graphs with Entity Descriptions",
      "year": 2016,
      "abstract": "\n \n Representation learning (RL) of knowledge graphs aims to project both entities and relations into a continuous low-dimensional space. Most methods concentrate on learning representations with knowledge triples indicating relations between entities. In fact, in most knowledge graphs there are usually concise descriptions for entities, which cannot be well utilized by existing methods. In this paper, we propose a novel RL method for knowledge graphs taking advantages of entity descriptions. More specifically, we explore two encoders, including continuous bag-of-words and deep convolutional neural models to encode semantics of entity descriptions. We further learn knowledge representations with both triples and descriptions. We evaluate our method on two tasks, including knowledge graph completion and entity classification. Experimental results on real-world datasets show that, our method outperforms other baselines on the two tasks, especially under the zero-shot setting, which indicates that our method is capable of building representations for novel entities according to their descriptions. The source code of this paper can be obtained from https://github.com/xrb92/DKRL.\n \n",
      "arxiv_id": null
    },
    "41": {
      "paperId": "622927c30b4fb4be722f6981aea032fbc47933f7",
      "externalIds": {
        "DBLP": "journals/corr/abs-2206-00449",
        "ArXiv": "2206.00449",
        "DOI": "10.1145/3534678.3539333",
        "CorpusId": 249240136
      },
      "title": "Ultrahyperbolic Knowledge Graph Embeddings",
      "year": 2022,
      "abstract": "Recent knowledge graph (KG) embeddings have been advanced by hyperbolic geometry due to its superior capability for representing hierarchies. The topological structures of real-world KGs, however, are rather heterogeneous, i.e., a KG is composed of multiple distinct hierarchies and non-hierarchical graph structures. Therefore, a homogeneous (either Euclidean or hyperbolic) geometry is not sufficient for fairly representing such heterogeneous structures. To capture the topological heterogeneity of KGs, we present an ultrahyperbolic KG embedding (UltraE) in an ultrahyperbolic (or pseudo-Riemannian) manifold that seamlessly interleaves hyperbolic and spherical manifolds. In particular, we model each relation as a pseudo-orthogonal transformation that preserves the pseudo-Riemannian bilinear form. The pseudo-orthogonal transformation is decomposed into various operators (i.e., circular rotations, reflections and hyperbolic rotations), allowing for simultaneously modeling heterogeneous structures as well as complex relational patterns. Experimental results on three standard KGs show that UltraE outperforms previous Euclidean, hyperbolic, and mixed-curvature KG embedding approaches.",
      "arxiv_id": "2206.00449"
    },
    "42": {
      "paperId": "f7b42a7d2d1b7098362b2243d6f1c5650d683985",
      "externalIds": {
        "MAG": "2947754132",
        "ACL": "P19-1026",
        "DBLP": "conf/acl/XuL19",
        "ArXiv": "1906.00687",
        "DOI": "10.18653/v1/P19-1026",
        "CorpusId": 173990725
      },
      "title": "Relation Embedding with Dihedral Group in Knowledge Graph",
      "year": 2019,
      "abstract": "Link prediction is critical for the application of incomplete knowledge graph (KG) in the downstream tasks. As a family of effective approaches for link predictions, embedding methods try to learn low-rank representations for both entities and relations such that the bilinear form defined therein is a well-behaved scoring function. Despite of their successful performances, existing bilinear forms overlook the modeling of relation compositions, resulting in lacks of interpretability for reasoning on KG. To fulfill this gap, we propose a new model called DihEdral, named after dihedral symmetry group. This new model learns knowledge graph embeddings that can capture relation compositions by nature. Furthermore, our approach models the relation embeddings parametrized by discrete values, thereby decrease the solution space drastically. Our experiments show that DihEdral is able to capture all desired properties such as (skew-) symmetry, inversion and (non-) Abelian composition, and outperforms existing bilinear form based approach and is comparable to or better than deep learning models such as ConvE.",
      "arxiv_id": null
    },
    "43": {
      "paperId": "86412306b777ee35aba71d4795b02915cb8a04c3",
      "externalIds": {
        "MAG": "2951077644",
        "DBLP": "journals/corr/YangYHGD14a",
        "ArXiv": "1412.6575",
        "CorpusId": 2768038
      },
      "title": "Embedding Entities and Relations for Learning and Inference in Knowledge Bases",
      "year": 2014,
      "abstract": "Abstract: We consider learning representations of entities and relations in KBs using the neural-embedding approach. We show that most existing models, including NTN (Socher et al., 2013) and TransE (Bordes et al., 2013b), can be generalized under a unified learning framework, where entities are low-dimensional vectors learned from a neural network and relations are bilinear and/or linear mapping functions. Under this framework, we compare a variety of embedding models on the link prediction task. We show that a simple bilinear formulation achieves new state-of-the-art results for the task (achieving a top-10 accuracy of 73.2% vs. 54.7% by TransE on Freebase). Furthermore, we introduce a novel approach that utilizes the learned relation embeddings to mine logical rules such as \"BornInCity(a,b) and CityInCountry(b,c) => Nationality(a,c)\". We find that embeddings learned from the bilinear objective are particularly good at capturing relational semantics and that the composition of relations is characterized by matrix multiplication. More interestingly, we demonstrate that our embedding-based rule extraction approach successfully outperforms a state-of-the-art confidence-based rule mining approach in mining Horn rules that involve compositional reasoning.",
      "arxiv_id": "1412.6575"
    },
    "44": {
      "paperId": "f575102a35d2bb38cd0adcda070b809980bddb0c",
      "externalIds": {
        "DBLP": "conf/cikm/YangSH20",
        "MAG": "3082827644",
        "DOI": "10.1145/3340531.3411875",
        "CorpusId": 221470302
      },
      "title": "NagE: Non-Abelian Group Embedding for Knowledge Graphs",
      "year": 2020,
      "abstract": "We demonstrated the existence of a group algebraic structure hidden in relational knowledge embedding problems, which suggests that a group-based embedding framework is essential for designing embedding models. Our theoretical analysis explores merely the intrinsic property of the embedding problem itself hence is model independent. Motivated by the theoretical analysis, we have proposed a group theory-based knowledge graph embedding framework, in which relations are embedded as group elements, and entities are represented by vectors in group action spaces. We provide a generic recipe to construct embedding models associated with two instantiating examples: SO3E and SU2E, both of which apply a continuous non-Abelian group as the relation embedding. Empirical experiments using these two exampling models have shown state-of-the-art results on benchmark datasets.",
      "arxiv_id": null
    },
    "45": {
      "paperId": "aa65d957d045e35161b0fb7df16f813c991308a3",
      "externalIds": {
        "DBLP": "conf/cikm/YangL21",
        "DOI": "10.1145/3459637.3482442",
        "CorpusId": 240230838
      },
      "title": "Knowledge Graph Representation Learning as Groupoid: Unifying TransE, RotatE, QuatE, ComplEx",
      "year": 2021,
      "abstract": "Knowledge graph (KG) representation learning which aims to encode entities and relations into low-dimensional spaces, has been widely used in KG completion and link prediction. Although existing KG representation learning models have shown promising performance, the theoretical mechanism behind existing models is much less well-understood. It is challenging to accurately portray the internal connections between models and build a competitive model systematically. To overcome this problem, a unified KG representation learning framework, called GrpKG, is proposed in this paper to model the KG representation learning from a generic groupoid perspective. We discover that many existing models are essentially the same in the sense of groupoid isomorphism and further provide transformation methods between different models. Moreover, we explore the applications of GrpKG in the model classification as well as other processes. The experiments on several benchmark data sets validate the effectiveness and superiority of our framework by comparing two proposed models (GrpQ8 and GrpM2) with the state-of-the-art models.",
      "arxiv_id": null
    },
    "46": {
      "paperId": "31184789ef4c3084af930b1e0dede3215b4a9240",
      "externalIds": {
        "ArXiv": "1909.03193",
        "DBLP": "journals/corr/abs-1909-03193",
        "MAG": "2972167903",
        "CorpusId": 202539519
      },
      "title": "KG-BERT: BERT for Knowledge Graph Completion",
      "year": 2019,
      "abstract": "Knowledge graphs are important resources for many artificial intelligence tasks but often suffer from incompleteness. In this work, we propose to use pre-trained language models for knowledge graph completion. We treat triples in knowledge graphs as textual sequences and propose a novel framework named Knowledge Graph Bidirectional Encoder Representations from Transformer (KG-BERT) to model these triples. Our method takes entity and relation descriptions of a triple as input and computes scoring function of the triple with the KG-BERT language model. Experimental results on multiple benchmark knowledge graphs show that our method can achieve state-of-the-art performance in triple classification, link prediction and relation prediction tasks.",
      "arxiv_id": "1909.03193"
    },
    "47": {
      "paperId": "fb231d1483490f848d711693e9c63b4f97279285",
      "externalIds": {
        "DBLP": "conf/www/YuCSL21",
        "DOI": "10.1145/3442381.3449879",
        "CorpusId": 235324828
      },
      "title": "MQuadE: a Unified Model for Knowledge Fact Embedding",
      "year": 2021,
      "abstract": "The task of knowledge graph embedding (KGE) tries to find appropriate representations for entities and relations and appropriate mathematical computations between the representations to approximate the symbolic and logical relationships between entities. One major challenge for KGE is that the relations in real-world knowledge bases exhibit complex behaviors: they can be injective (1-1) or non-injective (1-N, N-1, or N-N), symmetry or skew-symmetry; one relation may be the inversion of another relation; one relation may be the composition of other two relations (where the composition can be either Abelian or non-Abelian). To our knowledge, there has not been any theoretical guarantee that these complex behaviors can be modeled by existing KGE methods. This paper proposes a method called MQuadE to tackle the challenge in KGE modeling. In MQuadE, we represent a fact triple (h, r, t), that is, (head entity, relation, tail entity), in the knowledge graph with a matrix quadruple , where H and T are the representations of h and t respectively and is the pair of representation of r. MQuadE projects the head entity into HR and the tail entity into , then assumes that HR and are similar for true facts and dissimilar for false facts. We prove that MQuadE, as a unified model for KGE, is able to model the generally concerned types of relations (symmetric, skew-symmetric, injective, non-injective, inversion, Abelian composition, non-Abelian composition). Experiments on link prediction and triple classification show that MQuadE outperforms many previous knowledge graph embedding methods, especially on 1-N, N-1, and N-N relations.",
      "arxiv_id": null
    },
    "48": {
      "paperId": "4c6e2bc8267e1f1a0ee67c6c5af855dd8f9b1fcb",
      "externalIds": {
        "DBLP": "journals/corr/abs-2209-08271",
        "ArXiv": "2209.08271",
        "DOI": "10.48550/arXiv.2209.08271",
        "CorpusId": 245591477
      },
      "title": "TripleRE: Knowledge Graph Embeddings via Tripled Relation Vectors",
      "year": 2022,
      "abstract": "Translation-based knowledge graph embedding has been one of the most important branches for knowledge representation learning since TransE came out. Although many translation-based approaches have achieved some progress in recent years, the performance was still unsatisfactory. This paper proposes a novel knowledge graph embedding method named TripleRE with two versions. The first version of TripleRE creatively divide the relationship vector into three parts. The second version takes advantage of the concept of residual and achieves better performance. In addition, attempts on using NodePiece to encode entities achieved promising results in reducing the parametric size, and solved the problems of scalability. Experiments show that our approach achieved state-of-the-art performance on the large-scale knowledge graph dataset, and competitive performance on other datasets.",
      "arxiv_id": null
    },
    "49": {
      "paperId": "f78894c38cfd6404220b2b55b7f0f8c4fecbc34f",
      "externalIds": {
        "DBLP": "conf/nips/0007TYL19",
        "MAG": "2942026896",
        "ArXiv": "1904.10281",
        "CorpusId": 202763266
      },
      "title": "Quaternion Knowledge Graph Embeddings",
      "year": 2019,
      "abstract": "In this work, we move beyond the traditional complex-valued representations, introducing more expressive hypercomplex representations to model entities and relations for knowledge graph embeddings. More specifically, quaternion embeddings, hypercomplex-valued embeddings with three imaginary components, are utilized to represent entities. Relations are modelled as rotations in the quaternion space. The advantages of the proposed approach are: (1) Latent inter-dependencies (between all components) are aptly captured with Hamilton product, encouraging a more compact interaction between entities and relations; (2) Quaternions enable expressive rotation in four-dimensional space and have more degree of freedom than rotation in complex plane; (3) The proposed framework is a generalization of ComplEx on hypercomplex space while offering better geometrical interpretations, concurrently satisfying the key desiderata of relational representation learning (i.e., modeling symmetry, anti-symmetry and inversion). Experimental results demonstrate that our method achieves state-of-the-art performance on four well-established knowledge graph completion benchmarks.",
      "arxiv_id": "1904.10281"
    },
    "50": {
      "paperId": "81e82158510edb72680a9a832df970d2743d9a63",
      "externalIds": {
        "MAG": "2997897037",
        "DBLP": "conf/aaai/ZhangCZW20",
        "ArXiv": "1911.09419",
        "DOI": "10.1609/AAAI.V34I03.5701",
        "CorpusId": 208201975
      },
      "title": "Learning Hierarchy-Aware Knowledge Graph Embeddings for Link Prediction",
      "year": 2019,
      "abstract": "Knowledge graph embedding, which aims to represent entities and relations as low dimensional vectors (or matrices, tensors, etc.), has been shown to be a powerful technique for predicting missing links in knowledge graphs. Existing knowledge graph embedding models mainly focus on modeling relation patterns such as symmetry/antisymmetry, inversion, and composition. However, many existing approaches fail to model semantic hierarchies, which are common in real-world applications. To address this challenge, we propose a novel knowledge graph embedding model\u2014namely, Hierarchy-Aware Knowledge Graph Embedding (HAKE)\u2014which maps entities into the polar coordinate system. HAKE is inspired by the fact that concentric circles in the polar coordinate system can naturally reflect the hierarchy. Specifically, the radial coordinate aims to model entities at different levels of the hierarchy, and entities with smaller radii are expected to be at higher levels; the angular coordinate aims to distinguish entities at the same level of the hierarchy, and these entities are expected to have roughly the same radii but different angles. Experiments demonstrate that HAKE can effectively model the semantic hierarchies in knowledge graphs, and significantly outperforms existing state-of-the-art methods on benchmark datasets for the link prediction task.",
      "arxiv_id": "1911.09419"
    },
    "51": {
      "paperId": "b2d2ad9a458bdcb0523d22be659eb013ca2d3c67",
      "externalIds": {
        "DBLP": "conf/emnlp/ZhangYX22",
        "ArXiv": "2204.08401",
        "DOI": "10.48550/arXiv.2204.08401",
        "CorpusId": 248227695
      },
      "title": "TranS: Transition-based Knowledge Graph Embedding with Synthetic Relation Representation",
      "year": 2022,
      "abstract": "Knowledge graph embedding (KGE) aims to learn continuous vectors of relations and entities in knowledge graph. Recently, transition-based KGE methods have achieved promising performance, where the single relation vector learns to translate head entity to tail entity. However, this scoring pattern is not suitable for complex scenarios where the same entity pair has different relations. Previous models usually focus on the improvement of entity representation for 1-to-N, N-to-1 and N-to-N relations, but ignore the single relation vector. In this paper, we propose a novel transition-based method, TranS, for knowledge graph embedding. The single relation vector in traditional scoring patterns is replaced with synthetic relation representation, which can solve these issues effectively and efficiently. Experiments on a large knowledge graph dataset, ogbl-wikikg2, show that our model achieves state-of-the-art results.",
      "arxiv_id": null
    },
    "52": {
      "paperId": "0f4fa82976c39e6e2f0f2ea57a2197e9e4471e58",
      "externalIds": {
        "ArXiv": "2204.13704",
        "DBLP": "journals/corr/abs-2204-13704",
        "DOI": "10.48550/arXiv.2204.13704",
        "CorpusId": 248476251
      },
      "title": "Hyperbolic Hierarchical Knowledge Graph Embeddings for Link Prediction in Low Dimensions",
      "year": 2022,
      "abstract": "Knowledge graph embeddings (KGE) have been validated as powerful methods for inferring missing links in knowledge graphs (KGs) that they typically map entities into Euclidean space and treat relations as transformations of entities. Recently, some Euclidean KGE methods have been enhanced to model semantic hierarchies commonly found in KGs, improving the performance of link prediction. To embed hierarchical data, hyperbolic space has emerged as a promising alternative to traditional Euclidean space, offering high fidelity and lower memory consumption. Unlike Euclidean, hyperbolic space provides countless curvatures to choose from. However, it is difficult for existing hyperbolic KGE methods to obtain the optimal curvature settings manually, thereby limiting their ability to effectively model semantic hierarchies. To address this limitation, we propose a novel KGE model called $\\textbf{Hyp}$erbolic $\\textbf{H}$ierarchical $\\textbf{KGE}$ (HypHKGE). This model introduces attention-based learnable curvatures for hyperbolic space, which helps preserve rich semantic hierarchies. Furthermore, to utilize the preserved hierarchies for inferring missing links, we define hyperbolic hierarchical transformations based on the theory of hyperbolic geometry, including both inter-level and intra-level modeling. Experiments demonstrate the effectiveness of the proposed HypHKGE model on the three benchmark datasets (WN18RR, FB15K-237, and YAGO3-10). The source code will be publicly released at https://github.com/wjzheng96/HypHKGE.",
      "arxiv_id": null
    }
  },
  "papers_index": {
    "a059785b56f0f285422c098e972baed062f93661": 0,
    "a87f65d4f975b82f12baeebf003194116ecf0d01": 1,
    "2582ab7c70c9e7fcb84545944eba8f3a7f253248": 2,
    "d947d696b55a3cca1010a4b61b561efc496fae4b": 3,
    "3f6861639551b33da7276b6e27a9933c467e9d3b": 4,
    "849967a7a8788c95995e5cbb9cd8e91eadb49f1e": 5,
    "2670f82ba385ac3dab469d5f44ddc5c4fe75dbea": 6,
    "1a8a8504722d9a39f17bbaa2968a89acc5cd0c48": 7,
    "50e7017c7768b7b2f5215a35539db1490ddc37ab": 8,
    "9697d32ed0a16da167f2bdba05ef96d0da066eb5": 9,
    "990334cf76845e2da64d3baa10b0a671e433d4b6": 10,
    "6037fc9874d34869df3d044a99f7bc574113aef9": 11,
    "0f1fd4278ca8c15cd7546594873020cf7019ed03": 12,
    "d25830e8e863e5a6c1f596c869ec183d5cf0009e": 13,
    "44ce738296c3148c6593324773706cdc228614d4": 14,
    "4887f31e6eb59f619c3aa0deb9b27318320a9637": 15,
    "d9802a67b326fe89bbd761c261937ee1e4d4d674": 16,
    "190f71c6f835f3040cbe2be7f15b05b117dced9d": 17,
    "ef8324cc7708eecaf79cf4e3089e3960a855c579": 18,
    "02e2059c328bd9fad4e676266435199663bed804": 19,
    "4ae2631fb5e99cb64ff7d6e7ed3a1e6b0bedd269": 20,
    "d3c287ff061f295ddf8dc3cb02a6f39e301cae3b": 21,
    "c7d5669401132f08f16e8f174862468bc33bf943": 22,
    "f6764d853a14b0c34df1d2283e76277aead40fde": 23,
    "b307e96f59fde63567cd0beb30c9e36d968fad8e": 24,
    "ee5ceab9fa5f3bad231469923a03ad16184b51b9": 25,
    "95c3d25b40f963eb248136555bd9b9e35817cc09": 26,
    "cd8a9914d50b0ac63315872530274d158d6aff09": 27,
    "8f096071a09701012c9c279aee2a88143a295935": 28,
    "3d61a28b9429fc8f7047fc379a0134a3765edbcb": 29,
    "2218e2e1df2c3adfb70e0def2e326a39928aacfc": 30,
    "7070e2eae96b9602032f9874e18f82d384301f07": 31,
    "2a3f862199883ceff5e3c74126f0c80770653e05": 32,
    "479e1ba1618d35c893aa04dad3d6b6e27eda17cb": 33,
    "509fa029989e89a4b82dd01ab75734aed937d684": 34,
    "858e8322acf7a59c3919d354dde130d4c2f95bdf": 35,
    "9155e1340e9263cf042d144681acccfc0c9d194b": 36,
    "39acaf86de56a9054ccab9af1594395e2991c9ac": 37,
    "991b64748dfeecf026a27030c16fe1743aa20167": 38,
    "d77de3a4ddfa62f8105c0591fd41e549edcfd95f": 39,
    "96acb1c882ad655c6b8459c2cd331803801446ca": 40,
    "622927c30b4fb4be722f6981aea032fbc47933f7": 41,
    "f7b42a7d2d1b7098362b2243d6f1c5650d683985": 42,
    "86412306b777ee35aba71d4795b02915cb8a04c3": 43,
    "f575102a35d2bb38cd0adcda070b809980bddb0c": 44,
    "aa65d957d045e35161b0fb7df16f813c991308a3": 45,
    "31184789ef4c3084af930b1e0dede3215b4a9240": 46,
    "fb231d1483490f848d711693e9c63b4f97279285": 47,
    "4c6e2bc8267e1f1a0ee67c6c5af855dd8f9b1fcb": 48,
    "f78894c38cfd6404220b2b55b7f0f8c4fecbc34f": 49,
    "81e82158510edb72680a9a832df970d2743d9a63": 50,
    "b2d2ad9a458bdcb0523d22be659eb013ca2d3c67": 51,
    "0f4fa82976c39e6e2f0f2ea57a2197e9e4471e58": 52
  }
}