{
  "arxiv_id": "2212.04634",
  "title": "Open-world Story Generation with Structured Knowledge Enhancement: A Comprehensive Survey",
  "taxo_tree": {
    "Structured Knowledge-enhanced Story Generation": {
      "Structured Knowledge as Text ": {
        "Finetuning PLMs": {
          "c6a84615bc36486cd0170f8a3e1b7e5ec8f5344e": {},
          "7d884b40ef5892f61e0f6f358b8e29983f64a178": {},
          "1d58feff74497502c9d8f67065604711da6e8960": {}
        },
        "Building Knowledge Reasoner": {
          "f1ad376c89e200e3d0131d5ba766ca09b322c331": {},
          "47a26b0c5d27b99da175e0a719f42d707f97ec3d": {},
          "1ae62df2863132ffa84c8249af14292ccac9d862": {},
          "54e40f94d886247183f03ef6bd6b212c1bdcde8a": {},
          "4e0af5f4944c16e3ae49b3c96cce7f81989c30f8": {},
          "a791712371ed865cb6debe9cb4d5fd59a3405b85": {}
        }
      },
      "Structured Knowledge   as Encoding": {
        "Infusing Embeddings": {
          "d03d24241fc95e018517d6b1e3be40c5dc31ee66": {},
          "2873dfc8f7bcfa80bb77e366e124428ed42bab3b": {},
          "3745d29f98c9642b411f9c732282420d1af66336": {}
        },
        "Infusing Distribution": {
          "7e8457393ff1b40ddd099f195af9d3b14c5a934f": {},
          "ce23d5547b09ddd829753a6b79489537e81504bf": {},
          "149a523493e2c41bfbc7b1299425fa9c918c0cdd": {},
          "706c6b3781374b0b11f98f204a4ddd05b26ed009": {}
        }
      }
    }
  },
  "papers": {
    "0": {
      "paperId": "4e0af5f4944c16e3ae49b3c96cce7f81989c30f8",
      "externalIds": {
        "DBLP": "journals/corr/abs-2009-00829",
        "ArXiv": "2009.00829",
        "MAG": "3082243760",
        "DOI": "10.1609/aaai.v35i7.16733",
        "CorpusId": 221446544
      },
      "title": "Automated Storytelling via Causal, Commonsense Plot Ordering",
      "year": 2020,
      "abstract": "Automated story plot generation is the task of generating a coherent sequence of plot events. Causal relations between plot events are believed to increase the perception of story and plot coherence. In this work, we introduce the concept of soft causal relations as causal relations inferred from commonsense reasoning. We demonstrate C2PO, an approach to narrative generation that operationalizes this concept through Causal, Commonsense Plot Ordering. Using human-participant protocols, we evaluate our system against baseline systems with different commonsense reasoning reasoning and inductive biases to determine the role of soft causal relations in perceived story quality. Through these studies we also probe the interplay of how changes in commonsense norms across storytelling genres affect perceptions of story quality.",
      "arxiv_id": null
    },
    "1": {
      "paperId": "a791712371ed865cb6debe9cb4d5fd59a3405b85",
      "externalIds": {
        "DBLP": "conf/emnlp/PengLWR22",
        "ArXiv": "2105.01311",
        "DOI": "10.18653/v1/2022.findings-emnlp.520",
        "CorpusId": 233714973
      },
      "title": "Inferring the Reader: Guiding Automated Story Generation with Commonsense Reasoning",
      "year": 2021,
      "abstract": "Transformer-based language model approaches to automated story generation currently provide state-of-the-art results. However, they still suffer from plot incoherence when generating narratives over time, and critically lack basic commonsense reasoning. Furthermore, existing methods generally focus only on single-character stories, or fail to track characters at all. To improve the coherence of generated narratives and to expand the scope of character-centric narrative generation, we introduce Commonsense-inference Augmented neural StoryTelling (CAST), a framework for introducing commonsense reasoning into the generation process with the option to model the interaction between multiple characters. We find that our CAST method produces significantly more coherent, on-topic, enjoyable and fluent stories than existing models in both the single-character and two-character settings in three storytelling domains.",
      "arxiv_id": "2105.01311"
    },
    "2": {
      "paperId": "149a523493e2c41bfbc7b1299425fa9c918c0cdd",
      "externalIds": {
        "DBLP": "journals/corr/abs-2204-10703",
        "ArXiv": "2204.10703",
        "ACL": "2022.naacl-main.245",
        "DOI": "10.48550/arXiv.2204.10703",
        "CorpusId": 248366592
      },
      "title": "Persona-Guided Planning for Controlling the Protagonist\u2019s Persona in Story Generation",
      "year": 2022,
      "abstract": "Endowing the protagonist with a specific personality is essential for writing an engaging story. In this paper, we aim to control the protagonist\u2019s persona in story generation, i.e., generating a story from a leading context and a persona description, where the protagonist should exhibit the specified personality through a coherent event sequence. Considering that personas are usually embodied implicitly and sparsely in stories, we propose a planning-based generation model named ConPer to explicitly model the relationship between personas and events. ConPer first plans events of the protagonist\u2019s behavior which are motivated by the specified persona through predicting one target sentence, then plans the plot as a sequence of keywords with the guidance of the predicted persona-related events and commonsense knowledge, and finally generates the whole story. Both automatic and manual evaluation results demonstrate that ConPer outperforms state-of-the-art baselines for generating more coherent and persona-controllable stories. Our code is available at https://github.com/thu-coai/ConPer.",
      "arxiv_id": "2204.10703"
    },
    "3": {
      "paperId": "1d58feff74497502c9d8f67065604711da6e8960",
      "externalIds": {
        "DBLP": "conf/sigir/Lin0HLHW022",
        "ArXiv": "2201.07099",
        "DOI": "10.1145/3477495.3532080",
        "CorpusId": 246035351
      },
      "title": "What Makes the Story Forward?: Inferring Commonsense Explanations as Prompts for Future Event Generation",
      "year": 2022,
      "abstract": "Prediction over event sequences is critical for many real-world applications in Information Retrieval and Natural Language Processing. Future Event Generation (FEG) is a challenging task in event sequence prediction because it requires not only fluent text generation but also commonsense reasoning to maintain the logical coherence of the entire event story. In this paper, we propose a novel explainable FEG framework, Coep. It highlights and integrates two types of event knowledge, sequential knowledge of direct event-event relations and inferential knowledge that reflects the intermediate character psychology between events, such as intents, causes, reactions, which intrinsically pushes the story forward. To alleviate the knowledge forgetting issue, we design two modules, IM and GM, for each type of knowledge, which are combined via prompt tuning. First, IM focuses on understanding inferential knowledge to generate commonsense explanations and provide a soft prompt vector for GM. We also design a contrastive discriminator for better generalization ability. Second, GM generates future events by modeling direct sequential knowledge with the guidance of IM. Automatic and human evaluation demonstrate that our approach can generate more coherent, specific, and logical future events.",
      "arxiv_id": "2201.07099"
    },
    "4": {
      "paperId": "c6a84615bc36486cd0170f8a3e1b7e5ec8f5344e",
      "externalIds": {
        "DBLP": "journals/tacl/GuanHHZZ20",
        "ACL": "2020.tacl-1.7",
        "MAG": "3014521650",
        "ArXiv": "2001.05139",
        "DOI": "10.1162/tacl_a_00302",
        "CorpusId": 210701352
      },
      "title": "A Knowledge-Enhanced Pretraining Model for Commonsense Story Generation",
      "year": 2020,
      "abstract": "Story generation, namely, generating a reasonable story from a leading context, is an important but challenging task. In spite of the success in modeling fluency and local coherence, existing neural language generation models (e.g., GPT-2) still suffer from repetition, logic conflicts, and lack of long-range coherence in generated stories. We conjecture that this is because of the difficulty of associating relevant commonsense knowledge, understanding the causal relationships, and planning entities and events with proper temporal order. In this paper, we devise a knowledge-enhanced pretraining model for commonsense story generation. We propose to utilize commonsense knowledge from external knowledge bases to generate reasonable stories. To further capture the causal and temporal dependencies between the sentences in a reasonable story, we use multi-task learning, which combines a discriminative objective to distinguish true and fake stories during fine-tuning. Automatic and manual evaluation shows that our model can generate more reasonable stories than state-of-the-art baselines, particularly in terms of logic and global coherence.",
      "arxiv_id": "2001.05139"
    },
    "5": {
      "paperId": "7e8457393ff1b40ddd099f195af9d3b14c5a934f",
      "externalIds": {
        "DBLP": "journals/corr/abs-2009-11692",
        "ArXiv": "2009.11692",
        "MAG": "3104007871",
        "ACL": "2020.emnlp-main.54",
        "DOI": "10.18653/v1/2020.emnlp-main.54",
        "CorpusId": 221879025
      },
      "title": "Language Generation with Multi-hop Reasoning on Commonsense Knowledge Graph",
      "year": 2020,
      "abstract": "Despite the success of generative pre-trained language models on a series of text generation tasks, they still suffer in cases where reasoning over underlying commonsense knowledge is required during generation. Existing approaches that integrate commonsense knowledge into generative pre-trained language models simply transfer relational knowledge by post-training on individual knowledge triples while ignoring rich connections within the knowledge graph. We argue that exploiting both the structural and semantic information of the knowledge graph facilitates commonsense-aware text generation. In this paper, we propose Generation with Multi-Hop Reasoning Flow (GRF) that enables pre-trained models with dynamic multi-hop reasoning on multi-relational paths extracted from the external commonsense knowledge graph. We empirically show that our model outperforms existing baselines on three text generation tasks that require reasoning over commonsense knowledge. We also demonstrate the effectiveness of the dynamic multi-hop reasoning module with reasoning paths inferred by the model that provide rationale to the generation.",
      "arxiv_id": "2009.11692"
    },
    "6": {
      "paperId": "d03d24241fc95e018517d6b1e3be40c5dc31ee66",
      "externalIds": {
        "ArXiv": "1808.10113",
        "DBLP": "journals/corr/abs-1808-10113",
        "MAG": "2889002152",
        "DOI": "10.1609/AAAI.V33I01.33016473",
        "CorpusId": 52136077
      },
      "title": "Story Ending Generation with Incremental Encoding and Commonsense Knowledge",
      "year": 2018,
      "abstract": "Generating a reasonable ending for a given story context, i.e., story ending generation, is a strong indication of story comprehension. This task requires not only to understand the context clues which play an important role in planning the plot, but also to handle implicit knowledge to make a reasonable, coherent story. In this paper, we devise a novel model for story ending generation. The model adopts an incremental encoding scheme to represent context clues which are spanning in the story context. In addition, commonsense knowledge is applied through multi-source attention to facilitate story comprehension, and thus to help generate coherent and reasonable endings. Through building context clues and using implicit knowledge, the model is able to produce reasonable story endings. Automatic and manual evaluation shows that our model can generate more reasonable story endings than state-of-the-art baselines1.",
      "arxiv_id": null
    },
    "7": {
      "paperId": "7d884b40ef5892f61e0f6f358b8e29983f64a178",
      "externalIds": {
        "MAG": "3091627448",
        "DBLP": "journals/corr/abs-2010-00840",
        "ACL": "2020.emnlp-main.226",
        "ArXiv": "2010.00840",
        "DOI": "10.18653/v1/2020.emnlp-main.226",
        "CorpusId": 222125036
      },
      "title": "Controllable Story Generation with External Knowledge Using Large-Scale Language Models",
      "year": 2020,
      "abstract": "Existing pre-trained large language models have shown unparalleled generative capabilities. However, they are not controllable. In this paper, we propose MEGATRON-CNTRL, a novel framework that uses large-scale language models and adds control to text generation by incorporating an external knowledge base. Our framework consists of a keyword predictor, a knowledge retriever, a contextual knowledge ranker, and a conditional text generator. As we do not have access to ground-truth supervision for the knowledge ranker, we make use of weak supervision from sentence embedding. The empirical results show that our model generates more fluent, consistent, and coherent stories with less repetition and higher diversity compared to prior work on the ROC story dataset. We showcase the controllability of our model by replacing the keywords used to generate stories and re-running the generation process. Human evaluation results show that 77.5% of these stories are successfully controlled by the new keywords. Furthermore, by scaling our model from 124 million to 8.3 billion parameters we demonstrate that larger models improve both the quality of generation (from 74.5% to 93.0% for consistency) and controllability (from 77.5% to 91.5%).",
      "arxiv_id": "2010.00840"
    },
    "8": {
      "paperId": "ce23d5547b09ddd829753a6b79489537e81504bf",
      "externalIds": {
        "DBLP": "conf/ijcai/Mu022",
        "DOI": "10.24963/ijcai.2022/598",
        "CorpusId": 250639057
      },
      "title": "Enhancing Text Generation via Multi-Level Knowledge Aware Reasoning",
      "year": 2022,
      "abstract": "How to generate high-quality textual content is a non-trivial task. Existing methods generally generate text by grounding on word-level knowledge. However, word-level knowledge cannot express multi-word text units, hence existing methods may generate low-quality and unreasonable text. \n\nIn this paper, we leverage event-level knowledge to enhance text generation. \n\nHowever, event knowledge is very sparse. To solve this problem, we split a coarse-grained event into fine-grained word components to obtain the word-level knowledge among event components. The word-level knowledge models the interaction among event components, which makes it possible to reduce the sparsity of events. Based on the event-level and the word-level knowledge, we devise a multi-level knowledge aware reasoning framework. Specifically, we first utilize event knowledge to make event-based content planning, i.e., select reasonable event sketches conditioned by the input text. Then, we combine the selected event sketches with the word-level knowledge for text generation. We validate our method on two widely used datasets, experimental results demonstrate the effectiveness of our framework to text generation.",
      "arxiv_id": null
    },
    "9": {
      "paperId": "2873dfc8f7bcfa80bb77e366e124428ed42bab3b",
      "externalIds": {
        "DBLP": "journals/corr/abs-2009-13282",
        "ArXiv": "2009.13282",
        "MAG": "3088754460",
        "CorpusId": 221970966
      },
      "title": "Graph-based Multi-hop Reasoning for Long Text Generation",
      "year": 2020,
      "abstract": "Long text generation is an important but challenging task.The main problem lies in learning sentence-level semantic dependencies which traditional generative models often suffer from. To address this problem, we propose a Multi-hop Reasoning Generation (MRG) approach that incorporates multi-hop reasoning over a knowledge graph to learn semantic dependencies among sentences. MRG consists of twoparts, a graph-based multi-hop reasoning module and a path-aware sentence realization module. The reasoning module is responsible for searching skeleton paths from a knowledge graph to imitate the imagination process in the human writing for semantic transfer. Based on the inferred paths, the sentence realization module then generates a complete sentence. Unlike previous black-box models, MRG explicitly infers the skeleton path, which provides explanatory views tounderstand how the proposed model works. We conduct experiments on three representative tasks, including story generation, review generation, and product description generation. Automatic and manual evaluation show that our proposed method can generate more informative and coherentlong text than strong baselines, such as pre-trained models(e.g. GPT-2) and knowledge-enhanced models.",
      "arxiv_id": "2009.13282"
    },
    "10": {
      "paperId": "3745d29f98c9642b411f9c732282420d1af66336",
      "externalIds": {
        "DBLP": "journals/corr/abs-2201-12538",
        "ArXiv": "2201.12538",
        "DOI": "10.1007/978-3-031-00129-1_6",
        "CorpusId": 246430983
      },
      "title": "Incorporating Commonsense Knowledge into Story Ending Generation via Heterogeneous Graph Networks",
      "year": 2022,
      "abstract": "  Story ending generation is an interesting and challenging task, which aims to\ngenerate a coherent and reasonable ending given a story context. The key\nchallenges of the task lie in how to comprehend the story context sufficiently\nand handle the implicit knowledge behind story clues effectively, which are\nstill under-explored by previous work. In this paper, we propose a Story\nHeterogeneous Graph Network (SHGN) to explicitly model both the information of\nstory context at different granularity levels and the multi-grained interactive\nrelations among them. In detail, we consider commonsense knowledge, words and\nsentences as three types of nodes. To aggregate non-local information, a global\nnode is also introduced. Given this heterogeneous graph network, the node\nrepresentations are updated through graph propagation, which adequately\nutilizes commonsense knowledge to facilitate story comprehension. Moreover, we\ndesign two auxiliary tasks to implicitly capture the sentiment trend and key\nevents lie in the context. The auxiliary tasks are jointly optimized with the\nprimary story ending generation task in a multi-task learning strategy.\nExtensive experiments on the ROCStories Corpus show that the developed model\nachieves new state-of-the-art performances. Human study further demonstrates\nthat our model generates more reasonable story endings.\n",
      "arxiv_id": "2201.12538"
    },
    "11": {
      "paperId": "54e40f94d886247183f03ef6bd6b212c1bdcde8a",
      "externalIds": {
        "MAG": "2972879420",
        "ACL": "W19-3405",
        "DOI": "10.18653/v1/W19-3405",
        "CorpusId": 201680240
      },
      "title": "Guided Neural Language Generation for Automated Storytelling",
      "year": 2019,
      "abstract": "Neural network based approaches to automated story plot generation attempt to learn how to generate novel plots from a corpus of natural language plot summaries. Prior work has shown that a semantic abstraction of sentences called events improves neural plot generation and and allows one to decompose the problem into: (1) the generation of a sequence of events (event-to-event) and (2) the transformation of these events into natural language sentences (event-to-sentence). However, typical neural language generation approaches to event-to-sentence can ignore the event details and produce grammatically-correct but semantically-unrelated sentences. We present an ensemble-based model that generates natural language guided by events. Our method outperforms the baseline sequence-to-sequence model. Additionally, we provide results for a full end-to-end automated story generation system, demonstrating how our model works with existing systems designed for the event-to-event problem.",
      "arxiv_id": null
    },
    "12": {
      "paperId": "706c6b3781374b0b11f98f204a4ddd05b26ed009",
      "externalIds": {
        "ArXiv": "2204.03084",
        "DBLP": "journals/corr/abs-2204-03084",
        "DOI": "10.48550/arXiv.2204.03084",
        "CorpusId": 248006483
      },
      "title": "Knowledge Infused Decoding",
      "year": 2022,
      "abstract": "Pre-trained language models (LMs) have been shown to memorize a substantial amount of knowledge from the pre-training corpora; however, they are still limited in recalling factually correct knowledge given a certain context. Hence, they tend to suffer from counterfactual or hallucinatory generation when used in knowledge-intensive natural language generation (NLG) tasks. Recent remedies to this problem focus on modifying either the pre-training or task fine-tuning objectives to incorporate knowledge, which normally require additional costly training or architecture modification of LMs for practical applications. We present Knowledge Infused Decoding (KID) -- a novel decoding algorithm for generative LMs, which dynamically infuses external knowledge into each step of the LM decoding. Specifically, we maintain a local knowledge memory based on the current context, interacting with a dynamically created external knowledge trie, and continuously update the local memory as a knowledge-aware constraint to guide decoding via reinforcement learning. On six diverse knowledge-intensive NLG tasks, task-agnostic LMs (e.g., GPT-2 and BART) armed with KID outperform many task-optimized state-of-the-art models, and show particularly strong performance in few-shot scenarios over seven related knowledge-infusion techniques. Human evaluation confirms KID's ability to generate more relevant and factual language for the input context when compared with multiple baselines. Finally, KID also alleviates exposure bias and provides stable generation quality when generating longer sequences. Code for KID is available at https://github.com/microsoft/KID.",
      "arxiv_id": "2204.03084"
    },
    "13": {
      "paperId": "f1ad376c89e200e3d0131d5ba766ca09b322c331",
      "externalIds": {
        "CorpusId": 1211328
      },
      "title": "Improvisational Storytelling Agents",
      "year": 2017,
      "abstract": "The problem of improvisational story generation involves one or more agents collaborating in order to create a story without any advance notice of topic. We present a pipeline for an artificial agent that is capable of improvisational storytelling while collaborating with a human agent. Starting with story corpora, we \u201ceventify\u201d sentences, which creates a simplified and abstracted representation. The rest of the pipeline\u2013the agent\u2019s response\u2013is broken into three parts: generating successive events (event-to-event), translating of events back into natural language (event-to-sentence), and plugging the specifics of the story back into the generated sentences (slot filling). We discuss techniques for each of these sub-problems.",
      "arxiv_id": null
    },
    "14": {
      "paperId": "1ae62df2863132ffa84c8249af14292ccac9d862",
      "externalIds": {
        "MAG": "2941016074",
        "DBLP": "conf/aiide/MartinSR18",
        "CorpusId": 53640685
      },
      "title": "Dungeons and DQNs: Toward Reinforcement Learning Agents that Play Tabletop Roleplaying Games",
      "year": 2018,
      "abstract": "Game playing has been an important testbed for arti\ufb01cial intelligence. Board games, \ufb01rst-person shooters, and real-time strategy games have well-de\ufb01ned win conditions and rely on strong feedback from a simulated environment. Text adventures require natural language understanding to progress through the game but still have an underlying simulated environment. In this paper, we propose tabletop roleplaying games as a challenge due to an in\ufb01nite action space, multiple (collaborative) players and models of the world, and no explicit reward signal. We present an approach for reinforcement learning agents that can play tabletop roleplaying games.",
      "arxiv_id": null
    },
    "15": {
      "paperId": "47a26b0c5d27b99da175e0a719f42d707f97ec3d",
      "externalIds": {
        "MAG": "2962895717",
        "ArXiv": "1706.01331",
        "DBLP": "journals/corr/MartinAHSHR17",
        "DOI": "10.1609/aaai.v32i1.11430",
        "CorpusId": 19127777
      },
      "title": "Event Representations for Automated Story Generation with Deep Neural Nets",
      "year": 2017,
      "abstract": "\n \n Automated story generation is the problem of automatically selecting a sequence of events, actions, or words that can be told as a story. We seek to develop a system that can generate stories by learning everything it needs to know from textual story corpora. To date, recurrent neural networks that learn language models at character, word, or sentence levels have had little success generating coherent stories. We explore the question of event representations that provide a mid-level of abstraction between words and sentences in order to retain the semantic information of the original data while minimizing event sparsity. We present a technique for preprocessing textual story data into event sequences. We then present a technique for automated story generation whereby we decompose the problem into the generation of successive events (event2event) and the generation of natural language sentences from events (event2sentence). We give empirical results comparing different event representations and their effects on event successor generation and the translation of events to natural language.\n \n",
      "arxiv_id": null
    }
  },
  "papers_index": {
    "4e0af5f4944c16e3ae49b3c96cce7f81989c30f8": 0,
    "a791712371ed865cb6debe9cb4d5fd59a3405b85": 1,
    "149a523493e2c41bfbc7b1299425fa9c918c0cdd": 2,
    "1d58feff74497502c9d8f67065604711da6e8960": 3,
    "c6a84615bc36486cd0170f8a3e1b7e5ec8f5344e": 4,
    "7e8457393ff1b40ddd099f195af9d3b14c5a934f": 5,
    "d03d24241fc95e018517d6b1e3be40c5dc31ee66": 6,
    "7d884b40ef5892f61e0f6f358b8e29983f64a178": 7,
    "ce23d5547b09ddd829753a6b79489537e81504bf": 8,
    "2873dfc8f7bcfa80bb77e366e124428ed42bab3b": 9,
    "3745d29f98c9642b411f9c732282420d1af66336": 10,
    "54e40f94d886247183f03ef6bd6b212c1bdcde8a": 11,
    "706c6b3781374b0b11f98f204a4ddd05b26ed009": 12,
    "f1ad376c89e200e3d0131d5ba766ca09b322c331": 13,
    "1ae62df2863132ffa84c8249af14292ccac9d862": 14,
    "47a26b0c5d27b99da175e0a719f42d707f97ec3d": 15
  }
}