{
  "arxiv_id": "2302.01859",
  "title": "Generalizing to Unseen Elements: A Survey on Knowledge Extrapolation for Knowledge Graphs",
  "taxo_tree": {
    "Knowledge Extrapolation": {
      "Entity   Extrapolation": {
        "Entity Encoding": {
          "From Structural   Information": {
            "bb58fbaafca3f0ba546838849277a65da5d3c806": {},
            "397491a080855339052ed61f8c60778225851c6d": {},
            "225d571f97f9097be436626f225cff572007aaf4": {},
            "f148351d03df40827699441e7ba13070ce15adee": {},
            "42da85dce9bd94ae468528837deffca4232284ca": {},
            "a625dee1fb23d1c842a961bc354c0aef3a20c132": {},
            "727183c5cff89a6f2c3b71167ae50c02ca2cacc4": {},
            "8b717c4dfb309638307fcc7d2c798b1c20927a3e": {},
            "f6c4d57c710b461ece658a0b8e7427e862fef116": {},
            "9517f893e42506fa01bc07591b23249708738cc5": {},
            "306ef381c49bf527927115938e26664729222422": {}
          },
          "From Other   Information": {
            "fb289d9f6e8f0f886ef6a6c45bf3166d658b7ab6": {},
            "3a5830800f7b471dafee2a1e6e070f45d9b3f7c7": {},
            "96acb1c882ad655c6b8459c2cd331803801446ca": {},
            "56cafbac34f2bb3f6a9828cd228ff281b810d6bb": {},
            "4e237df92dc6fd9a44db74e5d8e0ff2b11cd1c6a": {},
            "2a561c9650d27218054aa2c87474f0121ba3f33b": {},
            "6602100baa3399b5d3a390d6281a7caadb626ea6": {},
            "2f0385407e599219ae4568afd132307a30287cce": {}
          }
        },
        "Subgraph Predicting": {
          "a54a72601f862517ce38984522a39e77cb9f4b3d": {},
          "f0e9a5611cb444e9131001f3afee984031aae057": {},
          "8c720eb939259971bcb87f46c92ebb0d2d5497c7": {},
          "c1d9583bc15f622773305fe033fccb67e15c8a49": {},
          "76305acf2bf94e3a5677f7547098eeffb6649706": {},
          "433d704797c2d6a9b3ae67ab94240e1d4aa2b060": {},
          "b64fb9eb7a9f523ee15e9a1fe4170cc1d8189fc3": {},
          "fb2497fff440fcc3c3685b5bf5b2b68493cdcac2": {},
          "09a0a76c197bf254bc717be3b57ed6317ac7c589": {},
          "aa6f095df55e5eddf849deaa279aa6fc2fd6e290": {}
        },
        "Rule Learning": {
          "87245d2460b3545a161db78bf0a450422b66f90f": {},
          "64362f33fe0954a97336fcb1b6dfc806d4d3775c": {},
          "9cff970d7d1d8be55ce7d7246b1dc63ca08c3547": {},
          "7445966ded8f38cac487314e8c6b71cdf327b047": {},
          "23e42bc79f10234bdceef31441be39a2d9d2a9a0": {}
        }
      },
      "Relation   Extrapolation": {
        "Relation Encoding": {
          "From Structural   Information": {
            "7a9b1d46eded598e1a04feb9ef605a698df2ddde": {},
            "9014c4e7bec425a117b514e41d9cdf9dec8bd6c1": {}
          },
          "From Other   Information": {
            "e3a676b827b266b2f6c74ba106f61017bd4b4da0": {},
            "94491abe7b0d2de9435eef7907c089af5d4fe575": {},
            "ed4449f065fa225dd7c08929c64e6356ff1264f6": {},
            "f6297a372bc4e6b4843a251b73fc46f720386e33": {}
          }
        },
        "Entity Pair Matching": {
          "b2bc1dbbd46352637ebbd0a38a6d92b56d5819ec": {},
          "b32f5c3d2b0717fd6436068052c33dba2f59fcf2": {},
          "8a84fd7a1218637697539a6e8246c99f56b4a298": {},
          "fdb87d305c59e9ab82a96198e34e46581b838c4e": {},
          "271f40f4fad4d112e436565e668b79ede690d755": {},
          "a2956f089340e26df9672e0bc5ed8a6f81668925": {},
          "ba4b55be0fc4f8fd7fa0787c9ab5e67edf40a5b4": {}
        }
      }
    }
  },
  "papers": {
    "0": {
      "paperId": "87245d2460b3545a161db78bf0a450422b66f90f",
      "externalIds": {
        "MAG": "2151502664",
        "DBLP": "conf/www/GalarragaTHS13",
        "DOI": "10.1145/2488388.2488425",
        "CorpusId": 4090850
      },
      "title": "AMIE: association rule mining under incomplete evidence in ontological knowledge bases",
      "year": 2013,
      "abstract": "Recent advances in information extraction have led to huge knowledge bases (KBs), which capture knowledge in a machine-readable format. Inductive Logic Programming (ILP) can be used to mine logical rules from the KB. These rules can help deduce and add missing knowledge to the KB. While ILP is a mature field, mining logical rules from KBs is different in two aspects: First, current rule mining systems are easily overwhelmed by the amount of data (state-of-the art systems cannot even run on today's KBs). Second, ILP usually requires counterexamples. KBs, however, implement the open world assumption (OWA), meaning that absent data cannot be used as counterexamples. In this paper, we develop a rule mining model that is explicitly tailored to support the OWA scenario. It is inspired by association rule mining and introduces a novel measure for confidence. Our extensive experiments show that our approach outperforms state-of-the-art approaches in terms of precision and coverage. Furthermore, our system, AMIE, mines rules orders of magnitude faster than state-of-the-art approaches.",
      "arxiv_id": null
    },
    "1": {
      "paperId": "bb58fbaafca3f0ba546838849277a65da5d3c806",
      "externalIds": {
        "DBLP": "journals/corr/abs-2208-10378",
        "ArXiv": "2208.10378",
        "DOI": "10.1145/3511808.3557361",
        "CorpusId": 251719495
      },
      "title": "Inductive Knowledge Graph Reasoning for Multi-batch Emerging Entities",
      "year": 2022,
      "abstract": "Over the years, reasoning over knowledge graphs (KGs), which aims to infer new conclusions from known facts, has mostly focused on static KGs. The unceasing growth of knowledge in real life raises the necessity to enable the inductive reasoning ability on expanding KGs. Existing inductive work assumes that new entities all emerge once in a batch, which oversimplifies the real scenario that new entities continually appear. This study dives into a more realistic and challenging setting where new entities emerge in multiple batches. We propose a walk-based inductive reasoning model to tackle the new setting. Specifically, a graph convolutional network with adaptive relation aggregation is designed to encode and update entities using their neighboring relations. To capture the varying neighbor importance, we employ a query-aware feedback attention mechanism during the aggregation. Furthermore, to alleviate the sparse link problem of new entities, we propose a link augmentation strategy to add trustworthy facts into KGs. We construct three new datasets for simulating this multi-batch emergence scenario. The experimental results show that our proposed model outperforms state-of-the-art embedding-based, walk-based and rule-based models on inductive KG reasoning.",
      "arxiv_id": null
    },
    "2": {
      "paperId": "64362f33fe0954a97336fcb1b6dfc806d4d3775c",
      "externalIds": {
        "MAG": "2966298461",
        "DBLP": "conf/ijcai/MeilickeCRS19",
        "DOI": "10.24963/ijcai.2019/435",
        "CorpusId": 263877624
      },
      "title": "Anytime Bottom-Up Rule Learning for Knowledge Graph Completion",
      "year": 2019,
      "abstract": "We propose an anytime bottom-up technique for learning logical rules from large knowledge graphs. We apply the learned rules to predict candidates in the context of knowledge graph completion. Our approach outperforms other rule-based approaches and it is competitive with current state of the art, which is based on latent representations. Besides, our approach is significantly faster, requires less computational resources, and yields an explanation in terms of the rules that propose a candidate.",
      "arxiv_id": null
    },
    "3": {
      "paperId": "fb289d9f6e8f0f886ef6a6c45bf3166d658b7ab6",
      "externalIds": {
        "DBLP": "conf/www/DazaCG21",
        "MAG": "3092475443",
        "ArXiv": "2010.03496",
        "DOI": "10.1145/3442381.3450141",
        "CorpusId": 222177425
      },
      "title": "Inductive Entity Representations from Text via Link Prediction",
      "year": 2020,
      "abstract": "Knowledge Graphs (KG) are of vital importance for multiple applications on the web, including information retrieval, recommender systems, and metadata annotation. Regardless of whether they are built manually by domain experts or with automatic pipelines, KGs are often incomplete. To address this problem, there is a large amount of work that proposes using machine learning to complete these graphs by predicting new links. Recent work has begun to explore the use of textual descriptions available in knowledge graphs to learn vector representations of entities in order to preform link prediction. However, the extent to which these representations learned for link prediction generalize to other tasks is unclear. This is important given the cost of learning such representations. Ideally, we would prefer representations that do not need to be trained again when transferring to a different task, while retaining reasonable performance. Therefore, in this work, we propose a holistic evaluation protocol for entity representations learned via a link prediction objective. We consider the inductive link prediction and entity classification tasks, which involve entities not seen during training. We also consider an information retrieval task for entity-oriented search. We evaluate an architecture based on a pretrained language model, that exhibits strong generalization to entities not observed during training, and outperforms related state-of-the-art methods (22% MRR improvement in link prediction on average). We further provide evidence that the learned representations transfer well to other tasks without fine-tuning. In the entity classification task we obtain an average improvement of 16% in accuracy compared with baselines that also employ pre-trained models. In the information retrieval task, we obtain significant improvements of up to 8.8% in NDCG@10 for natural language queries. We thus show that the learned representations are not limited KG-specific tasks, and have greater generalization properties than evaluated in previous work.",
      "arxiv_id": null
    },
    "4": {
      "paperId": "a54a72601f862517ce38984522a39e77cb9f4b3d",
      "externalIds": {
        "DBLP": "conf/aaai/ZhaCY22",
        "ArXiv": "2103.07102",
        "DOI": "10.1609/aaai.v36i5.20537",
        "CorpusId": 232222958
      },
      "title": "Inductive Relation Prediction by BERT",
      "year": 2021,
      "abstract": "Relation prediction in knowledge graphs is dominated by embedding based methods which mainly focus on the transductive setting. Unfortunately, they are not able to handle inductive learning where unseen entities and relations are present and cannot take advantage of prior knowledge. Furthermore, their inference process is not easily explainable. In this work, we propose an all-in-one solution, called BERTRL (BERT-based Relational Learning), which leverages pre-trained language model and fine-tunes it by taking relation instances and their possible reasoning paths as training samples. BERTRL outperforms the SOTAs in 15 out of 18 cases in both inductive and transductive settings. Meanwhile, it demonstrates strong generalization capability in few-shot learning and is explainable. The data and code can be found at https://github.com/zhw12/BERTRL.",
      "arxiv_id": "2103.07102"
    },
    "5": {
      "paperId": "9cff970d7d1d8be55ce7d7246b1dc63ca08c3547",
      "externalIds": {
        "ArXiv": "2110.02510",
        "DBLP": "conf/icml/YanMGT022",
        "CorpusId": 246411717
      },
      "title": "Cycle Representation Learning for Inductive Relation Prediction",
      "year": 2021,
      "abstract": "In recent years, algebraic topology and its modern development, the theory of persistent homology, has shown great potential in graph representation learning. In this paper, based on the mathematics of algebraic topology, we propose a novel solution for inductive relation prediction, an important learning task for knowledge graph completion. To predict the relation between two entities, one can use the existence of rules, namely a sequence of relations. Previous works view rules as paths and primarily focus on the searching of paths between entities. The space of rules is huge, and one has to sacrifice either efficiency or accuracy. In this paper, we consider rules as cycles and show that the space of cycles has a unique structure based on the mathematics of algebraic topology. By exploring the linear structure of the cycle space, we can improve the searching efficiency of rules. We propose to collect cycle bases that span the space of cycles. We build a novel GNN framework on the collected cycles to learn the representations of cycles, and to predict the existence/non-existence of a relation. Our method achieves state-of-the-art performance on benchmarks.",
      "arxiv_id": "2110.02510"
    },
    "6": {
      "paperId": "397491a080855339052ed61f8c60778225851c6d",
      "externalIds": {
        "DBLP": "conf/aaai/WangZPDSS22",
        "DOI": "10.1609/aaai.v36i4.20337",
        "CorpusId": 250289207
      },
      "title": "Exploring Relational Semantics for Inductive Knowledge Graph Completion",
      "year": 2022,
      "abstract": "Knowledge graph completion (KGC) aims to infer missing information in incomplete knowledge graphs (KGs). Most previous works only consider the transductive scenario where entities are existing in KGs, which cannot work effectively for the inductive scenario containing emerging entities. Recently some graph neural network-based methods have been proposed for inductive KGC by aggregating neighborhood information to capture some uncertainty semantics from the neighboring auxiliary triples. But these methods ignore the more general relational semantics underlying all the known triples that can provide richer information to represent emerging entities so as to satisfy the inductive scenario. In this paper, we propose a novel model called CFAG, which utilizes two granularity levels of relational semantics in a coarse-grained aggregator (CG-AGG) and a fine-grained generative adversarial net (FG-GAN), for inductive KGC. The CG-AGG firstly generates entity representations with multiple semantics through a hypergraph neural network-based global aggregator and a graph neural network-based local aggregator, and the FG-GAN further enhances entity representations with specific semantics through conditional generative adversarial nets. Experimental results on benchmark datasets show that our model outperforms state-of-the-art models for inductive KGC.",
      "arxiv_id": null
    },
    "7": {
      "paperId": "b2bc1dbbd46352637ebbd0a38a6d92b56d5819ec",
      "externalIds": {
        "DBLP": "journals/corr/abs-2210-06722",
        "ArXiv": "2210.06722",
        "DOI": "10.48550/arXiv.2210.06722",
        "CorpusId": 252873118
      },
      "title": "Few-shot Relational Reasoning via Connection Subgraph Pretraining",
      "year": 2022,
      "abstract": "Few-shot knowledge graph (KG) completion task aims to perform inductive reasoning over the KG: given only a few support triplets of a new relation $\\bowtie$ (e.g., (chop,$\\bowtie$,kitchen), (read,$\\bowtie$,library), the goal is to predict the query triplets of the same unseen relation $\\bowtie$, e.g., (sleep,$\\bowtie$,?). Current approaches cast the problem in a meta-learning framework, where the model needs to be first jointly trained over many training few-shot tasks, each being defined by its own relation, so that learning/prediction on the target few-shot task can be effective. However, in real-world KGs, curating many training tasks is a challenging ad hoc process. Here we propose Connection Subgraph Reasoner (CSR), which can make predictions for the target few-shot task directly without the need for pre-training on the human curated set of training tasks. The key to CSR is that we explicitly model a shared connection subgraph between support and query triplets, as inspired by the principle of eliminative induction. To adapt to specific KG, we design a corresponding self-supervised pretraining scheme with the objective of reconstructing automatically sampled connection subgraphs. Our pretrained model can then be directly applied to target few-shot tasks on without the need for training few-shot tasks. Extensive experiments on real KGs, including NELL, FB15K-237, and ConceptNet, demonstrate the effectiveness of our framework: we show that even a learning-free implementation of CSR can already perform competitively to existing methods on target few-shot tasks; with pretraining, CSR can achieve significant gains of up to 52% on the more challenging inductive few-shot tasks where the entities are also unseen during (pre)training.",
      "arxiv_id": "2210.06722"
    },
    "8": {
      "paperId": "f0e9a5611cb444e9131001f3afee984031aae057",
      "externalIds": {
        "DBLP": "journals/corr/abs-2012-08911",
        "MAG": "3113170987",
        "ArXiv": "2012.08911",
        "DOI": "10.1609/aaai.v35i5.16554",
        "CorpusId": 229213013
      },
      "title": "Communicative Message Passing for Inductive Relation Reasoning",
      "year": 2020,
      "abstract": "Relation prediction for knowledge graphs aims at predicting missing relationships between entities. Despite the importance of inductive relation prediction, most previous works are limited to a transductive setting and cannot process previously unseen entities. The recent proposed subgraph-based relation reasoning models provided alternatives to predict links from the subgraph structure surrounding a candidate triplet inductively. However, we observe that these methods often neglect the directed nature of the extracted subgraph and weaken the role of relation information in the subgraph modeling. As a result, they fail to effectively handle the asymmetric/anti-symmetric triplets and produce insufficient embeddings for the target triplets. To this end, we introduce a Communicative Message Passing neural network for Inductive reLation rEasoning, CoMPILE, that reasons over local directed subgraph structures and has a vigorous inductive bias to process entity-independent semantic relations. In contrast to existing models, CoMPILE strengthens the message interactions between edges and entitles through a communicative kernel and enables a sufficient flow of relation information. Moreover, we demonstrate that CoMPILE can naturally handle asymmetric/anti-symmetric relations without the need for explosively increasing the number of model parameters by extracting the directed enclosing subgraphs. Extensive experiments show substantial performance gains in comparison to state-of-the-art methods on commonly used benchmark datasets with variant inductive settings.",
      "arxiv_id": "2012.08911"
    },
    "9": {
      "paperId": "8c720eb939259971bcb87f46c92ebb0d2d5497c7",
      "externalIds": {
        "DBLP": "conf/sigir/LinLXPZZZ22",
        "DOI": "10.1145/3477495.3531996",
        "CorpusId": 250340389
      },
      "title": "Incorporating Context Graph with Logical Reasoning for Inductive Relation Prediction",
      "year": 2022,
      "abstract": "Relation prediction on knowledge graphs (KGs) aims to infer missing valid triples from observed ones. Although this task has been deeply studied, most previous studies are limited to the transductive setting and cannot handle emerging entities. Actually, the inductive setting is closer to real-life scenarios because it allows entities in the testing phase to be unseen during training. However, it is challenging to precisely conduct inductive relation prediction as there exists requirements of entity-independent relation modeling and discrete logical reasoning for interoperability. To this end, we propose a novel model ConGLR to incorporate context graph with logical reasoning. Firstly, the enclosing subgraph w.r.t. target head and tail entities are extracted and initialized by the double radius labeling. And then the context graph involving relational paths, relations and entities is introduced. Secondly, two graph convolutional networks (GCNs) with the information interaction of entities and relations are carried out to process the subgraph and context graph respectively. Considering the influence of different edges and target relations, we introduce edge-aware and relation-aware attention mechanisms for the subgraph GCN. Finally, by treating the relational path as rule body and target relation as rule head, we integrate neural calculating and logical reasoning to obtain inductive scores. And to focus on the specific modeling goals of each module, the stop-gradient is utilized in the information interaction between context graph and subgraph GCNs in the training process. In this way, ConGLR satisfies two inductive requirements at the same time. Extensive experiments demonstrate that ConGLR obtains outstanding performance against state-of-the-art baselines on twelve inductive dataset versions of three common KGs.",
      "arxiv_id": null
    },
    "10": {
      "paperId": "3a5830800f7b471dafee2a1e6e070f45d9b3f7c7",
      "externalIds": {
        "DBLP": "conf/aaai/ShiW18",
        "MAG": "2952169519",
        "ArXiv": "1711.03438",
        "DOI": "10.1609/aaai.v32i1.11535",
        "CorpusId": 19139252
      },
      "title": "Open-World Knowledge Graph Completion",
      "year": 2017,
      "abstract": "\n \n Knowledge Graphs (KGs) have been applied to many tasks including Web search, link prediction, recommendation, natural language processing, and entity linking. However, most KGs are far from complete and are growing at a rapid pace. To address these problems, Knowledge Graph Completion (KGC) has been proposed to improve KGs by filling in its missing connections. Unlike existing methods which hold a closed-world assumption, i.e., where KGs are fixed and new entities cannot be easily added, in the present work we relax this assumption and propose a new open-world KGC task. As a first attempt to solve this task we introduce an open-world KGC model called ConMask. This model learns embeddings of the entity's name and parts of its text-description to connect unseen entities to the KG. To mitigate the presence of noisy text descriptions, ConMask uses a relationship-dependent content masking to extract relevant snippets and then trains a fully convolutional neural network to fuse the extracted snippets with entities in the KG. Experiments on large data sets, both old and new, show that ConMask performs well in the open-world KGC task and even outperforms existing KGC models on the standard closed-world KGC task.\n \n",
      "arxiv_id": null
    },
    "11": {
      "paperId": "96acb1c882ad655c6b8459c2cd331803801446ca",
      "externalIds": {
        "DBLP": "conf/aaai/XieLJLS16",
        "MAG": "2499696929",
        "DOI": "10.1609/aaai.v30i1.10329",
        "CorpusId": 31606602
      },
      "title": "Representation Learning of Knowledge Graphs with Entity Descriptions",
      "year": 2016,
      "abstract": "\n \n Representation learning (RL) of knowledge graphs aims to project both entities and relations into a continuous low-dimensional space. Most methods concentrate on learning representations with knowledge triples indicating relations between entities. In fact, in most knowledge graphs there are usually concise descriptions for entities, which cannot be well utilized by existing methods. In this paper, we propose a novel RL method for knowledge graphs taking advantages of entity descriptions. More specifically, we explore two encoders, including continuous bag-of-words and deep convolutional neural models to encode semantics of entity descriptions. We further learn knowledge representations with both triples and descriptions. We evaluate our method on two tasks, including knowledge graph completion and entity classification. Experimental results on real-world datasets show that, our method outperforms other baselines on the two tasks, especially under the zero-shot setting, which indicates that our method is capable of building representations for novel entities according to their descriptions. The source code of this paper can be obtained from https://github.com/xrb92/DKRL.\n \n",
      "arxiv_id": null
    },
    "12": {
      "paperId": "e3a676b827b266b2f6c74ba106f61017bd4b4da0",
      "externalIds": {
        "ACL": "2022.coling-1.196",
        "DBLP": "conf/coling/SongHZG00022",
        "CorpusId": 252819509
      },
      "title": "Decoupling Mixture-of-Graphs: Unseen Relational Learning for Knowledge Graph Completion by Fusing Ontology and Textual Experts",
      "year": 2022,
      "abstract": "Knowledge Graph Embedding (KGE) has been proposed and successfully utilized to knowledge Graph Completion (KGC). But classic KGE paradigm often fail in unseen relation representations. Previous studies mainly utilize the textual descriptions of relations and its neighbor relations to represent unseen relations. In fact, the semantics of a relation can be expressed by three kinds of graphs: factual graph, ontology graph, textual description graph, and they can complement each other. A more common scenario in the real world is that seen and unseen relations appear at the same time. In this setting, the training set (only seen relations) and testing set (both seen and unseen relations) own different distributions. And the train-test inconsistency problem will make KGE methods easiy overfit on seen relations and under-performance on unseen relations. In this paper, we propose decoupling mixture-of-graph experts (DMoG) for unseen relations learning, which could represent the unseen relations in the factual graph by fusing ontology and textual graphs, and decouple fusing space and reasoning space to alleviate overfitting for seen relations. The experiments on two unseen only public datasets and a mixture dataset verify the effectiveness of the proposed method, which improves the state-of-the-art methods by 6.84% in Hits@10 on average.",
      "arxiv_id": null
    },
    "13": {
      "paperId": "94491abe7b0d2de9435eef7907c089af5d4fe575",
      "externalIds": {
        "DBLP": "journals/corr/abs-2206-03739",
        "ArXiv": "2206.03739",
        "DOI": "10.1145/3534678.3539453",
        "CorpusId": 249461710
      },
      "title": "Disentangled Ontology Embedding for Zero-shot Learning",
      "year": 2022,
      "abstract": "Knowledge Graph (KG) and its variant of ontology have been widely used for knowledge representation, and have shown to be quite effective in augmenting Zero-shot Learning (ZSL). However, existing ZSL methods that utilize KGs all neglect the intrinsic complexity of inter-class relationships represented in KGs. One typical feature is that a class is often related to other classes in different semantic aspects. In this paper, we focus on ontologies for augmenting ZSL, and propose to learn disentangled ontology embeddings guided by ontology properties to capture and utilize more fine-grained class relationships in different aspects. We also contribute a new ZSL framework named DOZSL, which contains two new ZSL solutions based on generative models and graph propagation models, respectively, for effectively utilizing the disentangled ontology embeddings. Extensive evaluations have been conducted on five benchmarks across zero-shot image classification (ZS-IMGC) and zero-shot KG completion (ZS-KGC). DOZSL often achieves better performance than the state-of-the-art, and its components have been verified by ablation studies and case studies. Our codes and datasets are available at https://github.com/zjukg/DOZSL.",
      "arxiv_id": null
    },
    "14": {
      "paperId": "7445966ded8f38cac487314e8c6b71cdf327b047",
      "externalIds": {
        "MAG": "2985433877",
        "DBLP": "conf/nips/SadeghianADW19",
        "ArXiv": "1911.00055",
        "CorpusId": 202775885
      },
      "title": "DRUM: End-To-End Differentiable Rule Mining On Knowledge Graphs",
      "year": 2019,
      "abstract": "In this paper, we study the problem of learning probabilistic logical rules for inductive and interpretable link prediction. Despite the importance of inductive link prediction, most previous works focused on transductive link prediction and cannot manage previously unseen entities. Moreover, they are black-box models that are not easily explainable for humans. We propose DRUM, a scalable and differentiable approach for mining first-order logical rules from knowledge graphs that resolves these problems. We motivate our method by making a connection between learning confidence scores for each rule and low-rank tensor approximation. DRUM uses bidirectional RNNs to share useful information across the tasks of learning rules for different relations. We also empirically demonstrate the efficiency of DRUM over existing rule mining methods for inductive link prediction on a variety of benchmark datasets.",
      "arxiv_id": null
    },
    "15": {
      "paperId": "b32f5c3d2b0717fd6436068052c33dba2f59fcf2",
      "externalIds": {
        "MAG": "3100606581",
        "DBLP": "journals/corr/abs-2010-09638",
        "ArXiv": "2010.09638",
        "ACL": "2020.emnlp-main.131",
        "DOI": "10.18653/v1/2020.emnlp-main.131",
        "CorpusId": 224706384
      },
      "title": "Adaptive Attentional Network for Few-Shot Knowledge Graph Completion",
      "year": 2020,
      "abstract": "Few-shot Knowledge Graph (KG) completion is a focus of current research, where each task aims at querying unseen facts of a relation given its few-shot reference entity pairs. Recent attempts solve this problem by learning static representations of entities and references, ignoring their dynamic properties, i.e., entities may exhibit diverse roles within task relations, and references may make different contributions to queries. This work proposes an adaptive attentional network for few-shot KG completion by learning adaptive entity and reference representations. Specifically, entities are modeled by an adaptive neighbor encoder to discern their task-oriented roles, while references are modeled by an adaptive query-aware aggregator to differentiate their contributions. Through the attention mechanism, both entities and references can capture their fine-grained semantic meanings, and thus render more expressive representations. This will be more predictive for knowledge acquisition in the few-shot scenario. Evaluation in link prediction on two public datasets shows that our approach achieves new state-of-the-art results with different few-shot sizes. The source code is available at https://github.com/JiaweiSheng/FAAN.",
      "arxiv_id": "2010.09638"
    },
    "16": {
      "paperId": "8a84fd7a1218637697539a6e8246c99f56b4a298",
      "externalIds": {
        "MAG": "2997738974",
        "DBLP": "conf/aaai/ZhangYHJLC20",
        "ArXiv": "1911.11298",
        "DOI": "10.1609/AAAI.V34I03.5698",
        "CorpusId": 208291464
      },
      "title": "Few-Shot Knowledge Graph Completion",
      "year": 2019,
      "abstract": "Knowledge graphs (KGs) serve as useful resources for various natural language processing applications. Previous KG completion approaches require a large number of training instances (i.e., head-tail entity pairs) for every relation. The real case is that for most of the relations, very few entity pairs are available. Existing work of one-shot learning limits method generalizability for few-shot scenarios and does not fully use the supervisory information; however, few-shot KG completion has not been well studied yet. In this work, we propose a novel few-shot relation learning model (FSRL) that aims at discovering facts of new relations with few-shot references. FSRL can effectively capture knowledge from heterogeneous graph structure, aggregate representations of few-shot references, and match similar entity pairs of reference set for every relation. Extensive experiments on two public datasets demonstrate that FSRL outperforms the state-of-the-art.",
      "arxiv_id": null
    },
    "17": {
      "paperId": "7a9b1d46eded598e1a04feb9ef605a698df2ddde",
      "externalIds": {
        "DBLP": "journals/corr/abs-2104-13095",
        "ArXiv": "2104.13095",
        "DOI": "10.1145/3404835.3462925",
        "CorpusId": 233407536
      },
      "title": "Relational Learning with Gated and Attentive Neighbor Aggregator for Few-Shot Knowledge Graph Completion",
      "year": 2021,
      "abstract": "Aiming at expanding few-shot relations' coverage in knowledge graphs (KGs), few-shot knowledge graph completion (FKGC) has recently gained more research interests. Some existing models employ a few-shot relation's multi-hop neighbor information to enhance its semantic representation. However, noise neighbor information might be amplified when the neighborhood is excessively sparse and no neighbor is available to represent the few-shot relation. Moreover, modeling and inferring complex relations of one-to-many (1-N), many-to-one (N-1), and many-to-many (N-N) by previous knowledge graph completion approaches requires high model complexity and a large amount of training instances. Thus, inferring complex relations in the few-shot scenario is difficult for FKGC models due to limited training instances. In this paper, we propose a few-shot relational learning with global-local framework to address the above issues. At the global stage, a novel gated and attentive neighbor aggregator is built for accurately integrating the semantics of a few-shot relation's neighborhood, which helps filtering the noise neighbors even if a KG contains extremely sparse neighborhoods. For the local stage, a meta-learning based TransH (MTransH) method is designed to model complex relations and train our model in a few-shot learning fashion. Extensive experiments show that our model outperforms the state-of-the-art FKGC approaches on the frequently-used benchmark datasets NELL-One and Wiki-One. Compared with the strong baseline model MetaR, our model achieves 5-shot FKGC performance improvements of 8.0% on NELL-One and 2.8% on Wiki-One by the metric Hits@10.",
      "arxiv_id": "2104.13095"
    },
    "18": {
      "paperId": "225d571f97f9097be436626f225cff572007aaf4",
      "externalIds": {
        "MAG": "3034801186",
        "DBLP": "conf/nips/BaekLH20",
        "ArXiv": "2006.06648",
        "CorpusId": 219573823
      },
      "title": "Learning to Extrapolate Knowledge: Transductive Few-shot Out-of-Graph Link Prediction",
      "year": 2020,
      "abstract": "Many practical graph problems, such as knowledge graph construction and drug-to-drug interaction, require to handle multi-relational graphs. However, handling real-world multi-label graphs with Graph Neural Networks (GNNs) is often challenging due to their evolving nature, where new entities (nodes) can emerge over time. Moreover, newly emerged entities often have few links, which makes the learning even more difficult. Motivated by this challenge, we introduce a realistic problem of few-shot out-of-graph link prediction, where we not only predict the links between the seen and unseen nodes as in a conventional out-of-knowledge link prediction but also between the unseen nodes, with only few edges per node. We tackle this problem with a novel transductive meta-learning framework which we refer to as Graph Extrapolation Networks (GEN). GEN meta-learns both the node embedding network for inductive inference (seen-to-unseen) and the link prediction network for transductive inference (unseen-to-unseen). For transductive link prediction, we further propose a stochastic embedding layer to model uncertainty in the link prediction between unseen entities. We validate our model on multiple benchmark datasets for knowledge graph link prediction and drug-to-drug interaction prediction. The results show that our model significantly outperforms relevant baselines for out-of-graph link prediction tasks.",
      "arxiv_id": "2006.06648"
    },
    "19": {
      "paperId": "fdb87d305c59e9ab82a96198e34e46581b838c4e",
      "externalIds": {
        "MAG": "2889234142",
        "DBLP": "conf/emnlp/XiongYCGW18",
        "ArXiv": "1808.09040",
        "ACL": "D18-1223",
        "DOI": "10.18653/v1/D18-1223",
        "CorpusId": 52110037
      },
      "title": "One-Shot Relational Learning for Knowledge Graphs",
      "year": 2018,
      "abstract": "Knowledge graphs (KG) are the key components of various natural language processing applications. To further expand KGs\u2019 coverage, previous studies on knowledge graph completion usually require a large number of positive examples for each relation. However, we observe long-tail relations are actually more common in KGs and those newly added relations often do not have many known triples for training. In this work, we aim at predicting new facts under a challenging setting where only one training instance is available. We propose a one-shot relational learning framework, which utilizes the knowledge distilled by embedding models and learns a matching metric by considering both the learned embeddings and one-hop graph structures. Empirically, our model yields considerable performance improvements over existing embedding models, and also eliminates the need of re-training the embedding models when dealing with newly added relations.",
      "arxiv_id": "1808.09040"
    },
    "20": {
      "paperId": "c1d9583bc15f622773305fe033fccb67e15c8a49",
      "externalIds": {
        "MAG": "3006053005",
        "DBLP": "conf/icml/TeruDH20",
        "ArXiv": "1911.06962",
        "CorpusId": 211082667
      },
      "title": "Inductive Relation Prediction by Subgraph Reasoning",
      "year": 2019,
      "abstract": "The dominant paradigm for relation prediction in knowledge graphs involves learning and operating on latent representations (i.e., embeddings) of entities and relations. However, these embedding-based methods do not explicitly capture the compositional logical rules underlying the knowledge graph, and they are limited to the transductive setting, where the full set of entities must be known during training. Here, we propose a graph neural network based relation prediction framework, GraIL, that reasons over local subgraph structures and has a strong inductive bias to learn entity-independent relational semantics. Unlike embedding-based models, GraIL is naturally inductive and can generalize to unseen entities and graphs after training. We provide theoretical proof and strong empirical evidence that GraIL can represent a useful subset of first-order logic and show that GraIL outperforms existing rule-induction baselines in the inductive setting. We also demonstrate significant gains obtained by ensembling GraIL with various knowledge graph embedding methods in the transductive setting, highlighting the complementary inductive bias of our method.",
      "arxiv_id": "1911.06962"
    },
    "21": {
      "paperId": "271f40f4fad4d112e436565e668b79ede690d755",
      "externalIds": {
        "DBLP": "conf/iclr/JinWD0ZW0G22",
        "CorpusId": 251647173
      },
      "title": "Inductive Relation Prediction Using Analogy Subgraph Embeddings",
      "year": 2022,
      "abstract": "Prevailing methods for relation prediction in heterogeneous graphs including knowledge graphs aim at learning the latent representations (i.e., embeddings) of observed nodes and relations, and are thus limited to the transductive setting where the relation types must be known during training. In this paper, we propose ANalogy SubGraph Embedding Learning (GraphANGEL), a novel relation prediction framework that predicts relations between each node pair by checking whether the subgraphs containing the pair are similar to other subgraphs containing the considered relation. Each graph pattern explicitly represents a specific logical rule, which contributes to an inductive bias that facilitates generalization to unseen relation types and leads to more explainable predictive models. Our model consistently outperforms existing models in terms of heterogeneous graph based recommendation as well as knowledge graph completion. We also empirically demonstrate the capability of our model in generalizing to new relation types while producing explainable heat maps of attention scores across the discovered logics.",
      "arxiv_id": null
    },
    "22": {
      "paperId": "f148351d03df40827699441e7ba13070ce15adee",
      "externalIds": {
        "DBLP": "conf/cikm/ZhangW0XLZ21",
        "DOI": "10.1145/3459637.3482367",
        "CorpusId": 240230810
      },
      "title": "Meta-Learning Based Hyper-Relation Feature Modeling for Out-of-Knowledge-Base Embedding",
      "year": 2021,
      "abstract": "Knowledge graph (KG) embedding aims to encode both entities and relations into a continuous vector space. Most existing methods require that all entities should be observed during training while ignoring the evolving nature of KG. Major recent efforts on this issue embed new entities by aggregating neighborhood information from existing entities and relations with Graph Neural Network (GNN). However, these methods rely on the neighbors seen during training and suffer from the embedding of new entities with insufficient triplets or triplets with the unseen-to-unseen form. To relieve this problem, we propose a two-stage learning model referred as Hyper-Relation Feature Learning Network (HRFN) for effective out-of-knowledge-base embedding. For the first stage, HRFN learns pre-representations for emerging entities using hyper-relation features meta-learned from the training set. A novel feature aggregating network that involves an entity-centered Graph Convolutional Network (GCN) and a relation-centered GCN is proposed to aggregate information from both new entities themselves and their neighbors. For stage two, a transductive learning network is employed to learn finer-grained embeddings based on above-mentioned pre-representations of new entities. Experimental results on the link prediction task demonstrate the superiority of our model. Further analysis is also done to validate the effectiveness and efficiency of pre-representing emerging entities with the hyper-relation feature.",
      "arxiv_id": null
    },
    "23": {
      "paperId": "42da85dce9bd94ae468528837deffca4232284ca",
      "externalIds": {
        "DBLP": "conf/nips/LiuGHK21",
        "CorpusId": 245119728
      },
      "title": "INDIGO: GNN-Based Inductive Knowledge Graph Completion Using Pair-Wise Encoding",
      "year": 2021,
      "abstract": "The aim of knowledge graph (KG) completion is to extend an incomplete KG with missing triples. Popular approaches based on graph embeddings typically work by first representing the KG in a vector space, and then applying a predefined scoring function to the resulting vectors to complete the KG. These approaches work well in transductive settings, where predicted triples involve only constants seen during training; however, they are not applicable in inductive settings, where the KG on which the model was trained is extended with new constants or merged with other KGs. The use of Graph Neural Networks (GNNs) has recently been proposed as a way to overcome these limitations; however, existing approaches do not fully exploit the capabilities of GNNs and still rely on heuristics and ad-hoc scoring functions. In this paper, we propose a novel approach, where the KG is fully encoded into a GNN in a transparent way, and where the predicted triples can be read out directly from the last layer of the GNN without the need for additional components or scoring functions. Our experiments show that our model outperforms state-of-the-art approaches on inductive KG completion benchmarks.",
      "arxiv_id": null
    },
    "24": {
      "paperId": "56cafbac34f2bb3f6a9828cd228ff281b810d6bb",
      "externalIds": {
        "DBLP": "journals/tacl/WangGZZLLT21",
        "MAG": "3151929433",
        "ArXiv": "1911.06136",
        "DOI": "10.1162/tacl_a_00360",
        "CorpusId": 208006241
      },
      "title": "KEPLER: A Unified Model for Knowledge Embedding and Pre-trained Language Representation",
      "year": 2019,
      "abstract": "Abstract Pre-trained language representation models (PLMs) cannot well capture factual knowledge from text. In contrast, knowledge embedding (KE) methods can effectively represent the relational facts in knowledge graphs (KGs) with informative entity embeddings, but conventional KE models cannot take full advantage of the abundant textual information. In this paper, we propose a unified model for Knowledge Embedding and Pre-trained LanguagERepresentation (KEPLER), which can not only better integrate factual knowledge into PLMs but also produce effective text-enhanced KE with the strong PLMs. In KEPLER, we encode textual entity descriptions with a PLM as their embeddings, and then jointly optimize the KE and language modeling objectives. Experimental results show that KEPLER achieves state-of-the-art performances on various NLP tasks, and also works remarkably well as an inductive KE model on KG link prediction. Furthermore, for pre-training and evaluating KEPLER, we construct Wikidata5M1 , a large-scale KG dataset with aligned entity descriptions, and benchmark state-of-the-art KE methods on it. It shall serve as a new KE benchmark and facilitate the research on large KG, inductive KE, and KG with text. The source code can be obtained from https://github.com/THU-KEG/KEPLER.",
      "arxiv_id": "1911.06136"
    },
    "25": {
      "paperId": "a625dee1fb23d1c842a961bc354c0aef3a20c132",
      "externalIds": {
        "MAG": "2796186596",
        "DBLP": "journals/corr/HamaguchiOSM17",
        "ArXiv": "1706.05674",
        "DOI": "10.1527/tjsai.F-H72",
        "CorpusId": 27180836
      },
      "title": "Knowledge Transfer for Out-of-Knowledge-Base Entities : A Graph Neural Network Approach",
      "year": 2017,
      "abstract": "Knowledge base completion (KBC) aims to predict missing information in a knowledge this http URL this paper, we address the out-of-knowledge-base (OOKB) entity problem in KBC:how to answer queries concerning test entities not observed at training time. Existing embedding-based KBC models assume that all test entities are available at training time, making it unclear how to obtain embeddings for new entities without costly retraining. To solve the OOKB entity problem without retraining, we use graph neural networks (Graph-NNs) to compute the embeddings of OOKB entities, exploiting the limited auxiliary knowledge provided at test time.The experimental results show the effectiveness of our proposed model in the OOKB setting.Additionally, in the standard KBC setting in which OOKB entities are not involved, our model achieves state-of-the-art performance on the WordNet dataset. The code and dataset are available at this https URL",
      "arxiv_id": null
    },
    "26": {
      "paperId": "727183c5cff89a6f2c3b71167ae50c02ca2cacc4",
      "externalIds": {
        "MAG": "2963571857",
        "ArXiv": "1811.01399",
        "DBLP": "conf/aaai/WangHLP19",
        "DOI": "10.1609/AAAI.V33I01.33017152",
        "CorpusId": 53219978
      },
      "title": "Logic Attention Based Neighborhood Aggregation for Inductive Knowledge Graph Embedding",
      "year": 2018,
      "abstract": "Knowledge graph embedding aims at modeling entities and relations with low-dimensional vectors. Most previous methods require that all entities should be seen during training, which is unpractical for real-world knowledge graphs with new entities emerging on a daily basis. Recent efforts on this issue suggest training a neighborhood aggregator in conjunction with the conventional entity and relation embeddings, which may help embed new entities inductively via their existing neighbors. However, their neighborhood aggregators neglect the unordered and unequal natures of an entity\u2019s neighbors. To this end, we summarize the desired properties that may lead to effective neighborhood aggregators. We also introduce a novel aggregator, namely, Logic Attention Network (LAN), which addresses the properties by aggregating neighbors with both rules- and network-based attention weights. By comparing with conventional aggregators on two knowledge graph completion tasks, we experimentally validate LAN\u2019s superiority in terms of the desired properties.",
      "arxiv_id": "1811.01399"
    },
    "27": {
      "paperId": "a2956f089340e26df9672e0bc5ed8a6f81668925",
      "externalIds": {
        "DBLP": "conf/sigir/JiangGL21",
        "DOI": "10.1145/3404835.3463086",
        "CorpusId": 235792443
      },
      "title": "MetaP: Meta Pattern Learning for One-Shot Knowledge Graph Completion",
      "year": 2021,
      "abstract": "Knowledge Graphs (KGs) are widely used in various applications of information retrieval. Despite the large scale of KGs, they are still facing incomplete problems. Conventional approaches on Knowledge Graph Completion (KGC) require a large number of training instances for each relation. However, long-tail relations which only have a few related triples are ubiquitous in KGs. Therefore, it is very difficult to complete the long-tail relations. In this paper, we propose a meta pattern learning framework (MetaP) to predict new facts of relations under a challenging setting where there is only one reference for each relation. Patterns in data are representative regularities to classify data. Triples in KGs also conform to relation-specific patterns which can be used to measure the validity of triples. Our model extracts the patterns effectively through a convolutional pattern learner and measures the validity of triples accurately by matching query patterns with reference patterns. Extensive experiments demonstrate the effectiveness of our method. Besides, we build a few-shot KGC dataset of COVID-19 to assist the research process of the new coronavirus.",
      "arxiv_id": null
    },
    "28": {
      "paperId": "9014c4e7bec425a117b514e41d9cdf9dec8bd6c1",
      "externalIds": {
        "DBLP": "conf/emnlp/ChenZZCC19",
        "ACL": "D19-1431",
        "MAG": "2971761096",
        "ArXiv": "1909.01515",
        "DOI": "10.18653/v1/D19-1431",
        "CorpusId": 202541491
      },
      "title": "Meta Relational Learning for Few-Shot Link Prediction in Knowledge Graphs",
      "year": 2019,
      "abstract": "Link prediction is an important way to complete knowledge graphs (KGs), while embedding-based methods, effective for link prediction in KGs, perform poorly on relations that only have a few associative triples. In this work, we propose a Meta Relational Learning (MetaR) framework to do the common but challenging few-shot link prediction in KGs, namely predicting new triples about a relation by only observing a few associative triples. We solve few-shot link prediction by focusing on transferring relation-specific meta information to make model learn the most important knowledge and learn faster, corresponding to relation meta and gradient meta respectively in MetaR. Empirically, our model achieves state-of-the-art results on few-shot link prediction KG benchmarks.",
      "arxiv_id": "1909.01515"
    },
    "29": {
      "paperId": "8b717c4dfb309638307fcc7d2c798b1c20927a3e",
      "externalIds": {
        "ArXiv": "2110.14170",
        "DBLP": "conf/sigir/Chen0ZZYXC22",
        "DOI": "10.1145/3477495.3531757",
        "CorpusId": 247996995
      },
      "title": "Meta-Knowledge Transfer for Inductive Knowledge Graph Embedding",
      "year": 2021,
      "abstract": "Knowledge graphs (KGs) consisting of a large number of triples have become widespread recently, and many knowledge graph embedding (KGE) methods are proposed to embed entities and relations of a KG into continuous vector spaces. Such embedding methods simplify the operations of conducting various in-KG tasks (e.g., link prediction) and out-of-KG tasks (e.g., question answering). They can be viewed as general solutions for representing KGs. However, existing KGE methods are not applicable to inductive settings, where a model trained on source KGs will be tested on target KGs with entities unseen during model training. Existing works focusing on KGs in inductive settings can only solve the inductive relation prediction task. They can not handle other out-of-KG tasks as general as KGE methods since they don't produce embeddings for entities. In this paper, to achieve inductive knowledge graph embedding, we propose a model MorsE, which does not learn embeddings for entities but learns transferable meta-knowledge that can be used to produce entity embeddings. Such meta-knowledge is modeled by entity-independent modules and learned by meta-learning. Experimental results show that our model significantly outperforms corresponding baselines for in-KG and out-of-KG tasks in inductive settings.",
      "arxiv_id": "2110.14170"
    },
    "30": {
      "paperId": "76305acf2bf94e3a5677f7547098eeffb6649706",
      "externalIds": {
        "DBLP": "conf/nips/ZhuZXT21",
        "ArXiv": "2106.06935",
        "CorpusId": 235422273
      },
      "title": "Neural Bellman-Ford Networks: A General Graph Neural Network Framework for Link Prediction",
      "year": 2021,
      "abstract": "Link prediction is a very fundamental task on graphs. Inspired by traditional path-based methods, in this paper we propose a general and flexible representation learning framework based on paths for link prediction. Specifically, we define the representation of a pair of nodes as the generalized sum of all path representations, with each path representation as the generalized product of the edge representations in the path. Motivated by the Bellman-Ford algorithm for solving the shortest path problem, we show that the proposed path formulation can be efficiently solved by the generalized Bellman-Ford algorithm. To further improve the capacity of the path formulation, we propose the Neural Bellman-Ford Network (NBFNet), a general graph neural network framework that solves the path formulation with learned operators in the generalized Bellman-Ford algorithm. The NBFNet parameterizes the generalized Bellman-Ford algorithm with 3 neural components, namely INDICATOR, MESSAGE and AGGREGATE functions, which corresponds to the boundary condition, multiplication operator, and summation operator respectively. The NBFNet is very general, covers many traditional path-based methods, and can be applied to both homogeneous graphs and multi-relational graphs (e.g., knowledge graphs) in both transductive and inductive settings. Experiments on both homogeneous graphs and knowledge graphs show that the proposed NBFNet outperforms existing methods by a large margin in both transductive and inductive settings, achieving new state-of-the-art results.",
      "arxiv_id": "2106.06935"
    },
    "31": {
      "paperId": "23e42bc79f10234bdceef31441be39a2d9d2a9a0",
      "externalIds": {
        "DBLP": "conf/nips/YangYC17",
        "MAG": "2952501080",
        "CorpusId": 4502993
      },
      "title": "Differentiable Learning of Logical Rules for Knowledge Base Reasoning",
      "year": 2017,
      "abstract": "We study the problem of learning probabilistic first-order logical rules for knowledge base reasoning. This learning problem is difficult because it requires learning the parameters in a continuous space as well as the structure in a discrete space. We propose a framework, Neural Logic Programming, that combines the parameter and structure learning of first-order logical rules in an end-to-end differentiable model. This approach is inspired by a recently-developed differentiable logic called TensorLog, where inference tasks can be compiled into sequences of differentiable operations. We design a neural controller system that learns to compose these operations. Empirically, our method outperforms prior work on multiple knowledge base benchmark datasets, including Freebase and WikiMovies.",
      "arxiv_id": null
    },
    "32": {
      "paperId": "f6c4d57c710b461ece658a0b8e7427e862fef116",
      "externalIds": {
        "ArXiv": "2106.12144",
        "DBLP": "journals/corr/abs-2106-12144",
        "CorpusId": 235606453
      },
      "title": "NodePiece: Compositional and Parameter-Efficient Representations of Large Knowledge Graphs",
      "year": 2021,
      "abstract": "Conventional representation learning algorithms for knowledge graphs (KG) map each entity to a unique embedding vector. Such a shallow lookup results in a linear growth of memory consumption for storing the embedding matrix and incurs high computational costs when working with real-world KGs. Drawing parallels with subword tokenization commonly used in NLP, we explore the landscape of more parameter-efficient node embedding strategies with possibly sublinear memory requirements. To this end, we propose NodePiece, an anchor-based approach to learn a fixed-size entity vocabulary. In NodePiece, a vocabulary of subword/sub-entity units is constructed from anchor nodes in a graph with known relation types. Given such a fixed-size vocabulary, it is possible to bootstrap an encoding and embedding for any entity, including those unseen during training. Experiments show that NodePiece performs competitively in node classification, link prediction, and relation prediction tasks while retaining less than 10% of explicit nodes in a graph as anchors and often having 10x fewer parameters. To this end, we show that a NodePiece-enabled model outperforms existing shallow models on a large OGB WikiKG 2 graph having 70x fewer parameters.",
      "arxiv_id": "2106.12144"
    },
    "33": {
      "paperId": "9517f893e42506fa01bc07591b23249708738cc5",
      "externalIds": {
        "ACL": "2020.findings-emnlp.241",
        "MAG": "3101708158",
        "DBLP": "conf/emnlp/AlbooyehGK20",
        "DOI": "10.18653/v1/2020.findings-emnlp.241",
        "CorpusId": 226283940
      },
      "title": "Out-of-Sample Representation Learning for Knowledge Graphs",
      "year": 2020,
      "abstract": "Many important problems can be formulated as reasoning in knowledge graphs. Representation learning has proved extremely effective for transductive reasoning, in which one needs to make new predictions for already observed entities. This is true for both attributed graphs(where each entity has an initial feature vector) and non-attributed graphs (where the only initial information derives from known relations with other entities). For out-of-sample reasoning, where one needs to make predictions for entities that were unseen at training time, much prior work considers attributed graph. However, this problem is surprisingly under-explored for non-attributed graphs. In this paper, we study the out-of-sample representation learning problem for non-attributed knowledge graphs, create benchmark datasets for this task, develop several models and baselines, and provide empirical analyses and comparisons of the proposed models and baselines.",
      "arxiv_id": null
    },
    "34": {
      "paperId": "4e237df92dc6fd9a44db74e5d8e0ff2b11cd1c6a",
      "externalIds": {
        "MAG": "2904685725",
        "ArXiv": "1906.08382",
        "DBLP": "conf/aaai/ShahVUSS19",
        "DOI": "10.1609/AAAI.V33I01.33013044",
        "CorpusId": 69934039
      },
      "title": "An Open-World Extension to Knowledge Graph Completion Models",
      "year": 2019,
      "abstract": "We present a novel extension to embedding-based knowledge graph completion models which enables them to perform open-world link prediction, i.e. to predict facts for entities unseen in training based on their textual description. Our model combines a regular link prediction model learned from a knowledge graph with word embeddings learned from a textual corpus. After training both independently, we learn a transformation to map the embeddings of an entity\u2019s name and description to the graph-based embedding space.In experiments on several datasets including FB20k, DBPedia50k and our new dataset FB15k-237-OWE, we demonstrate competitive results. Particularly, our approach exploits the full knowledge graph structure even when textual descriptions are scarce, does not require a joint training on graph and text, and can be applied to any embedding-based link prediction model, such as TransE, ComplEx and DistMult.",
      "arxiv_id": null
    },
    "35": {
      "paperId": "ed4449f065fa225dd7c08929c64e6356ff1264f6",
      "externalIds": {
        "DBLP": "conf/www/GengC0PYYJC21",
        "ArXiv": "2102.07339",
        "DOI": "10.1145/3442381.3450042",
        "CorpusId": 231925372
      },
      "title": "OntoZSL: Ontology-enhanced Zero-shot Learning",
      "year": 2021,
      "abstract": "Zero-shot Learning (ZSL), which aims to predict for those classes that have never appeared in the training data, has arisen hot research interests. The key of implementing ZSL is to leverage the prior knowledge of classes which builds the semantic relationship between classes and enables the transfer of the learned models (e.g., features) from training classes (i.e., seen classes) to unseen classes. However, the priors adopted by the existing methods are relatively limited with incomplete semantics. In this paper, we explore richer and more competitive prior knowledge to model the inter-class relationship for ZSL via ontology-based knowledge representation and semantic embedding. Meanwhile, to address the data imbalance between seen classes and unseen classes, we developed a generative ZSL framework with Generative Adversarial Networks (GANs). Our main findings include: (i) an ontology-enhanced ZSL framework that can be applied to different domains, such as image classification (IMGC) and knowledge graph completion (KGC); (ii) a comprehensive evaluation with multiple zero-shot datasets from different domains, where our method often achieves better performance than the state-of-the-art models. In particular, on four representative ZSL baselines of IMGC, the ontology-based class semantics outperform the previous priors e.g., the word embeddings of classes by an average of 12.4 accuracy points in the standard ZSL across two example datasets (see Figure 4).",
      "arxiv_id": "2102.07339"
    },
    "36": {
      "paperId": "ba4b55be0fc4f8fd7fa0787c9ab5e67edf40a5b4",
      "externalIds": {
        "DBLP": "conf/emnlp/XuZKDCLL21",
        "DOI": "10.18653/v1/2021.findings-emnlp.35",
        "CorpusId": 244119769
      },
      "title": "P-INT: A Path-based Interaction Model for Few-shot Knowledge Graph Completion",
      "year": 2021,
      "abstract": "Few-shot knowledge graph completion is to infer the unknown facts (i.e., query head-tail entity pairs) of a given relation with only a few observed reference entity pairs. Its general process is to \ufb01rst encode the implicit relation of an entity pair and then match the relation of a query entity pair with the relations of the reference entity pairs. Most existing methods have thus far encoded an entity pair and matched entity pairs by using the direct neighbors of concerned entities. In this paper, we propose the P-INT model for effective few-shot knowledge graph completion. First, P-INT infers and leverages the paths that can expressively encode the relation of two entities. Second, to capture the \ufb01ne grained matches, P-INT calculates the interactions of paths instead of mixing them for each entity pair. Extensive experimental results demonstrate that P-INT out-performs the state-of-the-art baselines by 11.2\u2013 14.2% in terms of Hits@1. Our codes and datasets are online now 1 .",
      "arxiv_id": null
    },
    "37": {
      "paperId": "433d704797c2d6a9b3ae67ab94240e1d4aa2b060",
      "externalIds": {
        "DBLP": "conf/kdd/0004RL21",
        "ArXiv": "2002.06757",
        "DOI": "10.1145/3447548.3467247",
        "CorpusId": 235262529
      },
      "title": "Relational Message Passing for Knowledge Graph Completion",
      "year": 2020,
      "abstract": "Knowledge graph completion aims to predict missing relations between entities in a knowledge graph. In this work, we propose a relational message passing method for knowledge graph completion. Different from existing embedding-based methods, relational message passing only considers edge features (i.e., relation types) without entity IDs in the knowledge graph, and passes relational messages among edges iteratively to aggregate neighborhood information. Specifically, two kinds of neighborhood topology are modeled for a given entity pair under the relational message passing framework: (1) Relational context, which captures the relation types of edges adjacent to the given entity pair; (2) Relational paths, which characterize the relative position between the given two entities in the knowledge graph. The two message passing modules are combined together for relation prediction. Experimental results on knowledge graph benchmarks as well as our newly proposed dataset show that, our method PathCon outperforms state-of-the-art knowledge graph completion methods by a large margin. PathCon is also shown applicable to inductive settings where entities are not seen in training stage, and it is able to provide interpretable explanations for the predicted results. The code and all datasets are available at https://github.com/hwwang55/PathCon.",
      "arxiv_id": null
    },
    "38": {
      "paperId": "306ef381c49bf527927115938e26664729222422",
      "externalIds": {
        "ArXiv": "2107.04894",
        "DBLP": "journals/corr/abs-2107-04894",
        "DOI": "10.1007/978-3-030-88361-4_5",
        "CorpusId": 235795377
      },
      "title": "Improving Inductive Link Prediction Using Hyper-Relational Facts",
      "year": 2021,
      "abstract": "  For many years, link prediction on knowledge graphs (KGs) has been a purely\ntransductive task, not allowing for reasoning on unseen entities. Recently,\nincreasing efforts are put into exploring semi- and fully inductive scenarios,\nenabling inference over unseen and emerging entities. Still, all these\napproaches only consider triple-based \\glspl{kg}, whereas their richer\ncounterparts, hyper-relational KGs (e.g., Wikidata), have not yet been properly\nstudied. In this work, we classify different inductive settings and study the\nbenefits of employing hyper-relational KGs on a wide range of semi- and fully\ninductive link prediction tasks powered by recent advancements in graph neural\nnetworks. Our experiments on a novel set of benchmarks show that qualifiers\nover typed edges can lead to performance improvements of 6% of absolute gains\n(for the Hits@10 metric) compared to triple-only baselines. Our code is\navailable at \\url{https://github.com/mali-git/hyper_relational_ilp}.\n",
      "arxiv_id": "2107.04894"
    },
    "39": {
      "paperId": "b64fb9eb7a9f523ee15e9a1fe4170cc1d8189fc3",
      "externalIds": {
        "ArXiv": "2108.06040",
        "DBLP": "conf/www/ZhangY22",
        "DOI": "10.1145/3485447.3512008",
        "CorpusId": 246210481
      },
      "title": "Knowledge Graph Reasoning with Relational Digraph",
      "year": 2021,
      "abstract": "Reasoning on the knowledge graph (KG) aims to infer new facts from existing ones. Methods based on the relational path have shown strong, interpretable, and transferable reasoning ability. However, paths are naturally limited in capturing local evidence in graphs. In this paper, we introduce a novel relational structure, i.e., relational directed graph (r-digraph), which is composed of overlapped relational paths, to capture the KG\u2019s local evidence. Since the r-digraphs are more complex than paths, how to efficiently construct and effectively learn from them are challenging. Directly encoding the r-digraphs cannot scale well and capturing query-dependent information is hard in r-digraphs. We propose a variant of graph neural network, i.e., RED-GNN, to address the above challenges. Specifically, RED-GNN makes use of dynamic programming to recursively encodes multiple r-digraphs with shared edges, and utilizes query-dependent attention mechanism to select the strongly correlated edges. We demonstrate that RED-GNN is not only efficient but also can achieve significant performance gains in both inductive and transductive reasoning tasks over existing methods. Besides, the learned attention weights in RED-GNN can exhibit interpretable evidence for KG reasoning. 1",
      "arxiv_id": "2108.06040"
    },
    "40": {
      "paperId": "fb2497fff440fcc3c3685b5bf5b2b68493cdcac2",
      "externalIds": {
        "ArXiv": "2210.03994",
        "DBLP": "conf/icde/GengCPCJZC23",
        "DOI": "10.1109/ICDE55515.2023.00098",
        "CorpusId": 252780623
      },
      "title": "Relational Message Passing for Fully Inductive Knowledge Graph Completion",
      "year": 2022,
      "abstract": "In knowledge graph completion (KGC), predicting triples involving emerging entities and/or relations, which are unseen when the KG embeddings are learned, has become a critical challenge. Subgraph reasoning with message passing is a promising and popular solution. Some recent methods have achieved good performance, but they (i) usually can only predict triples involving unseen entities alone, failing to address more realistic fully inductive situations with both unseen entities and unseen relations, and (ii) often conduct message passing over the entities with the relation patterns not fully utilized. In this study, we propose a new method named RMPI which uses a novel Relational Message Passing network for fully Inductive KGC. It passes messages directly between relations to make full use of the relation patterns for subgraph reasoning with new techniques on graph transformation, graph pruning, relation-aware neighborhood attention, addressing empty subgraphs, etc., and can utilize the relation semantics defined in the KG\u2019s ontological schema. Extensive evaluation on multiple benchmarks has shown the effectiveness of RMPI\u2019s techniques and its better performance compared with the existing methods that support fully inductive KGC. RMPI is also comparable to the state-of-the-art partially inductive KGC methods with very promising results achieved. Our codes, data and some supplementary experiment results are available at https://github.com/zjukg/RMPI.",
      "arxiv_id": "2210.03994"
    },
    "41": {
      "paperId": "09a0a76c197bf254bc717be3b57ed6317ac7c589",
      "externalIds": {
        "ArXiv": "2208.00850",
        "DBLP": "journals/corr/abs-2208-00850",
        "DOI": "10.24963/ijcai.2022/325",
        "CorpusId": 250629390
      },
      "title": "Subgraph Neighboring Relations Infomax for Inductive Link Prediction on Knowledge Graphs",
      "year": 2022,
      "abstract": "Inductive link prediction for knowledge graph aims at predicting missing links between unseen entities, those not shown in training stage. Most previous works learn entity-specific embeddings of entities, which cannot handle unseen entities. Recent several methods utilize enclosing subgraph to obtain inductive ability. However, all these works only consider the enclosing part of subgraph without complete neighboring relations, which leads to the issue that partial neighboring relations are neglected, and sparse subgraphs are hard to be handled. To address that, we propose Subgraph Neighboring Relations Infomax, SNRI, which sufficiently exploits complete neighboring relations from two aspects: neighboring relational feature for node feature and neighboring relational path for sparse subgraph. To further model neighboring relations in a global way, we innovatively apply mutual information (MI) maximization for knowledge graph. Experiments show that SNRI outperforms existing state-of-art methods by a large margin on inductive link prediction task, and verify the effectiveness of exploring complete neighboring relations in a global way to characterize node features and reason on sparse subgraphs.",
      "arxiv_id": "2208.00850"
    },
    "42": {
      "paperId": "2a561c9650d27218054aa2c87474f0121ba3f33b",
      "externalIds": {
        "DBLP": "journals/corr/abs-2203-02167",
        "ArXiv": "2203.02167",
        "ACL": "2022.acl-long.295",
        "DOI": "10.48550/arXiv.2203.02167",
        "CorpusId": 247244896
      },
      "title": "SimKGC: Simple Contrastive Knowledge Graph Completion with Pre-trained Language Models",
      "year": 2022,
      "abstract": "Knowledge graph completion (KGC) aims to reason over known facts and infer the missing links. Text-based methods such as KGBERT (Yao et al., 2019) learn entity representations from natural language descriptions, and have the potential for inductive KGC. However, the performance of text-based methods still largely lag behind graph embedding-based methods like TransE (Bordes et al., 2013) and RotatE (Sun et al., 2019b). In this paper, we identify that the key issue is efficient contrastive learning. To improve the learning efficiency, we introduce three types of negatives: in-batch negatives, pre-batch negatives, and self-negatives which act as a simple form of hard negatives. Combined with InfoNCE loss, our proposed model SimKGC can substantially outperform embedding-based methods on several benchmark datasets. In terms of mean reciprocal rank (MRR), we advance the state-of-the-art by +19% on WN18RR, +6.8% on the Wikidata5M transductive setting, and +22% on the Wikidata5M inductive setting. Thorough analyses are conducted to gain insights into each component. Our code is available at https://github.com/intfloat/SimKGC .",
      "arxiv_id": "2203.02167"
    },
    "43": {
      "paperId": "6602100baa3399b5d3a390d6281a7caadb626ea6",
      "externalIds": {
        "MAG": "3130909864",
        "DBLP": "conf/www/WangSLZW021",
        "DOI": "10.1145/3442381.3450043",
        "CorpusId": 235016565
      },
      "title": "Structure-Augmented Text Representation Learning for Efficient Knowledge Graph Completion",
      "year": 2020,
      "abstract": "Human-curated knowledge graphs provide critical supportive information to various natural language processing tasks, but these graphs are usually incomplete, urging auto-completion of them (a.k.a. knowledge graph completion). Prevalent graph embedding approaches, e.g., TransE, learn structured knowledge via representing graph elements (i.e., entities/relations) into dense embeddings and capturing their triple-level relationship with spatial distance. However, they are hardly generalizable to the elements never visited in training and are intrinsically vulnerable to graph incompleteness. In contrast, textual encoding approaches, e.g., KG-BERT, resort to graph triple\u2019s text and triple-level contextualized representations. They are generalizable enough and robust to the incompleteness, especially when coupled with pre-trained encoders. But two major drawbacks limit the performance: (1) high overheads due to the costly scoring of all possible triples in inference, and (2) a lack of structured knowledge in the textual encoder. In this paper, we follow the textual encoding paradigm and aim to alleviate its drawbacks by augmenting it with graph embedding techniques \u2013 a complementary hybrid of both paradigms. Specifically, we partition each triple into two asymmetric parts as in translation-based graph embedding approach, and encode both parts into contextualized representations by a Siamese-style textual encoder. Built upon the representations, our model employs both deterministic classifier and spatial measurement for representation and structure learning respectively. It thus reduces the overheads by reusing graph elements\u2019 embeddings to avoid combinatorial explosion, and enhances structured knowledge by exploring the spatial characteristics. Moreover, we develop a self-adaptive ensemble scheme to further improve the performance by incorporating triple scores from an existing graph embedding model. In experiments, we achieve state-of-the-art performance on three benchmarks and a zero-shot dataset for link prediction, with highlights of inference costs reduced by 1-2 orders of magnitude compared to a sophisticated textual encoding method.",
      "arxiv_id": null
    },
    "44": {
      "paperId": "2f0385407e599219ae4568afd132307a30287cce",
      "externalIds": {
        "DBLP": "conf/naacl/MarkowitzBMAGS22",
        "DOI": "10.18653/v1/2022.findings-naacl.46",
        "CorpusId": 250520198
      },
      "title": "StATIK: Structure and Text for Inductive Knowledge Graph Completion",
      "year": 2022,
      "abstract": ",",
      "arxiv_id": null
    },
    "45": {
      "paperId": "aa6f095df55e5eddf849deaa279aa6fc2fd6e290",
      "externalIds": {
        "DBLP": "journals/corr/abs-2103-03642",
        "ArXiv": "2103.03642",
        "DOI": "10.1609/aaai.v35i7.16779",
        "CorpusId": 232135385
      },
      "title": "Topology-Aware Correlations Between Relations for Inductive Link Prediction in Knowledge Graphs",
      "year": 2021,
      "abstract": "Inductive link prediction---where entities during training and inference stages can be different---has been shown to be promising for completing continuously evolving knowledge graphs. Existing models of inductive reasoning mainly focus on predicting missing links by learning logical rules. However, many existing approaches do not take into account semantic correlations between relations, which are commonly seen in real-world knowledge graphs. To address this challenge, we propose a novel inductive reasoning approach, namely TACT, which can effectively exploit Topology-Aware CorrelaTions between relations in an entity-independent manner. TACT is inspired by the observation that the semantic correlation between two relations is highly correlated to their topological structure in knowledge graphs. Specifically, we categorize all relation pairs into several topological patterns, and then propose a Relational Correlation Network (RCN) to learn the importance of the different patterns for inductive link prediction. Experiments demonstrate that TACT can effectively model semantic correlations between relations, and significantly outperforms existing state-of-the-art methods on benchmark datasets for the inductive link prediction task.",
      "arxiv_id": "2103.03642"
    },
    "46": {
      "paperId": "f6297a372bc4e6b4843a251b73fc46f720386e33",
      "externalIds": {
        "ArXiv": "2001.02332",
        "MAG": "2997262687",
        "DBLP": "conf/aaai/QinWCZXW20",
        "DOI": "10.1609/AAAI.V34I05.6392",
        "CorpusId": 210064470
      },
      "title": "Generative Adversarial Zero-Shot Relational Learning for Knowledge Graphs",
      "year": 2020,
      "abstract": "Large-scale knowledge graphs (KGs) are shown to become more important in current information systems. To expand the coverage of KGs, previous studies on knowledge graph completion need to collect adequate training instances for newly-added relations. In this paper, we consider a novel formulation, zero-shot learning, to free this cumbersome curation. For newly-added relations, we attempt to learn their semantic features from their text descriptions and hence recognize the facts of unseen relations with no examples being seen. For this purpose, we leverage Generative Adversarial Networks (GANs) to establish the connection between text and knowledge graph domain: The generator learns to generate the reasonable relation embeddings merely with noisy text descriptions. Under this setting, zero-shot learning is naturally converted to a traditional supervised classification task. Empirically, our method is model-agnostic that could be potentially applied to any version of KG embeddings, and consistently yields performance improvements on NELL and Wiki dataset.",
      "arxiv_id": "2001.02332"
    }
  },
  "papers_index": {
    "87245d2460b3545a161db78bf0a450422b66f90f": 0,
    "bb58fbaafca3f0ba546838849277a65da5d3c806": 1,
    "64362f33fe0954a97336fcb1b6dfc806d4d3775c": 2,
    "fb289d9f6e8f0f886ef6a6c45bf3166d658b7ab6": 3,
    "a54a72601f862517ce38984522a39e77cb9f4b3d": 4,
    "9cff970d7d1d8be55ce7d7246b1dc63ca08c3547": 5,
    "397491a080855339052ed61f8c60778225851c6d": 6,
    "b2bc1dbbd46352637ebbd0a38a6d92b56d5819ec": 7,
    "f0e9a5611cb444e9131001f3afee984031aae057": 8,
    "8c720eb939259971bcb87f46c92ebb0d2d5497c7": 9,
    "3a5830800f7b471dafee2a1e6e070f45d9b3f7c7": 10,
    "96acb1c882ad655c6b8459c2cd331803801446ca": 11,
    "e3a676b827b266b2f6c74ba106f61017bd4b4da0": 12,
    "94491abe7b0d2de9435eef7907c089af5d4fe575": 13,
    "7445966ded8f38cac487314e8c6b71cdf327b047": 14,
    "b32f5c3d2b0717fd6436068052c33dba2f59fcf2": 15,
    "8a84fd7a1218637697539a6e8246c99f56b4a298": 16,
    "7a9b1d46eded598e1a04feb9ef605a698df2ddde": 17,
    "225d571f97f9097be436626f225cff572007aaf4": 18,
    "fdb87d305c59e9ab82a96198e34e46581b838c4e": 19,
    "c1d9583bc15f622773305fe033fccb67e15c8a49": 20,
    "271f40f4fad4d112e436565e668b79ede690d755": 21,
    "f148351d03df40827699441e7ba13070ce15adee": 22,
    "42da85dce9bd94ae468528837deffca4232284ca": 23,
    "56cafbac34f2bb3f6a9828cd228ff281b810d6bb": 24,
    "a625dee1fb23d1c842a961bc354c0aef3a20c132": 25,
    "727183c5cff89a6f2c3b71167ae50c02ca2cacc4": 26,
    "a2956f089340e26df9672e0bc5ed8a6f81668925": 27,
    "9014c4e7bec425a117b514e41d9cdf9dec8bd6c1": 28,
    "8b717c4dfb309638307fcc7d2c798b1c20927a3e": 29,
    "76305acf2bf94e3a5677f7547098eeffb6649706": 30,
    "23e42bc79f10234bdceef31441be39a2d9d2a9a0": 31,
    "f6c4d57c710b461ece658a0b8e7427e862fef116": 32,
    "9517f893e42506fa01bc07591b23249708738cc5": 33,
    "4e237df92dc6fd9a44db74e5d8e0ff2b11cd1c6a": 34,
    "ed4449f065fa225dd7c08929c64e6356ff1264f6": 35,
    "ba4b55be0fc4f8fd7fa0787c9ab5e67edf40a5b4": 36,
    "433d704797c2d6a9b3ae67ab94240e1d4aa2b060": 37,
    "306ef381c49bf527927115938e26664729222422": 38,
    "b64fb9eb7a9f523ee15e9a1fe4170cc1d8189fc3": 39,
    "fb2497fff440fcc3c3685b5bf5b2b68493cdcac2": 40,
    "09a0a76c197bf254bc717be3b57ed6317ac7c589": 41,
    "2a561c9650d27218054aa2c87474f0121ba3f33b": 42,
    "6602100baa3399b5d3a390d6281a7caadb626ea6": 43,
    "2f0385407e599219ae4568afd132307a30287cce": 44,
    "aa6f095df55e5eddf849deaa279aa6fc2fd6e290": 45,
    "f6297a372bc4e6b4843a251b73fc46f720386e33": 46
  }
}