{
  "arxiv_id": "2305.02750",
  "title": "A Survey on Proactive Dialogue Systems: Problems, Methods, and Prospects",
  "taxo_tree": {
    "Proactive Dialogue": {
      "Proactive Open- domain Dialogue": {
        "Target-guided Dialogue": {
          "Topic-shift Detection": {
            "f53416d2554c7f2444d3b01b06cca20f648b2d37": {},
            "922d374ed15876641564482601c8bdf570fb356f": {}
          },
          "Topic Planning": {
            "f0f8ced40ecde8e96c5bdfd3cde838605a03edef": {},
            "326b0adb0a3bba78055f65366b5a0e05c4a5e50d": {},
            "d5ddd6b0a661ba22a9c6e8eb8137616a5a2866d8": {},
            "20fde81e7ef98511c000237459a0751cd9e832ba": {}
          },
          "Topic-aware Response Generation": {
            "c8cbfbfb8162900b01c617a147ed4f96c4b239b9": {},
            "e2c16d93bca8822b571dd388af4e309069d1a373": {}
          }
        },
        "Prosocial Dialogue": {
          "Safety Detection": {
            "b91c4edd30b63cd1cb1b86cbeefb33a461535e09": {},
            "041c4a3932eae3931d90b1a0fc033cf5f491c267": {}
          },
          "Rules-of-thumb Generation": {
            "6d23532a1e9a8116041fd5aac6b0ef8ddd6d8171": {},
            "10391eed628dfece8a9136f76c5df53b5704422d": {},
            "36c50e6638dddc8324eef9bfa064bfcab80cbef4": {}
          },
          "Prosocial Response Generation": {
            "f56cda7ee6b3cfa427d045b6cc754ec68349c511": {},
            "36c50e6638dddc8324eef9bfa064bfcab80cbef4": {}
          }
        }
      },
      "Proactive Task- oriented Dialogue": {
        "Non-collaborative Dialogue": {
          "Dialogue Strategy Learning": {
            "17fdf700dcd6e8621ef4d9aa4ae69d1ad7a2043e": {},
            "b626754a0fd7de12c87e88165b2484ac5d98212a": {},
            "7b622d7a991da4d2091d7bdb420177ca596f13a8": {},
            "2785ec102c3d2888ae9d29c8d3fba2a666b5b3af": {}
          },
          "User Personality Modeling": {
            "7bf03c12f74a83852fc831c468aa754e0008a6d7": {},
            "fac8d660e9c0cef1da5d35aea35c572ed776e887": {}
          },
          "Persuasive Response Generation": {
            "c9baad6c2d6c112e758e9d9a2f3287622c21a19b": {},
            "341a3b670146785f9b68b49dd0f6249b3a42e3be": {},
            "ff2541f30507b161316edd879fa65fb80a08d16f": {},
            "2a2073788218548ef39decdf9469ce85963d7026": {}
          }
        },
        "Enriched Task-oriented Dialogue": {
          "02112df94f257d9e3e6d0077a46acd1eb73526d3": {},
          "c859f884d2cb7161b0a6ae0e0a12b1539e4952d3": {},
          "3c64247b4c75c64b4a67d306200bab5b5d3b5bfa": {}
        }
      },
      "Proactive Information- seeking Dialogue": {
        "Asking Clarification Question": {
          "1af678b040ce638aedf8b582212937f0921ccc1d": {},
          "267d9a093ae7e8388fd1e25d2b5e4cfe91c71226": {},
          "87a31b729295a3357949683276a2625288fdd0f0": {},
          "4a75598125bd0be3600d840aec04de40bf03c33b": {},
          "906f4bc20b6d5705fa9f39189ab08b1c7d72f6ad": {}
        },
        "User Preference Elicitation": {
          "3ae5bef6b0c8317603a2deab2527383580904fd8": {},
          "70fa17ccd5fc71b63e5a9ef0275ae060d3ca4831": {},
          "6994323e2825b3318a6d560c833ea8dea6cdc715": {}
        }
      }
    }
  },
  "papers": {
    "0": {
      "paperId": "c9baad6c2d6c112e758e9d9a2f3287622c21a19b",
      "externalIds": {
        "DBLP": "journals/corr/abs-1911-10742",
        "MAG": "2997753420",
        "ArXiv": "1911.10742",
        "DOI": "10.1609/AAAI.V34I05.6345",
        "CorpusId": 208268255
      },
      "title": "End-to-End Trainable Non-Collaborative Dialog System",
      "year": 2019,
      "abstract": "End-to-end task-oriented dialog models have achieved promising performance on collaborative tasks where users willingly coordinate with the system to complete a given task. While in non-collaborative settings, for example, negotiation and persuasion, users and systems do not share a common goal. As a result, compared to collaborate tasks, people use social content to build rapport and trust in these non-collaborative settings in order to advance their goals. To handle social content, we introduce a hierarchical intent annotation scheme, which can be generalized to different non-collaborative dialog tasks. Building upon TransferTransfo (Wolf et al. 2019), we propose an end-to-end neural network model to generate diverse coherent responses. Our model utilizes intent and semantic slots as the intermediate sentence representation to guide the generation process. In addition, we design a filter to select appropriate responses based on whether these intermediate representations fit the designed task and conversation constraints. Our non-collaborative dialog model guides users to complete the task while simultaneously keeps them engaged. We test our approach on our newly proposed AntiScam dataset and an existing PersuasionForGood dataset. Both automatic and human evaluations suggest that our model outperforms multiple baselines in these two non-collaborative tasks.",
      "arxiv_id": "1911.10742"
    },
    "1": {
      "paperId": "f0f8ced40ecde8e96c5bdfd3cde838605a03edef",
      "externalIds": {
        "DBLP": "journals/corr/abs-2012-08383",
        "MAG": "3112688924",
        "ArXiv": "2012.08383",
        "DOI": "10.1609/aaai.v35i16.17712",
        "CorpusId": 229181183
      },
      "title": "Keyword-Guided Neural Conversational Model",
      "year": 2020,
      "abstract": "We study the problem of imposing conversational goals/keywords on open-domain conversational agents, where the agent is required to lead the conversation to a target keyword smoothly and fast. Solving this problem enables the application of conversational agents in many real-world scenarios, e.g., recommendation and psychotherapy. The dominant paradigm for tackling this problem is to 1) train a next-turn keyword classifier, and 2) train a keyword-augmented response retrieval model. However, existing approaches in this paradigm have two limitations: 1) the training and evaluation datasets for next-turn keyword classification are directly extracted from conversations without human annotations, thus, they are noisy and have low correlation with human judgements, and 2) during keyword transition, the agents solely rely on the similarities between word embeddings to move closer to the target keyword, which may not reflect how humans converse. In this paper, we assume that human conversations are grounded on commonsense and propose a keyword-guided neural conversational model that can leverage external commonsense knowledge graphs (CKG) for both keyword transition and response retrieval. Automatic evaluations suggest that commonsense improves the performance of both next-turn keyword prediction and keyword-augmented response retrieval. In addition, both self-play and human evaluations show that our model produces responses with smoother keyword transition and reaches the target keyword faster than competitive baselines.",
      "arxiv_id": "2012.08383"
    },
    "2": {
      "paperId": "1af678b040ce638aedf8b582212937f0921ccc1d",
      "externalIds": {
        "DBLP": "conf/akbc/GuoZRA21",
        "DOI": "10.24432/C5F30Z",
        "CorpusId": 247296568
      },
      "title": "Abg-CoQA: Clarifying Ambiguity in Conversational Question Answering",
      "year": 2021,
      "abstract": "E\ufb00ective communication requires the ability to identify ambiguities and request clar-i\ufb01cation of utterances. For machines to engage in a conversation, they need to learn to generate di\ufb00erent forms of clari\ufb01cation questions. This paper aims at studying the extent to which the state of the art neural generation models can generate e\ufb00ective clari\ufb01ca-tion questions in conversational question answering. We introduce Abg-CoQA, a novel crowdsourced dataset for clarifying ambiguities in conversational question answering systems. Our dataset contains 8,615 questions with answers where 994 questions are ambiguous. The conversational questions are about 3,968 text passages from \ufb01ve diverse domains which are pre-selected from the CoQA dataset. For ambiguous turns, we have collected the clari\ufb01cation questions and their answers. We evaluate strong language generation models and conversational question answering models on Abg-CoQA. The best-performing system achieves a F1-score of 23.6% on ambiguity detection; an accuracy of 56.0% on generating clari\ufb01cation question in human evaluation; and a F1 score of 40.1% on question answering after clari\ufb01cation, which is 35.1 points behind human performance (75.2%), indicating there is ample room for improvement.",
      "arxiv_id": null
    },
    "3": {
      "paperId": "02112df94f257d9e3e6d0077a46acd1eb73526d3",
      "externalIds": {
        "DBLP": "journals/corr/abs-2110-08032",
        "ACL": "2022.dialdoc-1.2",
        "ArXiv": "2110.08032",
        "DOI": "10.18653/v1/2022.dialdoc-1.2",
        "CorpusId": 239009716
      },
      "title": "UniDS: A Unified Dialogue System for Chit-Chat and Task-oriented Dialogues",
      "year": 2021,
      "abstract": "With the advances in deep learning, tremendous progress has been made with chit-chat dialogue systems and task-oriented dialogue systems. However, these two systems are often tackled separately in current methods. To achieve more natural interaction with humans, dialogue systems need to be capable of both chatting and accomplishing tasks. To this end, we propose a unified dialogue system (UniDS) with the two aforementioned skills. In particular, we design a unified dialogue data schema, compatible for both chit-chat and task-oriented dialogues. Besides, we propose a two-stage training method to train UniDS based on the unified dialogue data schema. UniDS does not need to adding extra parameters to existing chit-chat dialogue systems. Experimental results demonstrate that the proposed UniDS works comparably well as the state-of-the-art chit-chat dialogue systems and task-oriented dialogue systems. More importantly, UniDS achieves better robustness than pure dialogue systems and satisfactory switch ability between two types of dialogues.",
      "arxiv_id": "2110.08032"
    },
    "4": {
      "paperId": "7bf03c12f74a83852fc831c468aa754e0008a6d7",
      "externalIds": {
        "DBLP": "conf/acl/YangCN20",
        "ACL": "2021.acl-long.56",
        "ArXiv": "2010.09954",
        "DOI": "10.18653/v1/2021.acl-long.56",
        "CorpusId": 235490180
      },
      "title": "Improving Dialog Systems for Negotiation with Personality Modeling",
      "year": 2020,
      "abstract": "In this paper, we explore the ability to model and infer personality types of opponents, predict their responses, and use this information to adapt a dialog agent\u2019s high-level strategy in negotiation tasks. Inspired by the idea of incorporating a theory of mind (ToM) into machines, we introduce a probabilistic formulation to encapsulate the opponent\u2019s personality type during both learning and inference. We test our approach on the CraigslistBargain dataset (He et al. 2018) and show that our method using ToM inference achieves a 20% higher dialog agreement rate compared to baselines on a mixed population of opponents. We also demonstrate that our model displays diverse negotiation behavior with different types of opponents.",
      "arxiv_id": "2010.09954"
    },
    "5": {
      "paperId": "6d23532a1e9a8116041fd5aac6b0ef8ddd6d8171",
      "externalIds": {
        "ACL": "2022.acl-long.261",
        "DBLP": "conf/acl/ZiemsYWHY22",
        "ArXiv": "2204.03021",
        "DOI": "10.48550/arXiv.2204.03021",
        "CorpusId": 247849293
      },
      "title": "The Moral Integrity Corpus: A Benchmark for Ethical Dialogue Systems",
      "year": 2022,
      "abstract": "Conversational agents have come increasingly closer to human competence in open-domain dialogue settings; however, such models can reflect insensitive, hurtful, or entirely incoherent viewpoints that erode a user\u2019s trust in the moral integrity of the system. Moral deviations are difficult to mitigate because moral judgments are not universal, and there may be multiple competing judgments that apply to a situation simultaneously. In this work, we introduce a new resource, not to authoritatively resolve moral ambiguities, but instead to facilitate systematic understanding of the intuitions, values and moral judgments reflected in the utterances of dialogue systems. The Moral Integrity Corpus, MIC, is such a resource, which captures the moral assumptions of 38k prompt-reply pairs, using 99k distinct Rules of Thumb (RoTs). Each RoT reflects a particular moral conviction that can explain why a chatbot\u2019s reply may appear acceptable or problematic. We further organize RoTs with a set of 9 moral and social attributes and benchmark performance for attribute classification. Most importantly, we show that current neural language models can automatically generate new RoTs that reasonably describe previously unseen interactions, but they still struggle with certain scenarios. Our findings suggest that MIC will be a useful resource for understanding and language models\u2019 implicit moral assumptions and flexibly benchmarking the integrity of conversational agents. To download the data, see https://github.com/GT-SALT/mic",
      "arxiv_id": null
    },
    "6": {
      "paperId": "3ae5bef6b0c8317603a2deab2527383580904fd8",
      "externalIds": {
        "MAG": "2898076813",
        "DBLP": "conf/cikm/ZhangCA0C18",
        "DOI": "10.1145/3269206.3271776",
        "CorpusId": 52233682
      },
      "title": "Towards Conversational Search and Recommendation: System Ask, User Respond",
      "year": 2018,
      "abstract": "Conversational search and recommendation based on user-system dialogs exhibit major differences from conventional search and recommendation tasks in that 1) the user and system can interact for multiple semantically coherent rounds on a task through natural language dialog, and 2) it becomes possible for the system to understand the user needs or to help users clarify their needs by asking appropriate questions from the users directly. We believe the ability to ask questions so as to actively clarify the user needs is one of the most important advantages of conversational search and recommendation. In this paper, we propose and evaluate a unified conversational search/recommendation framework, in an attempt to make the research problem doable under a standard formalization. Specifically, we propose a System Ask -- User Respond (SAUR) paradigm for conversational search, define the major components of the paradigm, and design a unified implementation of the framework for product search and recommendation in e-commerce. To accomplish this, we propose the Multi-Memory Network (MMN) architecture, which can be trained based on large-scale collections of user reviews in e-commerce. The system is capable of asking aspect-based questions in the right order so as to understand the user needs, while (personalized) search is conducted during the conversation, and results are provided when the system feels confident. Experiments on real-world user purchasing data verified the advantages of conversational search and recommendation against conventional search and recommendation algorithms in terms of standard evaluation measures such as NDCG.",
      "arxiv_id": null
    },
    "7": {
      "paperId": "341a3b670146785f9b68b49dd0f6249b3a42e3be",
      "externalIds": {
        "ACL": "2022.coling-1.34",
        "DBLP": "conf/coling/MishraSTE22",
        "CorpusId": 252818930
      },
      "title": "PEPDS: A Polite and Empathetic Persuasive Dialogue System for Charity Donation",
      "year": 2022,
      "abstract": "Persuasive conversations for a social cause often require influencing other person\u2019s attitude or intention that may fail even with compelling arguments. The use of emotions and different types of polite tones as needed with facts may enhance the persuasiveness of a message. To incorporate these two aspects, we propose a polite, empathetic persuasive dialogue system (PEPDS). First, in a Reinforcement Learning setting, a Maximum Likelihood Estimation loss based model is fine-tuned by designing an efficient reward function consisting of five different sub rewards viz. Persuasion, Emotion, Politeness-Strategy Consistency, Dialogue-Coherence and Non-repetitiveness. Then, to generate empathetic utterances for non-empathetic ones, an Empathetic transfer model is built upon the RL fine-tuned model. Due to the unavailability of an appropriate dataset, by utilizing the PERSUASIONFORGOOD dataset, we create two datasets, viz. EPP4G and ETP4G. EPP4G is used to train three transformer-based classification models as per persuasiveness, emotion and politeness strategy to achieve respective reward feedbacks. The ETP4G dataset is used to train an empathetic transfer model. Our experimental results demonstrate that PEPDS increases the rate of persuasive responses with emotion and politeness acknowledgement compared to the current state-of-the-art dialogue models, while also enhancing the dialogue\u2019s engagement and maintaining the linguistic quality.",
      "arxiv_id": null
    },
    "8": {
      "paperId": "c8cbfbfb8162900b01c617a147ed4f96c4b239b9",
      "externalIds": {
        "DBLP": "journals/corr/abs-2209-09746",
        "ArXiv": "2209.09746",
        "ACL": "2022.coling-1.55",
        "DOI": "10.48550/arXiv.2209.09746",
        "CorpusId": 252383330
      },
      "title": "Target-Guided Open-Domain Conversation Planning",
      "year": 2022,
      "abstract": "Prior studies addressing target-oriented conversational tasks lack a crucial notion that has been intensively studied in the context of goal-oriented artificial intelligence agents, namely, planning. In this study, we propose the task of Target-Guided Open-Domain Conversation Planning (TGCP) task to evaluate whether neural conversational agents have goal-oriented conversation planning abilities. Using the TGCP task, we investigate the conversation planning abilities of existing retrieval models and recent strong generative models. The experimental results reveal the challenges facing current technology.",
      "arxiv_id": null
    },
    "9": {
      "paperId": "326b0adb0a3bba78055f65366b5a0e05c4a5e50d",
      "externalIds": {
        "DBLP": "conf/coling/YangWZTZHHH22",
        "ACL": "2022.coling-1.62",
        "CorpusId": 252819310
      },
      "title": "TopKG: Target-oriented Dialog via Global Planning on Knowledge Graph",
      "year": 2022,
      "abstract": "Target-oriented dialog aims to reach a global target through multi-turn conversation. The key to the task is the global planning towards the target, which flexibly guides the dialog concerning the context. However, existing target-oriented dialog works take a local and greedy strategy for response generation, where global planning is absent. In this work, we propose global planning for target-oriented dialog on a commonsense knowledge graph (KG). We design a global reinforcement learning with the planned paths to flexibly adjust the local response generation model towards the global target. We also propose a KG-based method to collect target-oriented samples automatically from the chit-chat corpus for model training. Experiments show that our method can reach the target with a higher success rate, fewer turns, and more coherent responses.",
      "arxiv_id": null
    },
    "10": {
      "paperId": "17fdf700dcd6e8621ef4d9aa4ae69d1ad7a2043e",
      "externalIds": {
        "DBLP": "journals/corr/abs-2101-10545",
        "ArXiv": "2101.10545",
        "ACL": "2021.eacl-main.7",
        "DOI": "10.18653/v1/2021.eacl-main.7",
        "CorpusId": 231709784
      },
      "title": "ResPer: Computationally Modelling Resisting Strategies in Persuasive Conversations",
      "year": 2021,
      "abstract": "Modelling persuasion strategies as predictors of task outcome has several real-world applications and has received considerable attention from the computational linguistics community. However, previous research has failed to account for the resisting strategies employed by an individual to foil such persuasion attempts. Grounded in prior literature in cognitive and social psychology, we propose a generalised framework for identifying resisting strategies in persuasive conversations. We instantiate our framework on two distinct datasets comprising persuasion and negotiation conversations. We also leverage a hierarchical sequence-labelling neural architecture to infer the aforementioned resisting strategies automatically. Our experiments reveal the asymmetry of power roles in non-collaborative goal-directed conversations and the benefits accrued from incorporating resisting strategies on the final conversation outcome. We also investigate the role of different resisting strategies on the conversation outcome and glean insights that corroborate with past findings. We also make the code and the dataset of this work publicly available at https://github.com/americast/resper.",
      "arxiv_id": "2101.10545"
    },
    "11": {
      "paperId": "ff2541f30507b161316edd879fa65fb80a08d16f",
      "externalIds": {
        "ACL": "2021.eacl-main.110",
        "ArXiv": "1910.03756",
        "DBLP": "conf/eacl/WuZLY21",
        "MAG": "2980207396",
        "DOI": "10.18653/v1/2021.eacl-main.110",
        "CorpusId": 203952980
      },
      "title": "Alternating Recurrent Dialog Model with Large-scale Pre-trained Language Models",
      "year": 2019,
      "abstract": "Existing dialog system models require extensive human annotations and are difficult to generalize to different tasks. The recent success of large pre-trained language models such as BERT and GPT-2 (Devlin et al., 2019; Radford et al., 2019) have suggested the effectiveness of incorporating language priors in down-stream NLP tasks. However, how much pre-trained language models can help dialog response generation is still under exploration. In this paper, we propose a simple, general, and effective framework: Alternating Recurrent Dialog Model (ARDM). ARDM models each speaker separately and takes advantage of the large pre-trained language model. It requires no supervision from human annotations such as belief states or dialog acts to achieve effective conversations. ARDM outperforms or is on par with state-of-the-art methods on two popular task-oriented dialog datasets: CamRest676 and MultiWOZ. Moreover, we can generalize ARDM to more challenging, non-collaborative tasks such as persuasion. In persuasion tasks, ARDM is capable of generating human-like responses to persuade people to donate to a charity.",
      "arxiv_id": "1910.03756"
    },
    "12": {
      "paperId": "b626754a0fd7de12c87e88165b2484ac5d98212a",
      "externalIds": {
        "MAG": "2952974227",
        "DBLP": "journals/corr/abs-1808-09637",
        "ArXiv": "1808.09637",
        "ACL": "D18-1256",
        "DOI": "10.18653/v1/D18-1256",
        "CorpusId": 52119091
      },
      "title": "Decoupling Strategy and Generation in Negotiation Dialogues",
      "year": 2018,
      "abstract": "We consider negotiation settings in which two agents use natural language to bargain on goods. Agents need to decide on both high-level strategy (e.g., proposing $50) and the execution of that strategy (e.g., generating \u201cThe bike is brand new. Selling for just $50!\u201d). Recent work on negotiation trains neural models, but their end-to-end nature makes it hard to control their strategy, and reinforcement learning tends to lead to degenerate solutions. In this paper, we propose a modular approach based on coarse dialogue acts (e.g., propose(price=50)) that decouples strategy and generation. We show that we can flexibly set the strategy using supervised learning, reinforcement learning, or domain-specific knowledge without degeneracy, while our retrieval-based generation can maintain context-awareness and produce diverse utterances. We test our approach on the recently proposed DEALORNODEAL game, and we also collect a richer dataset based on real items on Craigslist. Human evaluation shows that our systems achieve higher task success rate and more human-like negotiation behavior than previous approaches.",
      "arxiv_id": null
    },
    "13": {
      "paperId": "b91c4edd30b63cd1cb1b86cbeefb33a461535e09",
      "externalIds": {
        "DBLP": "conf/emnlp/DinanHCW19",
        "MAG": "2969117066",
        "ArXiv": "1908.06083",
        "ACL": "D19-1461",
        "DOI": "10.18653/v1/D19-1461",
        "CorpusId": 201070022
      },
      "title": "Build it Break it Fix it for Dialogue Safety: Robustness from Adversarial Human Attack",
      "year": 2019,
      "abstract": "The detection of offensive language in the context of a dialogue has become an increasingly important application of natural language processing. The detection of trolls in public forums (Gal\u00e1n-Garc\u00eda et al., 2016), and the deployment of chatbots in the public domain (Wolf et al., 2017) are two examples that show the necessity of guarding against adversarially offensive behavior on the part of humans. In this work, we develop a training scheme for a model to become robust to such human attacks by an iterative build it, break it, fix it scheme with humans and models in the loop. In detailed experiments we show this approach is considerably more robust than previous systems. Further, we show that offensive language used within a conversation critically depends on the dialogue context, and cannot be viewed as a single sentence offensive detection task as in most previous work. Our newly collected tasks and methods are all made open source and publicly available.",
      "arxiv_id": "1908.06083"
    },
    "14": {
      "paperId": "267d9a093ae7e8388fd1e25d2b5e4cfe91c71226",
      "externalIds": {
        "DBLP": "journals/corr/abs-2109-05794",
        "ArXiv": "2109.05794",
        "ACL": "2021.emnlp-main.367",
        "DOI": "10.18653/v1/2021.emnlp-main.367",
        "CorpusId": 237492197
      },
      "title": "Building and Evaluating Open-Domain Dialogue Corpora with Clarifying Questions",
      "year": 2021,
      "abstract": "Enabling open-domain dialogue systems to ask clarifying questions when appropriate is an important direction for improving the quality of the system response. Namely, for cases when a user request is not specific enough for a conversation system to provide an answer right away, it is desirable to ask a clarifying question to increase the chances of retrieving a satisfying answer. To address the problem of \u2018asking clarifying questions in open-domain dialogues\u2019: (1) we collect and release a new dataset focused on open-domain single- and multi-turn conversations, (2) we benchmark several state-of-the-art neural baselines, and (3) we propose a pipeline consisting of offline and online steps for evaluating the quality of clarifying questions in various dialogues. These contributions are suitable as a foundation for further research.",
      "arxiv_id": null
    },
    "15": {
      "paperId": "f53416d2554c7f2444d3b01b06cca20f648b2d37",
      "externalIds": {
        "DBLP": "journals/corr/abs-2109-04562",
        "ArXiv": "2109.04562",
        "DOI": "10.18653/v1/2021.findings-emnlp.145",
        "CorpusId": 237485124
      },
      "title": "TIAGE: A Benchmark for Topic-Shift Aware Dialog Modeling",
      "year": 2021,
      "abstract": "Human conversations naturally evolve around different topics and fluently move between them. In research on dialog systems, the ability to actively and smoothly transition to new topics is often ignored. In this paper we introduce TIAGE, a new topic-shift aware dialog benchmark constructed utilizing human annotations on topic shifts. Based on TIAGE, we introduce three tasks to investigate different scenarios of topic-shift modeling in dialog settings: topic-shift detection, topic-shift triggered response generation and topic-aware dialog generation. Experiments on these tasks show that the topic-shift signals in TIAGE are useful for topic-shift response generation. On the other hand, dialog systems still struggle to decide when to change topic. This indicates further research is needed in topic-shift aware dialog modeling.",
      "arxiv_id": "2109.04562"
    },
    "16": {
      "paperId": "f56cda7ee6b3cfa427d045b6cc754ec68349c511",
      "externalIds": {
        "DBLP": "conf/emnlp/BahetiSRR21",
        "ArXiv": "2108.11830",
        "ACL": "2021.emnlp-main.397",
        "DOI": "10.18653/v1/2021.emnlp-main.397",
        "CorpusId": 237303836
      },
      "title": "Just Say No: Analyzing the Stance of Neural Dialogue Generation in Offensive Contexts",
      "year": 2021,
      "abstract": "Dialogue models trained on human conversations inadvertently learn to generate toxic responses. In addition to producing explicitly offensive utterances, these models can also implicitly insult a group or individual by aligning themselves with an offensive statement. To better understand the dynamics of contextually offensive language, we investigate the stance of dialogue model responses in offensive Reddit conversations. Specifically, we create ToxiChat, a crowd-annotated dataset of 2,000 Reddit threads and model responses labeled with offensive language and stance. Our analysis reveals that 42% of human responses agree with toxic comments, whereas only 13% agree with safe comments. This undesirable behavior is learned by neural dialogue models, such as DialoGPT, which we show are two times more likely to agree with offensive comments. To enable automatic detection of offensive language, we fine-tuned transformer-based classifiers on ToxiChat that achieve 0.71 F1 for offensive labels and 0.53 Macro-F1 for stance labels. Finally, we quantify the effectiveness of controllable text generation (CTG) methods to mitigate the tendency of neural dialogue models to agree with offensive comments. Compared to the baseline, our best CTG model achieves a 19% reduction in agreement with offensive comments and produces 29% fewer offensive replies. Our work highlights the need for further efforts to characterize and analyze inappropriate behavior in dialogue models, in order to help make them safer.",
      "arxiv_id": "2108.11830"
    },
    "17": {
      "paperId": "fac8d660e9c0cef1da5d35aea35c572ed776e887",
      "externalIds": {
        "ArXiv": "2012.15375",
        "DBLP": "journals/corr/abs-2012-15375",
        "DOI": "10.18653/v1/2021.findings-emnlp.295",
        "CorpusId": 229924355
      },
      "title": "Refine and Imitate: Reducing Repetition and Inconsistency in Persuasion Dialogues via Reinforcement Learning and Human Demonstration",
      "year": 2020,
      "abstract": "Persuasion dialogue systems reflect the machine's ability to make strategic moves beyond verbal communication, and therefore differentiate themselves from task-oriented or open-domain dialogue systems and have their own unique values. However, the repetition and inconsistency problems still persist in dialogue response generation and could substantially impact user experience and impede the persuasion outcome. Besides, although reinforcement learning (RL) approaches have achieved big success in strategic tasks such as games, they require a sophisticated user simulator to provide real-time feedback to the dialogue system, which limits the application of RL on persuasion dialogues. To address these issues towards a better persuasion dialogue system, we apply RL to refine a language model baseline without user simulators, and distill sentence-level information about repetition, inconsistency, and task relevance through rewards. Moreover, to better accomplish the persuasion task, the model learns from human demonstration to imitate human persuasion behavior and selects the most persuasive responses. Experiments show that our model outperforms previous state-of-the-art dialogue models on both automatic metrics and human evaluation results on a donation persuasion task, and generates more diverse, consistent and persuasive conversations according to the user feedback.",
      "arxiv_id": "2012.15375"
    },
    "18": {
      "paperId": "7b622d7a991da4d2091d7bdb420177ca596f13a8",
      "externalIds": {
        "ArXiv": "1909.13425",
        "MAG": "2995640005",
        "DBLP": "journals/corr/abs-1909-13425",
        "CorpusId": 203593798
      },
      "title": "Augmenting Non-Collaborative Dialog Systems with Explicit Semantic and Strategic Dialog History",
      "year": 2019,
      "abstract": "We study non-collaborative dialogs, where two agents have a conflict of interest but must strategically communicate to reach an agreement (e.g., negotiation). This setting poses new challenges for modeling dialog history because the dialog's outcome relies not only on the semantic intent, but also on tactics that convey the intent. We propose to model both semantic and tactic history using finite state transducers (FSTs). Unlike RNN, FSTs can explicitly represent dialog history through all the states traversed, facilitating interpretability of dialog structure. We train FSTs on a set of strategies and tactics used in negotiation dialogs. The trained FSTs show plausible tactic structure and can be generalized to other non-collaborative domains (e.g., persuasion). We evaluate the FSTs by incorporating them in an automated negotiating system that attempts to sell products and a persuasion system that persuades people to donate to a charity. Experiments show that explicitly modeling both semantic and tactic history is an effective way to improve both dialog policy planning and generation performance.",
      "arxiv_id": "1909.13425"
    },
    "19": {
      "paperId": "2785ec102c3d2888ae9d29c8d3fba2a666b5b3af",
      "externalIds": {
        "ArXiv": "2106.00920",
        "DBLP": "journals/corr/abs-2106-00920",
        "CorpusId": 235293845
      },
      "title": "DialoGraph: Incorporating Interpretable Strategy-Graph Networks into Negotiation Dialogues",
      "year": 2021,
      "abstract": "To successfully negotiate a deal, it is not enough to communicate fluently: pragmatic planning of persuasive negotiation strategies is essential. While modern dialogue agents excel at generating fluent sentences, they still lack pragmatic grounding and cannot reason strategically. We present DialoGraph, a negotiation system that incorporates pragmatic strategies in a negotiation dialogue using graph neural networks. DialoGraph explicitly incorporates dependencies between sequences of strategies to enable improved and interpretable prediction of next optimal strategies, given the dialogue context. Our graph-based method outperforms prior state-of-the-art negotiation models both in the accuracy of strategy/dialogue act prediction and in the quality of downstream dialogue response generation. We qualitatively show further benefits of learned strategy-graphs in providing explicit associations between effective negotiation strategies over the course of the dialogue, leading to interpretable and strategic dialogues.",
      "arxiv_id": "2106.00920"
    },
    "20": {
      "paperId": "d5ddd6b0a661ba22a9c6e8eb8137616a5a2866d8",
      "externalIds": {
        "MAG": "3034951393",
        "DBLP": "conf/ijcai/XuLWN0C20",
        "DOI": "10.24963/ijcai.2020/545",
        "CorpusId": 220483732
      },
      "title": "Enhancing Dialog Coherence with Event Graph Grounded Content Planning",
      "year": 2020,
      "abstract": "How to generate informative, coherent and sustainable open-domain conversations is a non-trivial task. Previous work on knowledge grounded conversation generation focus on improving dialog informativeness with little attention on dialog coherence. In this paper, to enhance multi-turn dialog coherence, we propose to leverage event chains to help determine a sketch of a multi-turn dialog. We first extract event chains from narrative texts and connect them as a graph. We then present a novel event graph grounded Reinforcement Learning (RL) framework. It conducts high-level response content (simply an event) planning by learning to walk over the graph, and then produces a response conditioned on the planned content. In particular, we devise a novel multi-policy decision making mechanism to foster a coherent dialog with both appropriate content ordering and high contextual relevance. Experimental results indicate the effectiveness of this framework in terms of dialog coherence and informativeness.",
      "arxiv_id": null
    },
    "21": {
      "paperId": "c859f884d2cb7161b0a6ae0e0a12b1539e4952d3",
      "externalIds": {
        "DBLP": "journals/corr/abs-2205-05589",
        "ArXiv": "2205.05589",
        "DOI": "10.48550/arXiv.2205.05589",
        "CorpusId": 248693217
      },
      "title": "KETOD: Knowledge-Enriched Task-Oriented Dialogue",
      "year": 2022,
      "abstract": "Existing studies in dialogue system research mostly treat task-oriented dialogue and chit-chat as separate domains. Towards building a human-like assistant that can converse naturally and seamlessly with users, it is important to build a dialogue system that conducts both types of conversations effectively. In this work, we investigate how task-oriented dialogue and knowledge-grounded chit-chat can be effectively integrated into a single model. To this end, we create a new dataset, KETOD (Knowledge-Enriched Task-Oriented Dialogue), where we naturally enrich task-oriented dialogues with chit-chat based on relevant entity knowledge. We also propose two new models, SimpleToDPlus and Combiner, for the proposed task. Experimental results on both automatic and human evaluations show that the proposed methods can significantly improve the performance in knowledge-enriched response generation while maintaining a competitive task-oriented dialog performance. We believe our new dataset will be a valuable resource for future studies. Our dataset and code are publicly available at \\url{https://github.com/facebookresearch/ketod}.",
      "arxiv_id": "2205.05589"
    },
    "22": {
      "paperId": "3c64247b4c75c64b4a67d306200bab5b5d3b5bfa",
      "externalIds": {
        "MAG": "3166143260",
        "DBLP": "conf/naacl/SunMCRSLWLCC21",
        "ACL": "2021.naacl-main.124",
        "ArXiv": "2010.12757",
        "DOI": "10.18653/V1/2021.NAACL-MAIN.124",
        "CorpusId": 225068315
      },
      "title": "Adding Chit-Chat to Enhance Task-Oriented Dialogues",
      "year": 2020,
      "abstract": "Existing dialogue corpora and models are typically designed under two disjoint motives: while task-oriented systems focus on achieving functional goals (e.g., booking hotels), open-domain chatbots aim at making socially engaging conversations. In this work, we propose to integrate both types of systems by Adding Chit-Chat to ENhance Task-ORiented dialogues (ACCENTOR), with the goal of making virtual assistant conversations more engaging and interactive. Specifically, we propose a Human <-> AI collaborative data collection approach for generating diverse chit-chat responses to augment task-oriented dialogues with minimal annotation effort. We then present our new chit-chat-based annotations to 23.8K dialogues from two popular task-oriented datasets (Schema-Guided Dialogue and MultiWOZ 2.1) and demonstrate their advantage over the originals via human evaluation. Lastly, we propose three new models for adding chit-chat to task-oriented dialogues, explicitly trained to predict user goals and to generate contextually relevant chit-chat responses. Automatic and human evaluations show that, compared with the state-of-the-art task-oriented baseline, our models can code-switch between task and chit-chat to be more engaging, interesting, knowledgeable, and humanlike, while maintaining competitive task performance.",
      "arxiv_id": "2010.12757"
    },
    "23": {
      "paperId": "041c4a3932eae3931d90b1a0fc033cf5f491c267",
      "externalIds": {
        "MAG": "3171850892",
        "ACL": "2021.naacl-main.235",
        "DBLP": "conf/naacl/XuJLBWD21",
        "DOI": "10.18653/V1/2021.NAACL-MAIN.235",
        "CorpusId": 235097625
      },
      "title": "Bot-Adversarial Dialogue for Safe Conversational Agents",
      "year": 2021,
      "abstract": "Conversational agents trained on large unlabeled corpora of human interactions will learn patterns and mimic behaviors therein, which include offensive or otherwise toxic behavior. We introduce a new human-and-model-in-the-loop framework for evaluating the toxicity of such models, and compare a variety of existing methods in both the cases of non-adversarial and adversarial users that expose their weaknesses. We then go on to propose two novel methods for safe conversational agents, by either training on data from our new human-and-model-in-the-loop framework in a two-stage system, or \u201dbaking-in\u201d safety to the generative model itself. We find our new techniques are (i) safer than existing models; while (ii) maintaining usability metrics such as engagingness relative to state-of-the-art chatbots. In contrast, we expose serious safety issues in existing standard systems like GPT2, DialoGPT, and BlenderBot.",
      "arxiv_id": null
    },
    "24": {
      "paperId": "2a2073788218548ef39decdf9469ce85963d7026",
      "externalIds": {
        "DBLP": "conf/naacl/SamadMFE22",
        "DOI": "10.18653/v1/2022.findings-naacl.63",
        "CorpusId": 250562862
      },
      "title": "Empathetic Persuasion: Reinforcing Empathy and Persuasiveness in Dialogue Systems",
      "year": 2022,
      "abstract": ",",
      "arxiv_id": null
    },
    "25": {
      "paperId": "e2c16d93bca8822b571dd388af4e309069d1a373",
      "externalIds": {
        "ArXiv": "2205.09314",
        "DBLP": "conf/naacl/GuptaJB22",
        "DOI": "10.48550/arXiv.2205.09314",
        "CorpusId": 248887312
      },
      "title": "Target-Guided Dialogue Response Generation Using Commonsense and Data Augmentation",
      "year": 2022,
      "abstract": "Target-guided response generation enables dialogue systems to smoothly transition a conversation from a dialogue context toward a target sentence. Such control is useful for designing dialogue systems that direct a conversation toward specific goals, such as creating non-obtrusive recommendations or introducing new topics in the conversation. In this paper, we introduce a new technique for target-guided response generation, which first finds a bridging path of commonsense knowledge concepts between the source and the target, and then uses the identified bridging path to generate transition responses. Additionally, we propose techniques to re-purpose existing dialogue datasets for target-guided generation. Experiments reveal that the proposed techniques outperform various baselines on this task. Finally, we observe that the existing automated metrics for this task correlate poorly with human judgement ratings. We propose a novel evaluation metric that we demonstrate is more reliable for target-guided response evaluation. Our work generally enables dialogue system designers to exercise more control over the conversations that their systems produce.",
      "arxiv_id": "2205.09314"
    },
    "26": {
      "paperId": "10391eed628dfece8a9136f76c5df53b5704422d",
      "externalIds": {
        "MAG": "3104041537",
        "DBLP": "conf/emnlp/ForbesHSSC20",
        "ACL": "2020.emnlp-main.48",
        "ArXiv": "2011.00620",
        "DOI": "10.18653/v1/2020.emnlp-main.48",
        "CorpusId": 226226666
      },
      "title": "Social Chemistry 101: Learning to Reason about Social and Moral Norms",
      "year": 2020,
      "abstract": "Social norms---the unspoken commonsense rules about acceptable social behavior---are crucial in understanding the underlying causes and intents of people's actions in narratives. For example, underlying an action such as \"wanting to call cops on my neighbors\" are social norms that inform our conduct, such as \"It is expected that you report crimes.\" \nWe present Social Chemistry, a new conceptual formalism to study people's everyday social norms and moral judgments over a rich spectrum of real life situations described in natural language. We introduce Social-Chem-101, a large-scale corpus that catalogs 292k rules-of-thumb such as \"it is rude to run a blender at 5am\" as the basic conceptual units. Each rule-of-thumb is further broken down with 12 different dimensions of people's judgments, including social judgments of good and bad, moral foundations, expected cultural pressure, and assumed legality, which together amount to over 4.5 million annotations of categorical labels and free-text descriptions. \nComprehensive empirical results based on state-of-the-art neural models demonstrate that computational modeling of social norms is a promising research direction. Our model framework, Neural Norm Transformer, learns and generalizes Social-Chem-101 to successfully reason about previously unseen situations, generating relevant (and potentially novel) attribute-aware social rules-of-thumb.",
      "arxiv_id": "2011.00620"
    },
    "27": {
      "paperId": "87a31b729295a3357949683276a2625288fdd0f0",
      "externalIds": {
        "DBLP": "conf/emnlp/DengLZLC22",
        "ArXiv": "2210.08817",
        "ACL": "2022.emnlp-main.469",
        "DOI": "10.48550/arXiv.2210.08817",
        "CorpusId": 252918278
      },
      "title": "PACIFIC: Towards Proactive Conversational Question Answering over Tabular and Textual Data in Finance",
      "year": 2022,
      "abstract": "To facilitate conversational question answering (CQA) over hybrid contexts in finance, we present a new dataset, named PACIFIC. Compared with existing CQA datasets, PACIFIC exhibits three key features: (i) proactivity, (ii) numerical reasoning, and (iii) hybrid context of tables and text. A new task is defined accordingly to study Proactive Conversational Question Answering (PCQA), which combines clarification question generation and CQA. In addition, we propose a novel method, namely UniPCQA, to adapt a hybrid format of input and output content in PCQA into the Seq2Seq problem, including the reformulation of the numerical reasoning process as code generation. UniPCQA performs multi-task learning over all sub-tasks in PCQA and incorporates a simple ensemble strategy to alleviate the error propagation issue in the multi-task learning by cross-validating top-k sampled Seq2Seq outputs. We benchmark the PACIFIC dataset with extensive baselines and provide comprehensive evaluations on each sub-task of PCQA.",
      "arxiv_id": "2210.08817"
    },
    "28": {
      "paperId": "36c50e6638dddc8324eef9bfa064bfcab80cbef4",
      "externalIds": {
        "DBLP": "journals/corr/abs-2205-12688",
        "ArXiv": "2205.12688",
        "ACL": "2022.emnlp-main.267",
        "DOI": "10.48550/arXiv.2205.12688",
        "CorpusId": 249062866
      },
      "title": "ProsocialDialog: A Prosocial Backbone for Conversational Agents",
      "year": 2022,
      "abstract": "Most existing dialogue systems fail to respond properly to potentially unsafe user utterances by either ignoring or passively agreeing with them. To address this issue, we introduce ProsocialDialog, the first large-scale multi-turn dialogue dataset to teach conversational agents to respond to problematic content following social norms. Covering diverse unethical, problematic, biased, and toxic situations, ProsocialDialog contains responses that encourage prosocial behavior, grounded in commonsense social rules (i.e., rules-of-thumb, RoTs). Created via a human-AI collaborative framework, ProsocialDialog consists of 58K dialogues, with 331K utterances, 160K unique RoTs, and 497K dialogue safety labels accompanied by free-form rationales.With this dataset, we introduce a dialogue safety detection module, Canary, capable of generating RoTs given conversational context, and a socially-informed dialogue agent, Prost. Empirical results show that Prost generates more socially acceptable dialogues compared to other state-of-the-art language and dialogue models in both in-domain and out-of-domain settings. Additionally, Canary effectively guides conversational agents and off-the-shelf language models to generate significantly more prosocial responses. Our work highlights the promise and importance of creating and steering conversational AI to be socially responsible.",
      "arxiv_id": "2205.12688"
    },
    "29": {
      "paperId": "922d374ed15876641564482601c8bdf570fb356f",
      "externalIds": {
        "DBLP": "conf/sigdial/RachnaRAS21",
        "ACL": "2021.sigdial-1.17",
        "DOI": "10.18653/v1/2021.sigdial-1.17",
        "CorpusId": 237099274
      },
      "title": "Topic Shift Detection for Mixed Initiative Response",
      "year": 2021,
      "abstract": "Topic diversion occurs frequently with engaging open-domain dialogue systems like virtual assistants. The balance between staying on topic and rectifying the topic drift is important for a good collaborative system. In this paper, we present a model which uses a fine-tuned XLNet-base to classify the utterances pertaining to the major topic of conversation and those which are not, with a precision of 84%. We propose a preliminary study, classifying utterances into major, minor and off-topics, which further extends into a system initiative for diversion rectification. A case study was conducted where a system initiative is emulated as a response to the user going off-topic, mimicking a common occurrence of mixed initiative present in natural human-human conversation. This task of classifying utterances into those which belong to the major theme or not, would also help us in identification of relevant sentences for tasks like dialogue summarization and information extraction from conversations.",
      "arxiv_id": null
    },
    "30": {
      "paperId": "4a75598125bd0be3600d840aec04de40bf03c33b",
      "externalIds": {
        "DBLP": "journals/corr/abs-1907-06554",
        "ArXiv": "1907.06554",
        "MAG": "3105690102",
        "DOI": "10.1145/3331184.3331265",
        "CorpusId": 196623463
      },
      "title": "Asking Clarifying Questions in Open-Domain Information-Seeking Conversations",
      "year": 2019,
      "abstract": "Users often fail to formulate their complex information needs in a single query. As a consequence, they may need to scan multiple result pages or reformulate their queries, which may be a frustrating experience. Alternatively, systems can improve user satisfaction by proactively asking questions of the users to clarify their information needs. Asking clarifying questions is especially important in conversational systems since they can only return a limited number of (often only one) result(s). In this paper, we formulate the task of asking clarifying questions in open-domain information-seeking conversational systems. To this end, we propose an offline evaluation methodology for the task and collect a dataset, called Qulac, through crowdsourcing. Our dataset is built on top of the TREC Web Track 2009-2012 data and consists of over 10K question-answer pairs for 198 TREC topics with 762 facets. Our experiments on an oracle model demonstrate that asking only one good question leads to over 170% retrieval performance improvement in terms of P@1, which clearly demonstrates the potential impact of the task. We further propose a retrieval framework consisting of three components: question retrieval, question selection, and document retrieval. In particular, our question selection model takes into account the original query and previous question-answer interactions while selecting the next question. Our model significantly outperforms competitive baselines. To foster research in this area, we have made Qulac publicly available.",
      "arxiv_id": null
    },
    "31": {
      "paperId": "20fde81e7ef98511c000237459a0751cd9e832ba",
      "externalIds": {
        "DBLP": "conf/sigir/LeiZSLMLYC22",
        "ArXiv": "2204.07433",
        "DOI": "10.1145/3477495.3532001",
        "CorpusId": 248218802
      },
      "title": "Interacting with Non-Cooperative User: A New Paradigm for Proactive Dialogue Policy",
      "year": 2022,
      "abstract": "Proactive dialogue system is able to lead the conversation to a goal topic and has advantaged potential in bargain, persuasion, and negotiation. Current corpus-based learning manner limits its practical application in real-world scenarios. To this end, we contribute to advancing the study of the proactive dialogue policy to a more natural and challenging setting, i.e., interacting dynamically with users. Further, we call attention to the non-cooperative user behavior - the user talks about off-path topics when he/she is not satisfied with the previous topics introduced by the agent. We argue that the targets of reaching the goal topic quickly and maintaining a high user satisfaction are not always converged, because the topics close to the goal and the topics user preferred may not be the same. Towards this issue, we propose a new solution named I-Pro that can learn Proactive policy in the Interactive setting. Specifically, we learn the trade-off via a learned goal weight, which consists of four factors (dialogue turn, goal completion difficulty, user satisfaction estimation, and cooperative degree). The experimental results demonstrate I-Pro significantly outperforms baselines in terms of effectiveness and interpretability.",
      "arxiv_id": "2204.07433"
    },
    "32": {
      "paperId": "70fa17ccd5fc71b63e5a9ef0275ae060d3ca4831",
      "externalIds": {
        "DBLP": "journals/corr/abs-2105-09710",
        "ArXiv": "2105.09710",
        "DOI": "10.1145/3404835.3462913",
        "CorpusId": 234789923
      },
      "title": "Unified Conversational Recommendation Policy Learning via Graph-based Reinforcement Learning",
      "year": 2021,
      "abstract": "Conversational recommender systems (CRS) enable the traditional recommender systems to explicitly acquire user preferences towards items and attributes through interactive conversations. Reinforcement learning (RL) is widely adopted to learn conversational recommendation policies to decide what attributes to ask, which items to recommend, and when to ask or recommend, at each conversation turn. However, existing methods mainly target at solving one or two of these three decision-making problems in CRS with separated conversation and recommendation components, which restrict the scalability and generality of CRS and fall short of preserving a stable training procedure. In the light of these challenges, we propose to formulate these three decision-making problems in CRS as a unified policy learning task. In order to systematically integrate conversation and recommendation components, we develop a dynamic weighted graph based RL method to learn a policy to select the action at each conversation turn, either asking an attribute or recommending items. Further, to deal with the sample efficiency issue, we propose two action selection strategies for reducing the candidate action space according to the preference and entropy information. Experimental results on two benchmark CRS datasets and a real-world E-Commerce application show that the proposed method not only significantly outperforms state-of-the-art methods but also enhances the scalability and stability of CRS.",
      "arxiv_id": "2105.09710"
    },
    "33": {
      "paperId": "906f4bc20b6d5705fa9f39189ab08b1c7d72f6ad",
      "externalIds": {
        "MAG": "3003611599",
        "DBLP": "conf/www/ZamaniDCBL20",
        "DOI": "10.1145/3366423.3380126",
        "CorpusId": 214148289
      },
      "title": "Generating Clarifying Questions for Information Retrieval",
      "year": 2020,
      "abstract": "Search queries are often short, and the underlying user intent may be ambiguous. This makes it challenging for search engines to predict possible intents, only one of which may pertain to the current user. To address this issue, search engines often diversify the result list and present documents relevant to multiple intents of the query. An alternative approach is to ask the user a question to clarify her information need. Asking clarifying questions is particularly important for scenarios with \u201climited bandwidth\u201d interfaces, such as speech-only and small-screen devices. In addition, our user studies and large-scale online experiments show that asking clarifying questions is also useful in web search. Although some recent studies have pointed out the importance of asking clarifying questions, generating them for open-domain search tasks remains unstudied and is the focus of this paper. Lack of training data even within major search engines for this task makes it challenging. To mitigate this issue, we first identify a taxonomy of clarification for open-domain search queries by analyzing large-scale query reformulation data sampled from Bing search logs. This taxonomy leads us to a set of question templates and a simple yet effective slot filling algorithm. We further use this model as a source of weak supervision to automatically generate clarifying questions for training. Furthermore, we propose supervised and reinforcement learning models for generating clarifying questions learned from weak supervision data. We also investigate methods for generating candidate answers for each clarifying question, so users can select from a set of pre-defined answers. Human evaluation of the clarifying questions and candidate answers for hundreds of search queries demonstrates the effectiveness of the proposed solutions.",
      "arxiv_id": null
    },
    "34": {
      "paperId": "6994323e2825b3318a6d560c833ea8dea6cdc715",
      "externalIds": {
        "DBLP": "conf/www/ZhangWSPWXLP22",
        "ArXiv": "2112.11775",
        "DOI": "10.1145/3485447.3512088",
        "CorpusId": 245385273
      },
      "title": "Multiple Choice Questions based Multi-Interest Policy Learning for Conversational Recommendation",
      "year": 2021,
      "abstract": "Conversational recommendation system (CRS) is able to obtain fine-grained and dynamic user preferences based on interactive dialogue. Previous CRS assumes that the user has a clear target item, which often deviates from the real scenario, that is for many users who resort to CRS, they might not have a clear idea about what they really like. Specifically, the user may have a clear single preference for some attribute types (e.g. brand) of items, while for other attribute types (e.g. color), the user may have multiple preferences or even no clear preferences, which leads to multiple acceptable attribute instances (e.g. black and red) of one attribute type. Therefore, the users could show their preferences over items under multiple combinations of attribute instances rather than a single item with unique combination of all attribute instances. As a result, we first propose a more realistic conversational recommendation learning setting, namely Multi-Interest Multi-round Conversational Recommendation (MIMCR), where users may have multiple interests in attribute instance combinations and accept multiple items with partially overlapped combinations of attribute instances. To effectively cope with the new CRS learning setting, in this paper, we propose a novel learning framework, namely Multiple Choice questions based Multi-Interest Policy Learning (MCMIPL). In order to obtain user preferences more efficiently, the agent generates multiple choice questions rather than binary yes/no ones on specific attribute instance. Furthermore, we propose a union set strategy to select candidate items instead of existing intersection set strategy in order to overcome over-filtering items during the conversation. Finally, we design a Multi-Interest Policy Learning (MIPL) module, which utilizes captured multiple interests of the user to decide next action, either asking attribute instances or recommending items. Extensive experimental results on four datasets demonstrate the superiority of our method for the proposed MIMCR setting.",
      "arxiv_id": "2112.11775"
    }
  },
  "papers_index": {
    "c9baad6c2d6c112e758e9d9a2f3287622c21a19b": 0,
    "f0f8ced40ecde8e96c5bdfd3cde838605a03edef": 1,
    "1af678b040ce638aedf8b582212937f0921ccc1d": 2,
    "02112df94f257d9e3e6d0077a46acd1eb73526d3": 3,
    "7bf03c12f74a83852fc831c468aa754e0008a6d7": 4,
    "6d23532a1e9a8116041fd5aac6b0ef8ddd6d8171": 5,
    "3ae5bef6b0c8317603a2deab2527383580904fd8": 6,
    "341a3b670146785f9b68b49dd0f6249b3a42e3be": 7,
    "c8cbfbfb8162900b01c617a147ed4f96c4b239b9": 8,
    "326b0adb0a3bba78055f65366b5a0e05c4a5e50d": 9,
    "17fdf700dcd6e8621ef4d9aa4ae69d1ad7a2043e": 10,
    "ff2541f30507b161316edd879fa65fb80a08d16f": 11,
    "b626754a0fd7de12c87e88165b2484ac5d98212a": 12,
    "b91c4edd30b63cd1cb1b86cbeefb33a461535e09": 13,
    "267d9a093ae7e8388fd1e25d2b5e4cfe91c71226": 14,
    "f53416d2554c7f2444d3b01b06cca20f648b2d37": 15,
    "f56cda7ee6b3cfa427d045b6cc754ec68349c511": 16,
    "fac8d660e9c0cef1da5d35aea35c572ed776e887": 17,
    "7b622d7a991da4d2091d7bdb420177ca596f13a8": 18,
    "2785ec102c3d2888ae9d29c8d3fba2a666b5b3af": 19,
    "d5ddd6b0a661ba22a9c6e8eb8137616a5a2866d8": 20,
    "c859f884d2cb7161b0a6ae0e0a12b1539e4952d3": 21,
    "3c64247b4c75c64b4a67d306200bab5b5d3b5bfa": 22,
    "041c4a3932eae3931d90b1a0fc033cf5f491c267": 23,
    "2a2073788218548ef39decdf9469ce85963d7026": 24,
    "e2c16d93bca8822b571dd388af4e309069d1a373": 25,
    "10391eed628dfece8a9136f76c5df53b5704422d": 26,
    "87a31b729295a3357949683276a2625288fdd0f0": 27,
    "36c50e6638dddc8324eef9bfa064bfcab80cbef4": 28,
    "922d374ed15876641564482601c8bdf570fb356f": 29,
    "4a75598125bd0be3600d840aec04de40bf03c33b": 30,
    "20fde81e7ef98511c000237459a0751cd9e832ba": 31,
    "70fa17ccd5fc71b63e5a9ef0275ae060d3ca4831": 32,
    "906f4bc20b6d5705fa9f39189ab08b1c7d72f6ad": 33,
    "6994323e2825b3318a6d560c833ea8dea6cdc715": 34
  }
}