{
  "arxiv_id": "2306.02051",
  "title": "A Comprehensive Survey on Relation Extraction: Recent Advances and New Frontiers",
  "taxo_tree": {
    "RE Models": {
      "Text Representation": {
        "Word-level": {
          "268beeeea792fa1285b23f78cce723e2f0c6568a": {},
          "2c3ab68fd1d70759a79399841089333b150450ed": {},
          "8852329d4108b24d160199a2fbe92e55999d74bc": {}
        },
        "Character-level": {
          "24f2e02437013fde3477621acfec48c53391853e": {},
          "e1ea693946636c482de231b33bef959d2f1400e9": {},
          "faa5d6d1285eb5f39f28f275cdd2bd8dfbd53a8d": {},
          "db073b550a4d3354a72468903eba2d3c88620b8f": {},
          "68cd1c7c0651b116a83abab8a7a46a29975d3b5f": {}
        },
        "Position-enhanced": {
          "24f2e02437013fde3477621acfec48c53391853e": {},
          "27e38351e48fe4b7da2775bf94341738bc4da07e": {},
          "2c3ab68fd1d70759a79399841089333b150450ed": {},
          "791b65c65f8ae7e16c1ee9203cdc3ee59ffeb99f": {}
        },
        "Syntatic-enhanced": {
          "08b63b1f9a770c1b6f8545c2e1e4a9bfb6a2de6d": {},
          "060ccf4b9e7c2f4b867ec52c5a5682eb1384e8fb": {},
          "032fbcb58e2282f02426a0f09c6d5b42787936ec": {},
          "0fc2b08409def9f7ef6beff8ff2155c0dcff2345": {}
        }
      },
      "Context Encoding": {
        "CNN\\&RNN": {
          "8f030b544979f2555c27fc7e41e31ce419746770": {},
          "7bdadd8a3bf2de3cac4acd03a4626fb4c057bd50": {},
          "e1ea693946636c482de231b33bef959d2f1400e9": {},
          "053c2d195a1d0404253f21a25b4d3763502bd36b": {},
          "8852329d4108b24d160199a2fbe92e55999d74bc": {}
        },
        "Attention": {
          "8f030b544979f2555c27fc7e41e31ce419746770": {},
          "e1ea693946636c482de231b33bef959d2f1400e9": {},
          "c8f75ea04e67bc492b19f0d1a395f31b689f70bd": {},
          "0fc2b08409def9f7ef6beff8ff2155c0dcff2345": {},
          "8852329d4108b24d160199a2fbe92e55999d74bc": {}
        },
        "GNN": {
          "7bdadd8a3bf2de3cac4acd03a4626fb4c057bd50": {},
          "a30a89b94b0162ad2db2a2f70b135ce0689e13f6": {},
          "d46a1ba4d2c12eefab847577bab30214b62f62c4": {},
          "053c2d195a1d0404253f21a25b4d3763502bd36b": {}
        },
        "PLMs-based": {
          "24be02766d7db040c7ff65f32f0c707f91523d89": {},
          "1a2e90dff605dad7dbefeed121e6d295c7a77d62": {},
          "860ae7d028df0a85d8f8b82fa2c7a817bcee10b7": {},
          "f88dff39e5b10e4d005b87060bfee58df241d4a2": {}
        }
      },
      "Triplet Prediction": {
        "Pipeline": {
          "a30a89b94b0162ad2db2a2f70b135ce0689e13f6": {},
          "24be02766d7db040c7ff65f32f0c707f91523d89": {},
          "5e46fc68ede1108529f4db78bc7e1def69d70ba3": {},
          "860ae7d028df0a85d8f8b82fa2c7a817bcee10b7": {}
        },
        "Span-based": {
          "2b0489a440f8a39ed320e0ed879e29e0fcb87e09": {},
          "f262ef2f50dfcaf07dc6598f22fb9b2470b37cf1": {},
          "d46a1ba4d2c12eefab847577bab30214b62f62c4": {},
          "25705acd7f0e2cd8790e6ce434e1134b39283b1d": {},
          "a6c9cac9d0135e7806e658de2cfe1ee1c4f50fee": {}
        },
        "Seq2Seq": {
          "e1e438381418751f16b6813b00bd62a8949f8374": {},
          "416fcbf760e41857b7530826a8803c34de2ab077": {},
          "945058efb3bbcf071f3b7cce8d5e9dd0b6348098": {},
          "2e1317c6b7af3a51d1cf24da721cdba7368c98c2": {}
        },
        "MRC-based": {
          "4e4230418470efbb3a86d407d8eedf329f361f6d": {},
          "fa025e5d117929361bcf798437957762eb5bb6d4": {},
          "2c5ec74fb56fbfbceaa4cd5c8312ada4e2e19503": {},
          "9b09b1ac8098adcd66bd77fa48530901f364da18": {}
        },
        "Sequence labeling": {
          "4d4a00970f2751c3cc8a036c9ac1cb68eacb45d3": {},
          "0fc2b08409def9f7ef6beff8ff2155c0dcff2345": {},
          "f5d6779073901989f14de984e2236891a801c2bd": {},
          "7b66a5dd12d4b262138dc5864e908bc87f2d919a": {}
        }
      }
    }
  },
  "papers": {
    "0": {
      "paperId": "8f030b544979f2555c27fc7e41e31ce419746770",
      "externalIds": {
        "MAG": "3117174129",
        "DBLP": "conf/coling/ChenSYL20",
        "ACL": "2020.coling-main.137",
        "DOI": "10.18653/V1/2020.COLING-MAIN.137",
        "CorpusId": 227230666
      },
      "title": "Joint Entity and Relation Extraction for Legal Documents with Legal Feature Enhancement",
      "year": 2020,
      "abstract": "In recent years, the plentiful information contained in Chinese legal documents has attracted a great deal of attention because of the large-scale release of the judgment documents on China Judgments Online. It is in great need of enabling machines to understand the semantic information stored in the documents which are transcribed in the form of natural language. The technique of information extraction provides a way of mining the valuable information implied in the unstructured judgment documents. We propose a Legal Triplet Extraction System for drug-related criminal judgment documents. The system extracts the entities and the semantic relations jointly and benefits from the proposed legal lexicon feature and multi-task learning framework. Furthermore, we manually annotate a dataset for Named Entity Recognition and Relation Extraction in Chinese legal domain, which contributes to training supervised triplet extraction models and evaluating the model performance. Our experimental results show that the legal feature introduction and multi-task learning framework are feasible and effective for the Legal Triplet Extraction System. The F1 score of triplet extraction finally reaches 0.836 on the legal dataset.",
      "arxiv_id": null
    },
    "1": {
      "paperId": "2b0489a440f8a39ed320e0ed879e29e0fcb87e09",
      "externalIds": {
        "ACL": "2020.coling-main.8",
        "DBLP": "conf/coling/JiYLMWTL20",
        "MAG": "3114696828",
        "DOI": "10.18653/V1/2020.COLING-MAIN.8",
        "CorpusId": 227231722
      },
      "title": "Span-based Joint Entity and Relation Extraction with Attention-based Span-specific and Contextual Semantic Representations",
      "year": 2020,
      "abstract": "Span-based joint extraction models have shown their efficiency on entity recognition and relation extraction. These models regard text spans as candidate entities and span tuples as candidate relation tuples. Span semantic representations are shared in both entity recognition and relation extraction, while existing models cannot well capture semantics of these candidate entities and relations. To address these problems, we introduce a span-based joint extraction framework with attention-based semantic representations. Specially, attentions are utilized to calculate semantic representations, including span-specific and contextual ones. We further investigate effects of four attention variants in generating contextual semantic representations. Experiments show that our model outperforms previous systems and achieves state-of-the-art results on ACE2005, CoNLL2004 and ADE.",
      "arxiv_id": null
    },
    "2": {
      "paperId": "7bdadd8a3bf2de3cac4acd03a4626fb4c057bd50",
      "externalIds": {
        "ACL": "2021.emnlp-main.36",
        "DBLP": "conf/emnlp/LeeC21",
        "ArXiv": "2109.04008",
        "DOI": "10.18653/v1/2021.emnlp-main.36",
        "CorpusId": 237452494
      },
      "title": "Graph Based Network with Contextualized Representations of Turns in Dialogue",
      "year": 2021,
      "abstract": "Dialogue-based relation extraction (RE) aims to extract relation(s) between two arguments that appear in a dialogue. Because dialogues have the characteristics of high personal pronoun occurrences and low information density, and since most relational facts in dialogues are not supported by any single sentence, dialogue-based relation extraction requires a comprehensive understanding of dialogue. In this paper, we propose the TUrn COntext awaRE Graph Convolutional Network (TUCORE-GCN) modeled by paying attention to the way people understand dialogues. In addition, we propose a novel approach which treats the task of emotion recognition in conversations (ERC) as a dialogue-based RE. Experiments on a dialogue-based RE dataset and three ERC datasets demonstrate that our model is very effective in various dialogue-based natural language understanding tasks. In these experiments, TUCORE-GCN outperforms the state-of-the-art models on most of the benchmark datasets. Our code is available at https://github.com/BlackNoodle/TUCORE-GCN.",
      "arxiv_id": "2109.04008"
    },
    "3": {
      "paperId": "a30a89b94b0162ad2db2a2f70b135ce0689e13f6",
      "externalIds": {
        "DBLP": "journals/corr/abs-2007-02387",
        "ArXiv": "2007.02387",
        "MAG": "3038665551",
        "CorpusId": 220363755
      },
      "title": "Few-shot Relation Extraction via Bayesian Meta-learning on Relation Graphs",
      "year": 2020,
      "abstract": "This paper studies few-shot relation extraction, which aims at predicting the relation for a pair of entities in a sentence by training with a few labeled examples in each relation. To more effectively generalize to new relations, in this paper we study the relationships between different relations and propose to leverage a global relation graph. We propose a novel Bayesian meta-learning approach to effectively learn the posterior distribution of the prototype vectors of relations, where the initial prior of the prototype vectors is parameterized with a graph neural network on the global relation graph. Moreover, to effectively optimize the posterior distribution of the prototype vectors, we propose to use the stochastic gradient Langevin dynamics, which is related to the MAML algorithm but is able to handle the uncertainty of the prototype vectors. The whole framework can be effectively and efficiently optimized in an end-to-end fashion. Experiments on two benchmark datasets prove the effectiveness of our proposed approach against competitive baselines in both the few-shot and zero-shot settings.",
      "arxiv_id": "2007.02387"
    },
    "4": {
      "paperId": "24be02766d7db040c7ff65f32f0c707f91523d89",
      "externalIds": {
        "ArXiv": "2208.12494",
        "ACL": "2022.coling-1.33",
        "DBLP": "conf/coling/SonKLL22",
        "DOI": "10.48550/arXiv.2208.12494",
        "CorpusId": 251881623
      },
      "title": "GRASP: Guiding Model with RelAtional Semantics Using Prompt for Dialogue Relation Extraction",
      "year": 2022,
      "abstract": "The dialogue-based relation extraction (DialogRE) task aims to predict the relations between argument pairs that appear in dialogue. Most previous studies utilize fine-tuning pre-trained language models (PLMs) only with extensive features to supplement the low information density of the dialogue by multiple speakers. To effectively exploit inherent knowledge of PLMs without extra layers and consider scattered semantic cues on the relation between the arguments, we propose a Guiding model with RelAtional Semantics using Prompt (GRASP). We adopt a prompt-based fine-tuning approach and capture relational semantic clues of a given dialogue with 1) an argument-aware prompt marker strategy and 2) the relational clue detection task. In the experiments, GRASP achieves state-of-the-art performance in terms of both F1 and F1c scores on a DialogRE dataset even though our method only leverages PLMs without adding any extra layers.",
      "arxiv_id": null
    },
    "5": {
      "paperId": "4d4a00970f2751c3cc8a036c9ac1cb68eacb45d3",
      "externalIds": {
        "MAG": "3093565159",
        "ArXiv": "2010.13415",
        "DBLP": "conf/coling/WangYZLZS20",
        "ACL": "2020.coling-main.138",
        "DOI": "10.18653/V1/2020.COLING-MAIN.138",
        "CorpusId": 225067549
      },
      "title": "TPLinker: Single-stage Joint Extraction of Entities and Relations Through Token Pair Linking",
      "year": 2020,
      "abstract": "Extracting entities and relations from unstructured text has attracted increasing attention in recent years but remains challenging, due to the intrinsic difficulty in identifying overlapping relations with shared entities. Prior works show that joint learning can result in a noticeable performance gain. However, they usually involve sequential interrelated steps and suffer from the problem of exposure bias. At training time, they predict with the ground truth conditions while at inference it has to make extraction from scratch. This discrepancy leads to error accumulation. To mitigate the issue, we propose in this paper a one-stage joint extraction model, namely, TPLinker, which is capable of discovering overlapping relations sharing one or both entities while being immune from the exposure bias. TPLinker formulates joint extraction as a token pair linking problem and introduces a novel handshaking tagging scheme that aligns the boundary tokens of entity pairs under each relation type. Experiment results show that TPLinker performs significantly better on overlapping and multiple relation extraction, and achieves state-of-the-art performance on two public datasets.",
      "arxiv_id": "2010.13415"
    },
    "6": {
      "paperId": "24f2e02437013fde3477621acfec48c53391853e",
      "externalIds": {
        "DBLP": "conf/acl/BianHHZZ21",
        "ACL": "2021.findings-acl.236",
        "DOI": "10.18653/v1/2021.findings-acl.236",
        "CorpusId": 236477887
      },
      "title": "GrantRel: Grant Information Extraction via Joint Entity and Relation Extraction",
      "year": 2021,
      "abstract": "As part of scienti\ufb01c articles, grant information refers to funder names and their corresponding grant numbers. Extracting such funding information from articles is of significant importance to both academic and funding bodies. The studies on this topic face two major challenges: 1) no high-quality benchmark datasets; and 2) dif\ufb01culties in extracting complex relationships between funders and grantIDs. In this paper, we present a novel pipeline framework called GrantRel, which consists of a funding sentence classi\ufb01er, as well as a joint entity and relation extractor. For this purpose, we manually label two high-quality datasets called Grant-SP and Grant-RE, respectively. In addition, our relation extraction (RE) model uses both position embedding and context embedding in an adaptive-learning way. The experiment results have demonstrated that our model outperforms several state-of-the-art BERT-based RE baselines as higher as 6.5% of F1 scores against the PubMed Central (PMC) test set and 3.5% of that against the arXiv test set.",
      "arxiv_id": null
    },
    "7": {
      "paperId": "08b63b1f9a770c1b6f8545c2e1e4a9bfb6a2de6d",
      "externalIds": {
        "ACL": "P16-1072",
        "MAG": "2511964075",
        "DBLP": "conf/acl/CaiZW16",
        "DOI": "10.18653/v1/P16-1072",
        "CorpusId": 1774259
      },
      "title": "Bidirectional Recurrent Convolutional Neural Network for Relation Classification",
      "year": 2016,
      "abstract": "Relation classification is an important semantic processing task in the field of natural language processing (NLP). In this paper, we present a novel model BRCNN to classify the relation of two entities in a sentence. Some state-of-the-art systems concentrate on modeling the shortest dependency path (SDP) between two entities leveraging convolutional or recurrent neural networks. We further explore how to make full use of the dependency relations information in the SDP, by combining convolutional neural networks and twochannel recurrent neural networks with long short term memory (LSTM) units. We propose a bidirectional architecture to learn relation representations with directional information along the SDP forwards and backwards at the same time, which benefits classifying the direction of relations. Experimental results show that our method outperforms the state-of-theart approaches on the SemEval-2010 Task 8 dataset.",
      "arxiv_id": null
    },
    "8": {
      "paperId": "5e46fc68ede1108529f4db78bc7e1def69d70ba3",
      "externalIds": {
        "MAG": "2132516856",
        "DBLP": "conf/acl/ChanR11",
        "ACL": "P11-1056",
        "CorpusId": 1491402
      },
      "title": "Exploiting Syntactico-Semantic Structures for Relation Extraction",
      "year": 2011,
      "abstract": "In this paper, we observe that there exists a second dimension to the relation extraction (RE) problem that is orthogonal to the relation type dimension. We show that most of these second dimensional structures are relatively constrained and not difficult to identify. We propose a novel algorithmic approach to RE that starts by first identifying these structures and then, within these, identifying the semantic type of the relation. In the real RE problem where relation arguments need to be identified, exploiting these structures also allows reducing pipelined propagated errors. We show that this RE framework provides significant improvement in RE performance.",
      "arxiv_id": null
    },
    "9": {
      "paperId": "4e4230418470efbb3a86d407d8eedf329f361f6d",
      "externalIds": {
        "ArXiv": "1904.01246",
        "MAG": "2953049305",
        "DBLP": "conf/naacl/ChenCCNK19",
        "ACL": "N19-1031",
        "DOI": "10.18653/v1/N19-1031",
        "CorpusId": 91184245
      },
      "title": "UHop: An Unrestricted-Hop Relation Extraction Framework for Knowledge-Based Question Answering",
      "year": 2019,
      "abstract": "In relation extraction for knowledge-based question answering, searching from one entity to another entity via a single relation is called \u201cone hop\u201d. In related work, an exhaustive search from all one-hop relations, two-hop relations, and so on to the max-hop relations in the knowledge graph is necessary but expensive. Therefore, the number of hops is generally restricted to two or three. In this paper, we propose UHop, an unrestricted-hop framework which relaxes this restriction by use of a transition-based search framework to replace the relation-chain-based search one. We conduct experiments on conventional 1- and 2-hop questions as well as lengthy questions, including datasets such as WebQSP, PathQuestion, and Grid World. Results show that the proposed framework enables the ability to halt, works well with state-of-the-art models, achieves competitive performance without exhaustive searches, and opens the performance gap for long relation paths.",
      "arxiv_id": "1904.01246"
    },
    "10": {
      "paperId": "1a2e90dff605dad7dbefeed121e6d295c7a77d62",
      "externalIds": {
        "DBLP": "conf/www/ChenZXDYTHSC22",
        "ArXiv": "2104.07650",
        "DOI": "10.1145/3485447.3511998",
        "CorpusId": 237295186
      },
      "title": "KnowPrompt: Knowledge-aware Prompt-tuning with Synergistic Optimization for Relation Extraction",
      "year": 2021,
      "abstract": "Recently, prompt-tuning has achieved promising results for specific few-shot classification tasks. The core idea of prompt-tuning is to insert text pieces (i.e., templates) into the input and transform a classification task into a masked language modeling problem. However, for relation extraction, determining an appropriate prompt template requires domain expertise, and it is cumbersome and time-consuming to obtain a suitable label word. Furthermore, there exists abundant semantic and prior knowledge among the relation labels that cannot be ignored. To this end, we focus on incorporating knowledge among relation labels into prompt-tuning for relation extraction and propose a Knowledge-aware Prompt-tuning approach with synergistic optimization (KnowPrompt). Specifically, we inject latent knowledge contained in relation labels into prompt construction with learnable virtual type words and answer words. Then, we synergistically optimize their representation with structured constraints. Extensive experimental results on five datasets with standard and low-resource settings demonstrate the effectiveness of our approach. Our code and datasets are available in GitHub1 for reproducibility.",
      "arxiv_id": "2104.07650"
    },
    "11": {
      "paperId": "268beeeea792fa1285b23f78cce723e2f0c6568a",
      "externalIds": {
        "DBLP": "conf/icpr/HillebrandDKKLB22",
        "ArXiv": "2208.02140",
        "DOI": "10.1109/ICPR56361.2022.9956191",
        "CorpusId": 251280287
      },
      "title": "KPI-BERT: A Joint Named Entity Recognition and Relation Extraction Model for Financial Reports",
      "year": 2022,
      "abstract": "We present KPI-BERT, a system which employs novel methods of named entity recognition (NER) and relation extraction (RE) to extract and link key performance indicators (KPIs), e.g. \"revenue\" or \"interest expenses\", of companies from real-world German financial documents. Specifically, we introduce an end-to-end trainable architecture that is based on Bidirectional Encoder Representations from Transformers (BERT) combining a recurrent neural network (RNN) with conditional label masking to sequentially tag entities before it classifies their relations. Our model also introduces a learnable RNN-based pooling mechanism and incorporates domain expert knowledge by explicitly filtering impossible relations. We achieve a substantially higher prediction performance on a new practical dataset of German financial reports, outperforming several strong baselines including a competing state-of-the-art span-based entity tagging approach.",
      "arxiv_id": "2208.02140"
    },
    "12": {
      "paperId": "860ae7d028df0a85d8f8b82fa2c7a817bcee10b7",
      "externalIds": {
        "DBLP": "conf/emnlp/HuWXZY20",
        "MAG": "3104081646",
        "ACL": "2020.emnlp-main.299",
        "ArXiv": "2004.02438",
        "DOI": "10.18653/v1/2020.emnlp-main.299",
        "CorpusId": 214802812
      },
      "title": "SelfORE: Self-supervised Relational Feature Learning for Open Relation Extraction",
      "year": 2020,
      "abstract": "Open relation extraction is the task of extracting open-domain relation facts from natural language sentences. Existing works either utilize heuristics or distant-supervised annotations to train a supervised classifier over pre-defined relations, or adopt unsupervised methods with additional assumptions that have less discriminative power. In this work, we proposed a self-supervised framework named SelfORE, which exploits weak, self-supervised signals by leveraging large pretrained language model for adaptive clustering on contextualized relational features, and bootstraps the self-supervised signals by improving contextualized features in relation classification. Experimental results on three datasets show the effectiveness and robustness of SelfORE on open-domain Relation Extraction when comparing with competitive baselines.",
      "arxiv_id": "2004.02438"
    },
    "13": {
      "paperId": "fa025e5d117929361bcf798437957762eb5bb6d4",
      "externalIds": {
        "DBLP": "conf/conll/LevySCZ17",
        "MAG": "2962881743",
        "ACL": "K17-1034",
        "ArXiv": "1706.04115",
        "DOI": "10.18653/v1/K17-1034",
        "CorpusId": 793385
      },
      "title": "Zero-Shot Relation Extraction via Reading Comprehension",
      "year": 2017,
      "abstract": "We show that relation extraction can be reduced to answering simple reading comprehension questions, by associating one or more natural-language questions with each relation slot. This reduction has several advantages: we can (1) learn relation-extraction models by extending recent neural reading-comprehension techniques, (2) build very large training sets for those models by combining relation-specific crowd-sourced questions with distant supervision, and even (3) do zero-shot learning by extracting new relation types that are only specified at test-time, for which we have no labeled training examples. Experiments on a Wikipedia slot-filling task demonstrate that the approach can generalize to new questions for known relation types with high accuracy, and that zero-shot generalization to unseen relation types is possible, at lower accuracy levels, setting the bar for future work on this task.",
      "arxiv_id": "1706.04115"
    },
    "14": {
      "paperId": "2c5ec74fb56fbfbceaa4cd5c8312ada4e2e19503",
      "externalIds": {
        "MAG": "2949922292",
        "DBLP": "journals/corr/abs-1905-05529",
        "ACL": "P19-1129",
        "ArXiv": "1905.05529",
        "DOI": "10.18653/v1/P19-1129",
        "CorpusId": 153312535
      },
      "title": "Entity-Relation Extraction as Multi-Turn Question Answering",
      "year": 2019,
      "abstract": "In this paper, we propose a new paradigm for the task of entity-relation extraction. We cast the task as a multi-turn question answering problem, i.e., the extraction of entities and elations is transformed to the task of identifying answer spans from the context. This multi-turn QA formalization comes with several key advantages: firstly, the question query encodes important information for the entity/relation class we want to identify; secondly, QA provides a natural way of jointly modeling entity and relation; and thirdly, it allows us to exploit the well developed machine reading comprehension (MRC) models. Experiments on the ACE and the CoNLL04 corpora demonstrate that the proposed paradigm significantly outperforms previous best models. We are able to obtain the state-of-the-art results on all of the ACE04, ACE05 and CoNLL04 datasets, increasing the SOTA results on the three datasets to 49.6 (+1.2), 60.3 (+0.7) and 69.2 (+1.4), respectively. Additionally, we construct and will release a newly developed dataset RESUME, which requires multi-step reasoning to construct entity dependencies, as opposed to the single-step dependency extraction in the triplet exaction in previous datasets. The proposed multi-turn QA model also achieves the best performance on the RESUME dataset.",
      "arxiv_id": "1905.05529"
    },
    "15": {
      "paperId": "f262ef2f50dfcaf07dc6598f22fb9b2470b37cf1",
      "externalIds": {
        "MAG": "2952677853",
        "DBLP": "journals/corr/abs-1904-03296",
        "ACL": "N19-1308",
        "ArXiv": "1904.03296",
        "DOI": "10.18653/v1/N19-1308",
        "CorpusId": 102352698
      },
      "title": "A general framework for information extraction using dynamic span graphs",
      "year": 2019,
      "abstract": "We introduce a general framework for several information extraction tasks that share span representations using dynamically constructed span graphs. The graphs are dynamically constructed by selecting the most confident entity spans and linking these nodes with confidence-weighted relation types and coreferences. The dynamic span graph allow coreference and relation type confidences to propagate through the graph to iteratively refine the span representations. This is unlike previous multi-task frameworks for information extraction in which the only interaction between tasks is in the shared first-layer LSTM. Our framework significantly outperforms state-of-the-art on multiple information extraction tasks across multiple datasets reflecting different domains. We further observe that the span enumeration approach is good at detecting nested span entities, with significant F1 score improvement on the ACE dataset.",
      "arxiv_id": "1904.03296"
    },
    "16": {
      "paperId": "d46a1ba4d2c12eefab847577bab30214b62f62c4",
      "externalIds": {
        "DBLP": "conf/coling/MandyaBC20",
        "MAG": "3116453892",
        "ACL": "2020.coling-main.565",
        "DOI": "10.18653/V1/2020.COLING-MAIN.565",
        "CorpusId": 227230694
      },
      "title": "Graph Convolution over Multiple Dependency Sub-graphs for Relation Extraction",
      "year": 2020,
      "abstract": "We propose a contextualised graph convolution network over multiple dependency-based sub-graphs for relation extraction. A novel method to construct multiple sub-graphs using words in shortest dependency path and words linked to entities in the dependency parse is proposed. Graph convolution operation is performed over the resulting multiple sub-graphs to obtain more informative features useful for relation extraction. Our experimental results show that the proposed method achieves superior performance over the existing GCN-based models achieving state-of-the-art performance on cross-sentence n-ary relation extraction dataset and SemEval 2010 Task 8 sentence-level relation extraction dataset. Our model also achieves a comparable performance to the SoTA on the TACRED dataset.",
      "arxiv_id": null
    },
    "17": {
      "paperId": "e1ea693946636c482de231b33bef959d2f1400e9",
      "externalIds": {
        "MAG": "2989902860",
        "DBLP": "conf/aaai/NayakN20",
        "ArXiv": "1911.09886",
        "DOI": "10.1609/AAAI.V34I05.6374",
        "CorpusId": 208248243
      },
      "title": "Effective Modeling of Encoder-Decoder Architecture for Joint Entity and Relation Extraction",
      "year": 2019,
      "abstract": "A relation tuple consists of two entities and the relation between them, and often such tuples are found in unstructured text. There may be multiple relation tuples present in a text and they may share one or both entities among them. Extracting such relation tuples from a sentence is a difficult task and sharing of entities or overlapping entities among the tuples makes it more challenging. Most prior work adopted a pipeline approach where entities were identified first followed by finding the relations among them, thus missing the interaction among the relation tuples in a sentence. In this paper, we propose two approaches to use encoder-decoder architecture for jointly extracting entities and relations. In the first approach, we propose a representation scheme for relation tuples which enables the decoder to generate one word at a time like machine translation models and still finds all the tuples present in a sentence with full entity names of different length and with overlapping entities. Next, we propose a pointer network-based decoding approach where an entire tuple is generated at every time step. Experiments on the publicly available New York Times corpus show that our proposed approaches outperform previous work and achieve significantly higher F1 scores.",
      "arxiv_id": "1911.09886"
    },
    "18": {
      "paperId": "060ccf4b9e7c2f4b867ec52c5a5682eb1384e8fb",
      "externalIds": {
        "MAG": "2951450498",
        "ArXiv": "1610.08763",
        "DBLP": "journals/corr/RenWHQVJAH16",
        "DOI": "10.1145/3038912.3052708",
        "CorpusId": 1724837
      },
      "title": "CoType: Joint Extraction of Typed Entities and Relations with Knowledge Bases",
      "year": 2016,
      "abstract": "Extracting entities and relations for types of interest from text is important for understanding massive text corpora. Traditionally, systems of entity relation extraction have relied on human-annotated corpora for training and adopted an incremental pipeline. Such systems require additional human expertise to be ported to a new domain, and are vulnerable to errors cascading down the pipeline. In this paper, we investigate joint extraction of typed entities and relations with labeled data heuristically obtained from knowledge bases (i.e., distant supervision). As our algorithm for type labeling via distant supervision is context-agnostic, noisy training data poses unique challenges for the task. We propose a novel domain-independent framework, called CoType, that runs a data-driven text segmentation algorithm to extract entity mentions, and jointly embeds entity mentions, relation mentions, text features and type labels into two low-dimensional spaces (for entity and relation mentions respectively), where, in each space, objects whose types are close will also have similar representations. CoType, then using these learned embeddings, estimates the types of test (unlinkable) mentions. We formulate a joint optimization problem to learn embeddings from text corpora and knowledge bases, adopting a novel partial-label loss function for noisy labeled data and introducing an object \"translation\" function to capture the cross-constraints of entities and relations on each other. Experiments on three public datasets demonstrate the effectiveness of CoType across different domains (e.g., news, biomedical), with an average of 25% improvement in F1 score compared to the next best method.",
      "arxiv_id": "1610.08763"
    },
    "19": {
      "paperId": "f88dff39e5b10e4d005b87060bfee58df241d4a2",
      "externalIds": {
        "DBLP": "conf/emnlp/RoyP21",
        "ACL": "2021.emnlp-main.435",
        "DOI": "10.18653/v1/2021.emnlp-main.435",
        "CorpusId": 243865630
      },
      "title": "Incorporating medical knowledge in BERT for clinical relation extraction",
      "year": 2021,
      "abstract": "In recent years pre-trained language models (PLM) such as BERT have proven to be very effective in diverse NLP tasks such as Information Extraction, Sentiment Analysis and Question Answering. Trained with massive general-domain text, these pre-trained language models capture rich syntactic, semantic and discourse information in the text. However, due to the differences between general and specific domain text (e.g., Wikipedia versus clinic notes), these models may not be ideal for domain-specific tasks (e.g., extracting clinical relations). Furthermore, it may require additional medical knowledge to understand clinical text properly. To solve these issues, in this research, we conduct a comprehensive examination of different techniques to add medical knowledge into a pre-trained BERT model for clinical relation extraction. Our best model outperforms the state-of-the-art systems on the benchmark i2b2/VA 2010 clinical relation extraction dataset.",
      "arxiv_id": null
    },
    "20": {
      "paperId": "27e38351e48fe4b7da2775bf94341738bc4da07e",
      "externalIds": {
        "DBLP": "conf/emnlp/SocherHMN12",
        "MAG": "1889268436",
        "ACL": "D12-1110",
        "CorpusId": 806709
      },
      "title": "Semantic Compositionality through Recursive Matrix-Vector Spaces",
      "year": 2012,
      "abstract": "Single-word vector space models have been very successful at learning lexical information. However, they cannot capture the compositional meaning of longer phrases, preventing them from a deeper understanding of language. We introduce a recursive neural network (RNN) model that learns compositional vector representations for phrases and sentences of arbitrary syntactic type and length. Our model assigns a vector and a matrix to every node in a parse tree: the vector captures the inherent meaning of the constituent, while the matrix captures how it changes the meaning of neighboring words or phrases. This matrix-vector RNN can learn the meaning of operators in propositional logic and natural language. The model obtains state of the art performance on three different experiments: predicting fine-grained sentiment distributions of adverb-adjective pairs; classifying sentiment labels of movie reviews and classifying semantic relationships such as cause-effect or topic-message between nouns using the syntactic path between them.",
      "arxiv_id": null
    },
    "21": {
      "paperId": "e1e438381418751f16b6813b00bd62a8949f8374",
      "externalIds": {
        "MAG": "3095696617",
        "ArXiv": "2011.01675",
        "DBLP": "journals/tnn/SuiZCLZ24",
        "DOI": "10.1109/TNNLS.2023.3264735",
        "CorpusId": 226237654,
        "PubMed": "37067968"
      },
      "title": "Joint Entity and Relation Extraction With Set Prediction Networks",
      "year": 2020,
      "abstract": "Joint entity and relation extraction is an important task in natural language processing, which aims to extract all relational triples mentioned in a given sentence. In essence, the relational triples mentioned in a sentence are in the form of a set, which has no intrinsic order between elements and exhibits the permutation invariant feature. However, previous seq2seq-based models require sorting the set of relational triples into a sequence beforehand with some heuristic global rules, which destroys the natural set structure. In order to break this bottleneck, we treat joint entity and relation extraction as a direct set prediction problem, so that the extraction model is not burdened with predicting the order of multiple triples. To solve this set prediction problem, we propose networks featured by transformers with non-autoregressive parallel decoding. In contrast to autoregressive approaches that generate triples one by one in a specific order, the proposed networks are able to directly output the final set of relational triples in one shot. Furthermore, we also design a set-based loss that forces unique predictions through bipartite matching. Compared with cross-entropy loss that highly penalizes small shifts in triple order, the proposed bipartite matching loss is invariant to any permutation of predictions; thus, it can provide the proposed networks with a more accurate training signal by ignoring triple order and focusing on relation types and entities. Various experiments on two benchmark datasets demonstrate that our proposed model significantly outperforms the current state-of-the-art (SoTA) models. Training code and trained models are now publicly available at https://github.com/DianboWork/SPN4RE.",
      "arxiv_id": "2011.01675"
    },
    "22": {
      "paperId": "032fbcb58e2282f02426a0f09c6d5b42787936ec",
      "externalIds": {
        "MAG": "2964217331",
        "ACL": "D15-1206",
        "DBLP": "journals/corr/XuMLCPJ15",
        "ArXiv": "1508.03720",
        "DOI": "10.18653/v1/D15-1206",
        "CorpusId": 5403702
      },
      "title": "Classifying Relations via Long Short Term Memory Networks along Shortest Dependency Paths",
      "year": 2015,
      "abstract": "Relation classification is an important research arena in the field of natural language processing (NLP). In this paper, we present SDP-LSTM, a novel neural network to classify the relation of two entities in a sentence. Our neural architecture leverages the shortest dependency path (SDP) between two entities; multichannel recurrent neural networks, with long short term memory (LSTM) units, pick up heterogeneous information along the SDP. Our proposed model has several distinct features: (1) The shortest dependency paths retain most relevant information (to relation classification), while eliminating irrelevant words in the sentence. (2) The multichannel LSTM networks allow effective information integration from heterogeneous sources over the dependency paths. (3) A customized dropout strategy regularizes the neural network to alleviate overfitting. We test our model on the SemEval 2010 relation classification task, and achieve an $F_1$-score of 83.7\\%, higher than competing methods in the literature.",
      "arxiv_id": null
    },
    "23": {
      "paperId": "053c2d195a1d0404253f21a25b4d3763502bd36b",
      "externalIds": {
        "MAG": "3112076981",
        "DBLP": "conf/aaai/XueSZC21",
        "ArXiv": "2012.06780",
        "DOI": "10.1609/aaai.v35i16.17670",
        "CorpusId": 229153267
      },
      "title": "GDPNet: Refining Latent Multi-View Graph for Relation Extraction",
      "year": 2020,
      "abstract": "Relation Extraction (RE) is to predict the relation type of two entities that are mentioned in a piece of text, e.g., a sentence or a dialogue. When the given text is long, it is challenging to identify indicative words for the relation prediction. Recent advances on RE task are from BERT-based sequence modeling and graph-based modeling of relationships among the tokens in the sequence. In this paper, we propose to construct a latent multi-view graph to capture various possible relationships among tokens. We then refine this graph to select important words for relation prediction. Finally, the representation of the refined graph and the BERT-based sequence representation are concatenated for relation extraction. Specifically, in our proposed GDPNet (Gaussian Dynamic Time Warping Pooling Net), we utilize Gaussian Graph Generator (GGG) to generate edges of the multi-view graph. The graph is then refined by Dynamic Time Warping Pooling (DTWPool). On DialogRE and TACRED, we show that GDPNet achieves the best performance on dialogue-level RE, and comparable performance with the state-of-the-arts on sentence-level RE. Our code is available at https://github.com/XueFuzhao/GDPNet.",
      "arxiv_id": "2012.06780"
    },
    "24": {
      "paperId": "2c3ab68fd1d70759a79399841089333b150450ed",
      "externalIds": {
        "MAG": "2945700697",
        "ACL": "N19-1107",
        "DBLP": "conf/naacl/YanHHLL19",
        "DOI": "10.18653/v1/N19-1107",
        "CorpusId": 174800161
      },
      "title": "Relation Extraction with Temporal Reasoning Based on Memory Augmented Distant Supervision",
      "year": 2019,
      "abstract": "Distant supervision (DS) is an important paradigm for automatically extracting relations. It utilizes existing knowledge base to collect examples for the relation we intend to extract, and then uses these examples to automatically generate the training data. However, the examples collected can be very noisy, and pose significant challenge for obtaining high quality labels. Previous work has made remarkable progress in predicting the relation from distant supervision, but typically ignores the temporal relations among those supervising instances. This paper formulates the problem of relation extraction with temporal reasoning and proposes a solution to predict whether two given entities participate in a relation at a given time spot. For this purpose, we construct a dataset called WIKI-TIME which additionally includes the valid period of a certain relation of two entities in the knowledge base. We propose a novel neural model to incorporate both the temporal information encoding and sequential reasoning. The experimental results show that, compared with the best of existing models, our model achieves better performance in both WIKI-TIME dataset and the well-studied NYT-10 dataset.",
      "arxiv_id": null
    },
    "25": {
      "paperId": "25705acd7f0e2cd8790e6ce434e1134b39283b1d",
      "externalIds": {
        "ACL": "2022.aacl-short.55",
        "DBLP": "conf/ijcnlp/YanJT22",
        "DOI": "10.18653/v1/2022.aacl-short.55",
        "CorpusId": 253762080
      },
      "title": "An Empirical Study of Pipeline vs. Joint approaches to Entity and Relation Extraction",
      "year": 2022,
      "abstract": "The Entity and Relation Extraction (ERE) task includes two basic sub-tasks: Named Entity Recognition and Relation Extraction. In the last several years, much work focused on joint approaches for the common perception that the pipeline approach suffers from the error propagation problem. Recent work reconsiders the pipeline scheme and shows that it can produce comparable results. To systematically study the pros and cons of these two schemes. We design and test eight pipeline and joint approaches to the ERE task. We find that with the same span representation methods, the best joint approach still outperforms the best pipeline model, but improperly designed joint approaches may have poor performance. We hope our work could shed some light on the pipeline-vs-joint debate of the ERE task and inspire further research.",
      "arxiv_id": null
    },
    "26": {
      "paperId": "c8f75ea04e67bc492b19f0d1a395f31b689f70bd",
      "externalIds": {
        "MAG": "2966874979",
        "DBLP": "conf/ijcai/YuZLWLL19",
        "DOI": "10.24963/ijcai.2019/750",
        "CorpusId": 199466395
      },
      "title": "Beyond Word Attention: Using Segment Attention in Neural Relation Extraction",
      "year": 2019,
      "abstract": "Relation extraction studies the issue of predicting semantic relations between pairs of entities in sentences. Attention mechanisms are often used in this task to alleviate the inner-sentence noise by performing soft selections of words independently. Based on the observation that information pertinent to relations is usually contained within segments (continuous words in a sentence), it is possible to make use of this phenomenon for better extraction. In this paper, we aim to incorporate such segment information into neural relation extractor. Our approach views the attention mechanism as linear-chain conditional random fields over a set of latent variables whose edges encode the desired structure, and regards attention weight as the marginal distribution of each word being selected as a part of the relational expression. Experimental results show that our method can attend to continuous relational expressions without explicit annotations, and achieve the state-of-the-art performance on the large-scale TACRED dataset.",
      "arxiv_id": null
    },
    "27": {
      "paperId": "0fc2b08409def9f7ef6beff8ff2155c0dcff2345",
      "externalIds": {
        "DBLP": "conf/ijcai/YuanZPZSG20",
        "MAG": "3035219457",
        "DOI": "10.24963/ijcai.2020/561",
        "CorpusId": 220484624
      },
      "title": "A Relation-Specific Attention Network for Joint Entity and Relation Extraction",
      "year": 2020,
      "abstract": "Joint extraction of entities and relations is an important task in natural language processing (NLP), which aims to capture all relational triplets from plain texts. This is a big challenge due to some of the triplets extracted from one sentence may have overlapping entities. Most existing methods perform entity recognition followed by relation detection between every possible entity pairs, which usually suffers from numerous redundant operations. In this paper, we propose a relation-specific attention network (RSAN) to handle the issue. Our RSAN utilizes relation-aware attention mechanism to construct specific sentence representations for each relation, and then performs sequence labeling to extract its corresponding head and tail entities. Experiments on two public datasets show that our model can effectively extract overlapping triplets and achieve state-of-the-art performance.",
      "arxiv_id": null
    },
    "28": {
      "paperId": "791b65c65f8ae7e16c1ee9203cdc3ee59ffeb99f",
      "externalIds": {
        "MAG": "2250521169",
        "DBLP": "conf/coling/ZengLLZZ14",
        "ACL": "C14-1220",
        "CorpusId": 12873739
      },
      "title": "Relation Classification via Convolutional Deep Neural Network",
      "year": 2014,
      "abstract": "The state-of-the-art methods used for relation classification are primarily based on statistical machine learning, and their performance strongly depends on the quality of the extracted features. The extracted features are often derived from the output of pre-existing natural language processing (NLP) systems, which leads to the propagation of the errors in the existing tools and hinders the performance of these systems. In this paper, we exploit a convolutional deep neural network (DNN) to extract lexical and sentence level features. Our method takes all of the word tokens as input without complicated pre-processing. First, the word tokens are transformed to vectors by looking up word embeddings 1 . Then, lexical level features are extracted according to the given nouns. Meanwhile, sentence level features are learned using a convolutional approach. These two level features are concatenated to form the final extracted feature vector. Finally, the features are fed into a softmax classifier to predict the relationship between two marked nouns. The experimental results demonstrate that our approach significantly outperforms the state-of-the-art methods.",
      "arxiv_id": null
    },
    "29": {
      "paperId": "faa5d6d1285eb5f39f28f275cdd2bd8dfbd53a8d",
      "externalIds": {
        "ACL": "D15-1203",
        "DBLP": "conf/emnlp/ZengLC015",
        "MAG": "2251135946",
        "DOI": "10.18653/v1/D15-1203",
        "CorpusId": 2778800
      },
      "title": "Distant Supervision for Relation Extraction via Piecewise Convolutional Neural Networks",
      "year": 2015,
      "abstract": "Two problems arise when using distant supervision for relation extraction. First, in this method, an already existing knowledge base is heuristically aligned to texts, and the alignment results are treated as labeled data. However, the heuristic alignment can fail, resulting in wrong label problem. In addition, in previous approaches, statistical models have typically been applied to ad hoc features. The noise that originates from the feature extraction process can cause poor performance. In this paper, we propose a novel model dubbed the Piecewise Convolutional Neural Networks (PCNNs) with multi-instance learning to address these two problems. To solve the first problem, distant supervised relation extraction is treated as a multi-instance problem in which the uncertainty of instance labels is taken into account. To address the latter problem, we avoid feature engineering and instead adopt convolutional architecture with piecewise max pooling to automatically learn relevant features. Experiments show that our method is effective and outperforms several competitive baseline methods.",
      "arxiv_id": null
    },
    "30": {
      "paperId": "416fcbf760e41857b7530826a8803c34de2ab077",
      "externalIds": {
        "ACL": "P18-1047",
        "DBLP": "conf/acl/LiuZZHZ18",
        "MAG": "2798734500",
        "DOI": "10.18653/v1/P18-1047",
        "CorpusId": 51870827
      },
      "title": "Extracting Relational Facts by an End-to-End Neural Model with Copy Mechanism",
      "year": 2018,
      "abstract": "The relational facts in sentences are often complicated. Different relational triplets may have overlaps in a sentence. We divided the sentences into three types according to triplet overlap degree, including Normal, EntityPairOverlap and SingleEntiyOverlap. Existing methods mainly focus on Normal class and fail to extract relational triplets precisely. In this paper, we propose an end-to-end model based on sequence-to-sequence learning with copy mechanism, which can jointly extract relational facts from sentences of any of these classes. We adopt two different strategies in decoding process: employing only one united decoder or applying multiple separated decoders. We test our models in two public datasets and our model outperform the baseline method significantly.",
      "arxiv_id": null
    },
    "31": {
      "paperId": "945058efb3bbcf071f3b7cce8d5e9dd0b6348098",
      "externalIds": {
        "DBLP": "conf/emnlp/ZengHZLLZ19",
        "MAG": "2970183140",
        "ACL": "D19-1035",
        "DOI": "10.18653/v1/D19-1035",
        "CorpusId": 202786066
      },
      "title": "Learning the Extraction Order of Multiple Relational Facts in a Sentence with Reinforcement Learning",
      "year": 2019,
      "abstract": "The multiple relation extraction task tries to extract all relational facts from a sentence. Existing works didn\u2019t consider the extraction order of relational facts in a sentence. In this paper we argue that the extraction order is important in this task. To take the extraction order into consideration, we apply the reinforcement learning into a sequence-to-sequence model. The proposed model could generate relational facts freely. Widely conducted experiments on two public datasets demonstrate the efficacy of the proposed method.",
      "arxiv_id": null
    },
    "32": {
      "paperId": "db073b550a4d3354a72468903eba2d3c88620b8f",
      "externalIds": {
        "DBLP": "conf/acl/ZhangZSZ06",
        "MAG": "2152269015",
        "ACL": "P06-1104",
        "DOI": "10.3115/1220175.1220279",
        "CorpusId": 5282346
      },
      "title": "A Composite Kernel to Extract Relations between Entities with Both Flat and Structured Features",
      "year": 2006,
      "abstract": "This paper proposes a novel composite kernel for relation extraction. The composite kernel consists of two individual kernels: an entity kernel that allows for entity-related features and a convolution parse tree kernel that models syntactic information of relation examples. The motivation of our method is to fully utilize the nice properties of kernel methods to explore diverse knowledge for relation extraction. Our study illustrates that the composite kernel can effectively capture both flat and structured features without the need for extensive feature engineering, and can also easily scale to include more features. Evaluation on the ACE corpus shows that our method outperforms the previous best-reported methods and significantly out-performs previous two dependency tree kernels for relation extraction.",
      "arxiv_id": null
    },
    "33": {
      "paperId": "2e1317c6b7af3a51d1cf24da721cdba7368c98c2",
      "externalIds": {
        "MAG": "3102021238",
        "ArXiv": "2009.07503",
        "ACL": "2020.findings-emnlp.23",
        "DBLP": "conf/emnlp/ZhangLFJZCKK20",
        "DOI": "10.18653/v1/2020.findings-emnlp.23",
        "CorpusId": 221738957
      },
      "title": "Minimize Exposure Bias of Seq2Seq Models in Joint Entity and Relation Extraction",
      "year": 2020,
      "abstract": "Joint entity and relation extraction aims to extract relation triplets from plain text directly. Prior work leverages Sequence-to-Sequence (Seq2Seq) models for triplet sequence generation. However, Seq2Seq enforces an unnecessary order on the unordered triplets and involves a large decoding length associated with error accumulation. These methods introduce exposure bias, which may cause the models overfit to the frequent label combination, thus limiting the generalization ability. We propose a novel Sequence-to-Unordered-Multi-Tree (Seq2UMTree) model to minimize the effects of exposure bias by limiting the decoding length to three within a triplet and removing the order among triplets. We evaluate our model on two datasets, DuIE and NYT, and systematically study how exposure bias alters the performance of Seq2Seq models. Experiments show that the state-of-the-art Seq2Seq model overfits to both datasets while Seq2UMTree shows significantly better generalization. Our code is available at https://github.com/WindChimeRan/OpenJERE.",
      "arxiv_id": "2009.07503"
    },
    "34": {
      "paperId": "9b09b1ac8098adcd66bd77fa48530901f364da18",
      "externalIds": {
        "DBLP": "conf/ijcai/ZhaoYCL20",
        "MAG": "3034862440",
        "DOI": "10.24963/ijcai.2020/546",
        "CorpusId": 267865432
      },
      "title": "Asking Effective and Diverse Questions: A Machine Reading Comprehension based Framework for Joint Entity-Relation Extraction",
      "year": 2020,
      "abstract": "Recent advances cast the entity-relation extraction to a multi-turn question answering (QA) task and provide an effective solution based on the machine reading comprehension (MRC) models. However, they use a single question to characterize the meaning of entities and relations, which is intuitively not enough because of the variety of context semantics. Meanwhile, existing models enumerate all relation types to generate questions, which is inefficient and easily leads to confusing questions. In this paper, we improve the existing MRC-based entity-relation extraction model through diverse question answering. First, a diversity question answering mechanism is introduced to detect entity spans and two answering selection strategies are designed to integrate different answers. Then, we propose to predict a subset of potential relations and filter out irrelevant ones to generate questions effectively. Finally, entity and relation extractions are integrated in an end-to-end way and optimized through joint learning. Experiment results show that the proposed method significantly outperforms baseline models, which improves the relation F1 to 62.1% (+1.9%) on ACE05 and 71.9% (+3.0%) on CoNLL04. Our implementation is available at https://github.com/TanyaZhao/MRC4ERE.",
      "arxiv_id": null
    },
    "35": {
      "paperId": "a6c9cac9d0135e7806e658de2cfe1ee1c4f50fee",
      "externalIds": {
        "DBLP": "journals/tkde/ZhaoYQXL23",
        "DOI": "10.1109/TKDE.2022.3161584",
        "CorpusId": 248033353
      },
      "title": "Exploring Privileged Features for Relation Extraction With Contrastive Student-Teacher Learning",
      "year": 2023,
      "abstract": "Significant progress has been made by joint entity and relation extraction methods, which directly generate the relation triplets and mitigate the issue of overlapping relations. However, previous models generate the entity-relation triplets solely from input sentences. Such information is insufficient to support the modeling of interactive information between entities and relations. In this paper, we define the features that provide mutual supports for entity and relation detection but can only be accessed at training time as privileged features for relation extraction, and devise two teacher models to exploit privileged entity and relation features, respectively. Meanwhile, we propose a novel contrastive student-teacher learning framework for joint extraction of entities and relations (STER), where a student network is encouraged to amalgamate privileged knowledge from two expert teacher networks that additionally utilize the privileged features, based on contrastive learning. Experiment results on three benchmark datasets (i.e., ADE, SciERC and CoNLL04) demonstrate that STER has robust superiority over competitors and sets state-of-the-art. For reproducibility, we release the data and source code at: https://github.com/siat-nlp/STER.",
      "arxiv_id": null
    },
    "36": {
      "paperId": "f5d6779073901989f14de984e2236891a801c2bd",
      "externalIds": {
        "DBLP": "journals/corr/ZhengWBHZX17",
        "MAG": "2949809693",
        "ACL": "P17-1113",
        "ArXiv": "1706.05075",
        "DOI": "10.18653/v1/P17-1113",
        "CorpusId": 11751039
      },
      "title": "Joint Extraction of Entities and Relations Based on a Novel Tagging Scheme",
      "year": 2017,
      "abstract": "Joint extraction of entities and relations is an important task in information extraction. To tackle this problem, we firstly propose a novel tagging scheme that can convert the joint extraction task to a tagging problem.. Then, based on our tagging scheme, we study different end-to-end models to extract entities and their relations directly, without identifying entities and relations separately. We conduct experiments on a public dataset produced by distant supervision method and the experimental results show that the tagging based methods are better than most of the existing pipelined and joint learning methods. What\u2019s more, the end-to-end model proposed in this paper, achieves the best results on the public dataset.",
      "arxiv_id": "1706.05075"
    },
    "37": {
      "paperId": "8852329d4108b24d160199a2fbe92e55999d74bc",
      "externalIds": {
        "DBLP": "conf/mm/ZhengFFCL021",
        "DOI": "10.1145/3474085.3476968",
        "CorpusId": 239011558
      },
      "title": "Multimodal Relation Extraction with Efficient Graph Alignment",
      "year": 2021,
      "abstract": "Relation extraction (RE) is a fundamental process in constructing knowledge graphs. However, previous methods on relation extraction suffer sharp performance decline in short and noisy social media texts due to a lack of contexts. Fortunately, the related visual contents (objects and their relations) in social media posts can supplement the missing semantics and help to extract relations precisely. We introduce the multimodal relation extraction (MRE), a task that identifies textual relations with visual clues. To tackle this problem, we present a large-scale dataset which contains 15000+ sentences with 23 pre-defined relation categories. Considering that the visual relations among objects are corresponding to textual relations, we develop a dual graph alignment method to capture this correlation for better performance. Experimental results demonstrate that visual contents help to identify relations more precisely against the text-only baselines. Besides, our alignment method can find the correlations between vision and language, resulting in better performance. Our dataset and code are available at https://github.com/thecharm/Mega.",
      "arxiv_id": null
    },
    "38": {
      "paperId": "7b66a5dd12d4b262138dc5864e908bc87f2d919a",
      "externalIds": {
        "ACL": "2021.acl-long.486",
        "DBLP": "journals/corr/abs-2106-09895",
        "ArXiv": "2106.09895",
        "DOI": "10.18653/v1/2021.acl-long.486",
        "CorpusId": 235485451
      },
      "title": "PRGC: Potential Relation and Global Correspondence Based Joint Relational Triple Extraction",
      "year": 2021,
      "abstract": "Joint extraction of entities and relations from unstructured texts is a crucial task in information extraction. Recent methods achieve considerable performance but still suffer from some inherent limitations, such as redundancy of relation prediction, poor generalization of span-based extraction and inefficiency. In this paper, we decompose this task into three subtasks, Relation Judgement, Entity Extraction and Subject-object Alignment from a novel perspective and then propose a joint relational triple extraction framework based on Potential Relation and Global Correspondence (PRGC). Specifically, we design a component to predict potential relations, which constrains the following entity extraction to the predicted relation subset rather than all relations; then a relation-specific sequence tagging component is applied to handle the overlapping problem between subjects and objects; finally, a global correspondence component is designed to align the subject and object into a triple with low-complexity. Extensive experiments show that PRGC achieves state-of-the-art performance on public benchmarks with higher efficiency and delivers consistent performance gain on complex scenarios of overlapping triples. The source code has been submitted as the supplementary material and will be made publicly available after the blind review.",
      "arxiv_id": "2106.09895"
    },
    "39": {
      "paperId": "68cd1c7c0651b116a83abab8a7a46a29975d3b5f",
      "externalIds": {
        "MAG": "2053238041",
        "DBLP": "conf/acl/ZhouSZZ05",
        "ACL": "P05-1053",
        "DOI": "10.3115/1219840.1219893",
        "CorpusId": 3160937
      },
      "title": "Exploring Various Knowledge in Relation Extraction",
      "year": 2005,
      "abstract": "Extracting semantic relationships between entities is challenging. This paper investigates the incorporation of diverse lexical, syntactic and semantic knowledge in feature-based relation extraction using SVM. Our study illustrates that the base phrase chunking information is very effective for relation extraction and contributes to most of the performance improvement from syntactic aspect while additional information from full parsing gives limited further enhancement. This suggests that most of useful information in full parse trees for relation extraction is shallow and can be captured by chunking. We also demonstrate how semantic information such as WordNet and Name List, can be used in feature-based relation extraction to further improve the performance. Evaluation on the ACE corpus shows that effective incorporation of diverse features enables our system outperform previously best-reported systems on the 24 ACE relation subtypes and significantly outperforms tree kernel-based systems by over 20 in F-measure on the 5 ACE relation types.",
      "arxiv_id": null
    }
  },
  "papers_index": {
    "8f030b544979f2555c27fc7e41e31ce419746770": 0,
    "2b0489a440f8a39ed320e0ed879e29e0fcb87e09": 1,
    "7bdadd8a3bf2de3cac4acd03a4626fb4c057bd50": 2,
    "a30a89b94b0162ad2db2a2f70b135ce0689e13f6": 3,
    "24be02766d7db040c7ff65f32f0c707f91523d89": 4,
    "4d4a00970f2751c3cc8a036c9ac1cb68eacb45d3": 5,
    "24f2e02437013fde3477621acfec48c53391853e": 6,
    "08b63b1f9a770c1b6f8545c2e1e4a9bfb6a2de6d": 7,
    "5e46fc68ede1108529f4db78bc7e1def69d70ba3": 8,
    "4e4230418470efbb3a86d407d8eedf329f361f6d": 9,
    "1a2e90dff605dad7dbefeed121e6d295c7a77d62": 10,
    "268beeeea792fa1285b23f78cce723e2f0c6568a": 11,
    "860ae7d028df0a85d8f8b82fa2c7a817bcee10b7": 12,
    "fa025e5d117929361bcf798437957762eb5bb6d4": 13,
    "2c5ec74fb56fbfbceaa4cd5c8312ada4e2e19503": 14,
    "f262ef2f50dfcaf07dc6598f22fb9b2470b37cf1": 15,
    "d46a1ba4d2c12eefab847577bab30214b62f62c4": 16,
    "e1ea693946636c482de231b33bef959d2f1400e9": 17,
    "060ccf4b9e7c2f4b867ec52c5a5682eb1384e8fb": 18,
    "f88dff39e5b10e4d005b87060bfee58df241d4a2": 19,
    "27e38351e48fe4b7da2775bf94341738bc4da07e": 20,
    "e1e438381418751f16b6813b00bd62a8949f8374": 21,
    "032fbcb58e2282f02426a0f09c6d5b42787936ec": 22,
    "053c2d195a1d0404253f21a25b4d3763502bd36b": 23,
    "2c3ab68fd1d70759a79399841089333b150450ed": 24,
    "25705acd7f0e2cd8790e6ce434e1134b39283b1d": 25,
    "c8f75ea04e67bc492b19f0d1a395f31b689f70bd": 26,
    "0fc2b08409def9f7ef6beff8ff2155c0dcff2345": 27,
    "791b65c65f8ae7e16c1ee9203cdc3ee59ffeb99f": 28,
    "faa5d6d1285eb5f39f28f275cdd2bd8dfbd53a8d": 29,
    "416fcbf760e41857b7530826a8803c34de2ab077": 30,
    "945058efb3bbcf071f3b7cce8d5e9dd0b6348098": 31,
    "db073b550a4d3354a72468903eba2d3c88620b8f": 32,
    "2e1317c6b7af3a51d1cf24da721cdba7368c98c2": 33,
    "9b09b1ac8098adcd66bd77fa48530901f364da18": 34,
    "a6c9cac9d0135e7806e658de2cfe1ee1c4f50fee": 35,
    "f5d6779073901989f14de984e2236891a801c2bd": 36,
    "8852329d4108b24d160199a2fbe92e55999d74bc": 37,
    "7b66a5dd12d4b262138dc5864e908bc87f2d919a": 38,
    "68cd1c7c0651b116a83abab8a7a46a29975d3b5f": 39
  }
}