{
  "arxiv_id": "2311.09008",
  "title": "End-to-end Task-oriented Dialogue: A Survey of Tasks, Methods, and Future Directions",
  "taxo_tree": {
    "EToD": {
      "Modularly   EToD ": {
        "Modularly EToD   w/o PLM ": {
          "7e8095a8f9928eba92090bff06c4803129b4aff1": {},
          "33e5a382b3c382670e004f1f3319364fe008d95f": {},
          "e9055015b403098f60769a447134e30d5767d583": {},
          "13aa9603264d0a31ad5fdc6d693f8fa9eb410c69": {},
          "16b6d7fd955d2634a9bff25119d4f19dc7f88589": {},
          "3ad4f202d040851c3b8d19e37ae7f83b88adc961": {},
          "0a22389bd99b7efe3627ec6fc77ddaf3ff5e2faa": {},
          "9c49763e37c20007ebbddbe405b02546705a2d83": {},
          "2b79e85bfc1b5543e50e86ee8b21aea48cb6d470": {}
        },
        "Modularly EToD   w/ PLM ": {
          "a5ed9dfc0725bffb6428a2cc297a15265377906c": {},
          "d0839b9e64d95e72cedb245b58053db791d9ba98": {},
          "127ffc8697630a76b1b4149c24d1350f69205f41": {},
          "553703db1b3e54e957ed91bad952ff3ba4f59bd5": {},
          "01ec011977fc6cda03e8b447e1b5eb0551f1c961": {},
          "3ebd251e5307e91adc009c0515ea5c8e3ef44344": {},
          "307e3e00c96b3dc62a8258c95e62b3e41d183278": {},
          "c9baad6c2d6c112e758e9d9a2f3287622c21a19b": {},
          "28858688894da173dbdcc49899be6e22ea97bc63": {},
          "21175f33da102d421917242e7d2a28ce7fe6ac56": {},
          "841ca3d87a422451596b8a4b8350e92106971791": {},
          "5ae837949dca9fedcc72704746a1ba6c83868f97": {},
          "d891de52e7c58e2443199a20bba7468bdc0736ae": {},
          "3b0615caf74c7c84a33be78813ec7ebd0f53033d": {},
          "ff2541f30507b161316edd879fa65fb80a08d16f": {},
          "63169665bd592fb818678c47644b29302877d50e": {}
        }
      },
      "Fully EToD ": {
        "Entity Triplet   Representation. ": {
          "f81be44000814e7bcb12ae04b4e2d9c01b6515b3": {},
          "ce6e1a9fd351e9abcdc39dc11629892435e27c83": {},
          "dd5ae9e44c73c4ba1b2fd413871b0df9283b5e03": {},
          "70ef8cbc0783559205b671e6f79b89daff4c7e10": {},
          "b129d764c40ae1254354d037903e13a7bb81c5d2": {},
          "1b0ee21f61d6ac3ca4fe6b06799b967fe6bca2ae": {},
          "657edcb784fb9732d53ffd925adb0a41d62aa48b": {},
          "74447bb5f2aa49d4281d82b71774e0d815600981": {},
          "d8d1bba29ee07abcc0586d5cbe056d11f8041077": {},
          "924acc8b76779a5211cc04bbe6cf13bd0bc6e7f8": {}
        },
        "Row-level   Representation. ": {
          "fb32191ec07ba4d7badc76ca428c816995b5785a": {},
          "1de10051743f8faf1bad1b8aeaf5dae27ca71a2d": {},
          "0201812947eff2f6ff08ccd33fcab781738e0305": {},
          "5ded356e5240bbbde902726b9cb02b837ede416b": {},
          "e95744723cbf0306b83173c0e6e0f7feec9a3a10": {}
        },
        "Graph   Representation. ": {
          "399c60643a774eb1c6a113a0582a92e4b8e69e89": {},
          "fbd60ae205437d18847a62e203643543b66f8c69": {},
          "0390c5e9556e162b0e514fd9c712c8d81018fb8b": {},
          "3d6b094f439ceae770ad1ca5cb322421debf3ba8": {},
          "cd4a820130d715effe7dace59376e6ac0d77f05b": {},
          "8ea086d89e57444655191be51355b104b79feb4b": {}
        }
      }
    }
  },
  "papers": {
    "0": {
      "paperId": "f81be44000814e7bcb12ae04b4e2d9c01b6515b3",
      "externalIds": {
        "MAG": "2964210218",
        "ArXiv": "1605.07683",
        "DBLP": "journals/corr/BordesW16",
        "CorpusId": 2129889
      },
      "title": "Learning End-to-End Goal-Oriented Dialog",
      "year": 2016,
      "abstract": "Traditional dialog systems used in goal-oriented applications require a lot of domain-specific handcrafting, which hinders scaling up to new domains. End-to-end dialog systems, in which all components are trained from the dialogs themselves, escape this limitation. But the encouraging success recently obtained in chit-chat dialog may not carry over to goal-oriented settings. This paper proposes a testbed to break down the strengths and shortcomings of end-to-end dialog systems in goal-oriented applications. Set in the context of restaurant reservation, our tasks require manipulating sentences and symbols, so as to properly conduct conversations, issue API calls and use the outputs of such calls. We show that an end-to-end dialog system based on Memory Networks can reach promising, yet imperfect, performance and learn to perform non-trivial operations. We confirm those results by comparing our system to a hand-crafted slot-filling baseline on data from the second Dialog State Tracking Challenge (Henderson et al., 2014a). We show similar result patterns on data extracted from an online concierge service.",
      "arxiv_id": "1605.07683"
    },
    "1": {
      "paperId": "a5ed9dfc0725bffb6428a2cc297a15265377906c",
      "externalIds": {
        "ArXiv": "1907.05774",
        "DBLP": "journals/corr/abs-1907-05774",
        "MAG": "2956901422",
        "ACL": "D19-5602",
        "DOI": "10.18653/v1/D19-5602",
        "CorpusId": 196471188
      },
      "title": "Hello, It\u2019s GPT-2 - How Can I Help You? Towards the Use of Pretrained Language Models for Task-Oriented Dialogue Systems",
      "year": 2019,
      "abstract": "Data scarcity is a long-standing and crucial challenge that hinders quick development of task-oriented dialogue systems across multiple domains: task-oriented dialogue models are expected to learn grammar, syntax, dialogue reasoning, decision making, and language generation from absurdly small amounts of task-specific data. In this paper, we demonstrate that recent progress in language modeling pre-training and transfer learning shows promise to overcome this problem. We propose a task-oriented dialogue model that operates solely on text input: it effectively bypasses explicit policy and language generation modules. Building on top of the TransferTransfo framework (Wolf et al., 2019) and generative model pre-training (Radford et al., 2019), we validate the approach on complex multi-domain task-oriented dialogues from the MultiWOZ dataset. Our automatic and human evaluations show that the proposed model is on par with a strong task-specific neural baseline. In the long run, our approach holds promise to mitigate the data scarcity problem, and to support the construction of more engaging and more eloquent task-oriented conversational agents.",
      "arxiv_id": null
    },
    "2": {
      "paperId": "ce6e1a9fd351e9abcdc39dc11629892435e27c83",
      "externalIds": {
        "ACL": "P19-1258",
        "DBLP": "conf/acl/ChenXX19",
        "MAG": "2950009015",
        "DOI": "10.18653/v1/P19-1258",
        "CorpusId": 196197298
      },
      "title": "A Working Memory Model for Task-oriented Dialog Response Generation",
      "year": 2019,
      "abstract": "Recently, to incorporate external Knowledge Base (KB) information, one form of world knowledge, several end-to-end task-oriented dialog systems have been proposed. These models, however, tend to confound the dialog history with KB tuples and simply store them into one memory. Inspired by the psychological studies on working memory, we propose a working memory model (WMM2Seq) for dialog response generation. Our WMM2Seq adopts a working memory to interact with two separated long-term memories, which are the episodic memory for memorizing dialog history and the semantic memory for storing KB tuples. The working memory consists of a central executive to attend to the aforementioned memories, and a short-term storage system to store the \u201cactivated\u201d contents from the long-term memories. Furthermore, we introduce a context-sensitive perceptual process for the token representations of dialog history, and then feed them into the episodic memory. Extensive experiments on two task-oriented dialog datasets demonstrate that our WMM2Seq significantly outperforms the state-of-the-art results in several evaluation metrics.",
      "arxiv_id": null
    },
    "3": {
      "paperId": "fb32191ec07ba4d7badc76ca428c816995b5785a",
      "externalIds": {
        "MAG": "2963068985",
        "ACL": "P17-1045",
        "ArXiv": "1609.00777",
        "DBLP": "conf/acl/DhingraLLGCAD17",
        "DOI": "10.18653/v1/P17-1045",
        "CorpusId": 8951658
      },
      "title": "Towards End-to-End Reinforcement Learning of Dialogue Agents for Information Access",
      "year": 2016,
      "abstract": "This paper proposes KB-InfoBot - a multi-turn dialogue agent which helps users search Knowledge Bases (KBs) without composing complicated queries. Such goal-oriented dialogue agents typically need to interact with an external database to access real-world knowledge. Previous systems achieved this by issuing a symbolic query to the KB to retrieve entries based on their attributes. However, such symbolic operations break the differentiability of the system and prevent end-to-end training of neural dialogue agents. In this paper, we address this limitation by replacing symbolic queries with an induced \u201csoft\u201d posterior distribution over the KB that indicates which entities the user is interested in. Integrating the soft retrieval process with a reinforcement learner leads to higher task success rate and reward in both simulations and against real users. We also present a fully neural end-to-end agent, trained entirely from user feedback, and discuss its application towards personalized dialogue agents.",
      "arxiv_id": "1609.00777"
    },
    "4": {
      "paperId": "dd5ae9e44c73c4ba1b2fd413871b0df9283b5e03",
      "externalIds": {
        "MAG": "3013192639",
        "DBLP": "conf/skg/EZS19",
        "DOI": "10.1109/SKG49510.2019.00016",
        "CorpusId": 214624269
      },
      "title": "KB-Transformer: Incorporating Knowledge into End-to-End Task-Oriented Dialog Systems",
      "year": 2019,
      "abstract": "Existing end-to-end task-oriented dialogue systems are lack of proper support of knowledge base, and training based on RNN seq2seq models is time-consuming. In this paper, we propose a novel parallel computing framework(KB-Transformer) to incorporate KB which can be trained faster than RNN seq2seq models. A key contribution is that we propose multi-head key-value memory network for the first time, comprehensively encoding semantic information of KB and incorporating KB into task-oriented dialog systems from multiple dimensions and sub-spaces. KB-Transformer tries to combine memory network with transformer, implementing a parallel dialogue framework based entirely on attention mechanism. As a result, we show that KB-Transformer can be trained faster and attain better performance than RNN seq2seq models on two different task-oriented dialog datasets.",
      "arxiv_id": null
    },
    "5": {
      "paperId": "399c60643a774eb1c6a113a0582a92e4b8e69e89",
      "externalIds": {
        "ACL": "2021.emnlp-main.353",
        "DBLP": "journals/corr/abs-2010-05740",
        "ArXiv": "2010.05740",
        "MAG": "3094083263",
        "DOI": "10.18653/v1/2021.emnlp-main.353",
        "CorpusId": 225044270
      },
      "title": "Contextualize Knowledge Bases with Transformer for End-to-end Task-Oriented Dialogue Systems",
      "year": 2020,
      "abstract": "Incorporating knowledge bases (KB) into end-to-end task-oriented dialogue systems is challenging, since it requires to properly represent the entity of KB, which is associated with its KB context and dialogue context. The existing works represent the entity with only perceiving a part of its KB context, which can lead to the less effective representation due to the information loss, and adversely favor KB reasoning and response generation. To tackle this issue, we explore to fully contextualize the entity representation by dynamically perceiving all the relevant entities and dialogue history. To achieve this, we propose a COntext-aware Memory Enhanced Transformer framework (COMET), which treats the KB as a sequence and leverages a novel Memory Mask to enforce the entity to only focus on its relevant entities and dialogue history, while avoiding the distraction from the irrelevant entities. Through extensive experiments, we show that our COMET framework can achieve superior performance over the state of the arts.",
      "arxiv_id": "2010.05740"
    },
    "6": {
      "paperId": "d0839b9e64d95e72cedb245b58053db791d9ba98",
      "externalIds": {
        "ACL": "2020.acl-main.54",
        "MAG": "3034533785",
        "DBLP": "conf/acl/HamLJK20",
        "DOI": "10.18653/v1/2020.acl-main.54",
        "CorpusId": 219719687
      },
      "title": "End-to-End Neural Pipeline for Goal-Oriented Dialogue Systems using GPT-2",
      "year": 2020,
      "abstract": "The goal-oriented dialogue system needs to be optimized for tracking the dialogue flow and carrying out an effective conversation under various situations to meet the user goal. The traditional approach to build such a dialogue system is to take a pipelined modular architecture, where its modules are optimized individually. However, such an optimization scheme does not necessarily yield the overall performance improvement of the whole system. On the other hand, end-to-end dialogue systems with monolithic neural architecture are often trained only with input-output utterances, without taking into account the entire annotations available in the corpus. This scheme makes it difficult for goal-oriented dialogues where the system needs to integrate with external systems or to provide interpretable information about why the system generated a particular response. In this paper, we present an end-to-end neural architecture for dialogue systems that addresses both challenges above. In the human evaluation, our dialogue system achieved the success rate of 68.32%, the language understanding score of 4.149, and the response appropriateness score of 4.287, which ranked the system at the top position in the end-to-end multi-domain dialogue system task in the 8th dialogue systems technology challenge (DSTC8).",
      "arxiv_id": null
    },
    "7": {
      "paperId": "fbd60ae205437d18847a62e203643543b66f8c69",
      "externalIds": {
        "MAG": "3015700086",
        "DBLP": "conf/icassp/HeHW020",
        "DOI": "10.1109/ICASSP40776.2020.9053667",
        "CorpusId": 216330354
      },
      "title": "Fg2seq: Effectively Encoding Knowledge for End-To-End Task-Oriented Dialog",
      "year": 2020,
      "abstract": "End-to-end Task-oriented spoken dialog systems typically require modeling two types of inputs, namely, the dialog history which is a sequence of utterances and the knowledge base (KB) associated with the dialog history. While modeling these inputs, current state-of-the-art models typically ignore the rich structure in the knowledge graph or its intrinsic association with the dialog history. In this paper, we propose a Flow-to-Graph seq2seq model (FG2Seq) which can effectively encode knowledge by considering inherent structural information of the knowledge graph and latent semantic information from dialog history. Experiments on two publicly available task oriented dialog datasets show that our proposed FG2Seq achieves robust performance on generating appropriate system responses and outperforms the baseline systems.",
      "arxiv_id": null
    },
    "8": {
      "paperId": "01ec011977fc6cda03e8b447e1b5eb0551f1c961",
      "externalIds": {
        "MAG": "3103753314",
        "DBLP": "conf/nips/Hosseini-AslMWY20",
        "ArXiv": "2005.00796",
        "CorpusId": 218487751
      },
      "title": "A Simple Language Model for Task-Oriented Dialogue",
      "year": 2020,
      "abstract": "Task-oriented dialogue is often decomposed into three tasks: understanding user input, deciding actions, and generating a response. While such decomposition might suggest a dedicated model for each sub-task, we find a simple, unified approach leads to state-of-the-art performance on the MultiWOZ dataset. SimpleTOD is a simple approach to task-oriented dialogue that uses a single causal language model trained on all sub-tasks recast as a single sequence prediction problem. This allows SimpleTOD to fully leverage transfer learning from pre-trained, open domain, causal language models such as GPT-2. SimpleTOD improves over the prior state-of-the-art by 0.49 points in joint goal accuracy for dialogue state tracking. More impressively, SimpleTOD also improves the main metrics used to evaluate action decisions and response generation in an end-to-end setting for task-oriented dialog systems: inform rate by 8.1 points, success rate by 9.7 points, and combined score by 7.2 points.",
      "arxiv_id": "2005.00796"
    },
    "9": {
      "paperId": "3ebd251e5307e91adc009c0515ea5c8e3ef44344",
      "externalIds": {
        "ArXiv": "2102.05126",
        "ACL": "2021.nlp4convai-1.19",
        "DOI": "10.18653/v1/2021.nlp4convai-1.19",
        "CorpusId": 237940600
      },
      "title": "AuGPT: Auxiliary Tasks and Data Augmentation for End-To-End Dialogue with Pre-Trained Language Models",
      "year": 2021,
      "abstract": "Attention-based pre-trained language models such as GPT-2 brought considerable progress to end-to-end dialogue modelling. However, they also present considerable risks for task-oriented dialogue, such as lack of knowledge grounding or diversity. To address these issues, we introduce modified training objectives for language model finetuning, and we employ massive data augmentation via back-translation to increase the diversity of the training data. We further examine the possibilities of combining data from multiples sources to improve performance on the target dataset. We carefully evaluate our contributions with both human and automatic methods. Our model substantially outperforms the baseline on the MultiWOZ data and shows competitive performance with state of the art in both automatic and human evaluation.",
      "arxiv_id": null
    },
    "10": {
      "paperId": "7e8095a8f9928eba92090bff06c4803129b4aff1",
      "externalIds": {
        "DBLP": "conf/emnlp/LeSLCH20",
        "MAG": "3021518237",
        "ArXiv": "2004.14307",
        "ACL": "2020.emnlp-main.146",
        "DOI": "10.18653/v1/2020.emnlp-main.146",
        "CorpusId": 216642138
      },
      "title": "UniConv: A Unified Conversational Neural Architecture for Multi-domain Task-oriented Dialogues",
      "year": 2020,
      "abstract": "Building an end-to-end conversational agent for multi-domain task-oriented dialogues has been an open challenge for two main reasons. First, tracking dialogue states of multiple domains is non-trivial as the dialogue agent must obtain complete states from all relevant domains, some of which might have shared slots among domains as well as unique slots specifically for one domain only. Second, the dialogue agent must also process various types of information across domains, including dialogue context, dialogue states, and database, to generate natural responses to users. Unlike the existing approaches that are often designed to train each module separately, we propose \"UniConv\" -- a novel unified neural architecture for end-to-end conversational systems in multi-domain task-oriented dialogues, which is designed to jointly train (i) a Bi-level State Tracker which tracks dialogue states by learning signals at both slot and domain level independently, and (ii) a Joint Dialogue Act and Response Generator which incorporates information from various input components and models dialogue acts and target responses simultaneously. We conduct comprehensive experiments in dialogue state tracking, context-to-text, and end-to-end settings on the MultiWOZ2.1 benchmark, achieving superior performance over competitive baselines.",
      "arxiv_id": "2004.14307"
    },
    "11": {
      "paperId": "307e3e00c96b3dc62a8258c95e62b3e41d183278",
      "externalIds": {
        "DBLP": "conf/emnlp/Lee21",
        "DOI": "10.18653/v1/2021.findings-emnlp.112",
        "CorpusId": 244119560
      },
      "title": "Improving End-to-End Task-Oriented Dialog System with A Simple Auxiliary Task",
      "year": 2021,
      "abstract": "The paradigm of leveraging large pretrained language models has made significant progress on benchmarks on task-oriented dialogue (TOD) systems. In this paper, we combine this paradigm with multi-task learning framework for end-toend TOD modeling by adopting span prediction as an auxiliary task. In end-toend setting, our model achieves new stateof-the-art results with combined scores of 108.3 and 107.5 on MultiWOZ 2.0 and MultiWOZ 2.1, respectively. Furthermore, we demonstrate that multi-task learning improves not only the performance of model but its generalization capability through domain adaptation experiments in the few-shot setting. The code is available at github.com/bepoetree/MTTOD.",
      "arxiv_id": null
    },
    "12": {
      "paperId": "33e5a382b3c382670e004f1f3319364fe008d95f",
      "externalIds": {
        "MAG": "2798914047",
        "DBLP": "conf/acl/KanHLJRY18",
        "ACL": "P18-1133",
        "DOI": "10.18653/v1/P18-1133",
        "CorpusId": 46927617
      },
      "title": "Sequicity: Simplifying Task-oriented Dialogue Systems with Single Sequence-to-Sequence Architectures",
      "year": 2018,
      "abstract": "Existing solutions to task-oriented dialogue systems follow pipeline designs which introduces architectural complexity and fragility. We propose a novel, holistic, extendable framework based on a single sequence-to-sequence (seq2seq) model which can be optimized with supervised or reinforcement learning. A key contribution is that we design text spans named belief spans to track dialogue believes, allowing task-oriented dialogue systems to be modeled in a seq2seq way. Based on this, we propose a simplistic Two Stage CopyNet instantiation which emonstrates good scalability: significantly reducing model complexity in terms of number of parameters and training time by a magnitude. It significantly outperforms state-of-the-art pipeline-based methods on large datasets and retains a satisfactory entity match rate on out-of-vocabulary (OOV) cases where pipeline-designed competitors totally fail.",
      "arxiv_id": null
    },
    "13": {
      "paperId": "c9baad6c2d6c112e758e9d9a2f3287622c21a19b",
      "externalIds": {
        "DBLP": "journals/corr/abs-1911-10742",
        "MAG": "2997753420",
        "ArXiv": "1911.10742",
        "DOI": "10.1609/AAAI.V34I05.6345",
        "CorpusId": 208268255
      },
      "title": "End-to-End Trainable Non-Collaborative Dialog System",
      "year": 2019,
      "abstract": "End-to-end task-oriented dialog models have achieved promising performance on collaborative tasks where users willingly coordinate with the system to complete a given task. While in non-collaborative settings, for example, negotiation and persuasion, users and systems do not share a common goal. As a result, compared to collaborate tasks, people use social content to build rapport and trust in these non-collaborative settings in order to advance their goals. To handle social content, we introduce a hierarchical intent annotation scheme, which can be generalized to different non-collaborative dialog tasks. Building upon TransferTransfo (Wolf et al. 2019), we propose an end-to-end neural network model to generate diverse coherent responses. Our model utilizes intent and semantic slots as the intermediate sentence representation to guide the generation process. In addition, we design a filter to select appropriate responses based on whether these intermediate representations fit the designed task and conversation constraints. Our non-collaborative dialog model guides users to complete the task while simultaneously keeps them engaged. We test our approach on our newly proposed AntiScam dataset and an existing PersuasionForGood dataset. Both automatic and human evaluations suggest that our model outperforms multiple baselines in these two non-collaborative tasks.",
      "arxiv_id": "1911.10742"
    },
    "14": {
      "paperId": "e9055015b403098f60769a447134e30d5767d583",
      "externalIds": {
        "DBLP": "journals/corr/abs-1909-05528",
        "ArXiv": "1909.05528",
        "MAG": "2997780971",
        "DOI": "10.1609/AAAI.V34I05.6349",
        "CorpusId": 202565924
      },
      "title": "MOSS: End-to-End Dialog System Framework with Modular Supervision",
      "year": 2019,
      "abstract": "A major bottleneck in training end-to-end task-oriented dialog system is the lack of data. To utilize limited training data more efficiently, we propose Modular Supervision Network (MOSS), an encoder-decoder training framework that could incorporate supervision from various intermediate dialog system modules including natural language understanding, dialog state tracking, dialog policy learning and natural language generation. With only 60% of the training data, MOSS-all (i.e., MOSS with supervision from all four dialog modules) outperforms state-of-the-art models on CamRest676. Moreover, introducing modular supervision has even bigger benefits when the dialog task has a more complex dialog state and action space. With only 40% of the training data, MOSS-all outperforms the state-of-the-art model on a complex laptop network trouble shooting dataset, LaptopNetwork, that we introduced. LaptopNetwork consists of conversations between real customers and customer service agents in Chinese. Moreover, MOSS framework can accommodate dialogs that have supervision from different dialog modules at both framework level and model level. Therefore, MOSS is extremely flexible to update in real-world deployment.",
      "arxiv_id": null
    },
    "15": {
      "paperId": "28858688894da173dbdcc49899be6e22ea97bc63",
      "externalIds": {
        "ArXiv": "2009.12005",
        "DBLP": "conf/emnlp/LinMWF20",
        "ACL": "2020.emnlp-main.273",
        "MAG": "3100128199",
        "DOI": "10.18653/v1/2020.emnlp-main.273",
        "CorpusId": 221949448
      },
      "title": "MinTL: Minimalist Transfer Learning for Task-Oriented Dialogue Systems",
      "year": 2020,
      "abstract": "In this paper, we propose Minimalist Transfer Learning (MinTL) to simplify the system design process of task-oriented dialogue systems and alleviate the over-dependency on annotated data. MinTL is a simple yet effective transfer learning framework, which allows us to plug-and-play pre-trained seq2seq models, and jointly learn dialogue state tracking and dialogue response generation. Unlike previous approaches, which use a copy mechanism to \"carryover\" the old dialogue states to the new one, we introduce Levenshtein belief spans (Lev), that allows efficient dialogue state tracking with a minimal generation length. We instantiate our learning framework with two pre-trained backbones: T5 and BART, and evaluate them on MultiWOZ. Extensive experiments demonstrate that: 1) our systems establish new state-of-the-art results on end-to-end response generation, 2) MinTL-based systems are more robust than baseline methods in the low resource setting, and they achieve competitive results with only 20\\% training data, and 3) Lev greatly improves the inference efficiency.",
      "arxiv_id": "2009.12005"
    },
    "16": {
      "paperId": "13aa9603264d0a31ad5fdc6d693f8fa9eb410c69",
      "externalIds": {
        "DBLP": "conf/coling/LubisGHLMNG20",
        "ACL": "2020.coling-main.41",
        "MAG": "3105186190",
        "ArXiv": "2011.09378",
        "DOI": "10.18653/V1/2020.COLING-MAIN.41",
        "CorpusId": 227012658
      },
      "title": "LAVA: Latent Action Spaces via Variational Auto-encoding for Dialogue Policy Optimization",
      "year": 2020,
      "abstract": "Reinforcement learning (RL) can enable task-oriented dialogue systems to steer the conversation towards successful task completion. In an end-to-end setting, a response can be constructed in a word-level sequential decision making process with the entire system vocabulary as action space. Policies trained in such a fashion do not require expert-defined action spaces, but they have to deal with large action spaces and long trajectories, making RL impractical. Using the latent space of a variational model as action space alleviates this problem. However, current approaches use an uninformed prior for training and optimize the latent distribution solely on the context. It is therefore unclear whether the latent representation truly encodes the characteristics of different actions. In this paper, we explore three ways of leveraging an auxiliary task to shape the latent variable distribution: via pre-training, to obtain an informed prior, and via multitask learning. We choose response auto-encoding as the auxiliary task, as this captures the generative factors of dialogue responses while requiring low computational cost and neither additional data nor labels. Our approach yields a more action-characterized latent representations which support end-to-end dialogue policy optimization and achieves state-of-the-art success rates. These results warrant a more wide-spread use of RL in end-to-end dialogue models.",
      "arxiv_id": "2011.09378"
    },
    "17": {
      "paperId": "70ef8cbc0783559205b671e6f79b89daff4c7e10",
      "externalIds": {
        "ACL": "2021.emnlp-main.174",
        "DBLP": "conf/emnlp/MaLZLC21",
        "DOI": "10.18653/v1/2021.emnlp-main.174",
        "CorpusId": 243865363
      },
      "title": "Intention Reasoning Network for Multi-Domain End-to-end Task-Oriented Dialogue",
      "year": 2021,
      "abstract": "Recent years has witnessed the remarkable success in end-to-end task-oriented dialog system, especially when incorporating external knowledge information. However, the quality of most existing models\u2019 generated response is still limited, mainly due to their lack of fine-grained reasoning on deterministic knowledge (w.r.t. conceptual tokens), which makes them difficult to capture the concept shifts and identify user\u2019s real intention in cross-task scenarios. To address these issues, we propose a novel intention mechanism to better model deterministic entity knowledge. Based on such a mechanism, we further propose an intention reasoning network (IR-Net), which consists of joint and multi-hop reasoning, to obtain intention-aware representations of conceptual tokens that can be used to capture the concept shifts involved in task-oriented conversations, so as to effectively identify user\u2019s intention and generate more accurate responses. Experimental results verify the effectiveness of IR-Net, showing that it achieves the state-of-the-art performance on two representative multi-domain dialog datasets.",
      "arxiv_id": null
    },
    "18": {
      "paperId": "b129d764c40ae1254354d037903e13a7bb81c5d2",
      "externalIds": {
        "MAG": "2798779216",
        "DBLP": "conf/acl/FungWM18",
        "ArXiv": "1804.08217",
        "ACL": "P18-1136",
        "DOI": "10.18653/v1/P18-1136",
        "CorpusId": 5068596
      },
      "title": "Mem2Seq: Effectively Incorporating Knowledge Bases into End-to-End Task-Oriented Dialog Systems",
      "year": 2018,
      "abstract": "End-to-end task-oriented dialog systems usually suffer from the challenge of incorporating knowledge bases. In this paper, we propose a novel yet simple end-to-end differentiable model called memory-to-sequence (Mem2Seq) to address this issue. Mem2Seq is the first neural generative model that combines the multi-hop attention over memories with the idea of pointer network. We empirically show how Mem2Seq controls each generation step, and how its multi-hop attention mechanism helps in learning correlations between memories. In addition, our model is quite general without complicated task-specific designs. As a result, we show that Mem2Seq can be trained faster and attain the state-of-the-art performance on three different task-oriented dialog datasets.",
      "arxiv_id": "1804.08217"
    },
    "19": {
      "paperId": "0390c5e9556e162b0e514fd9c712c8d81018fb8b",
      "externalIds": {
        "DBLP": "journals/corr/abs-2009-13656",
        "MAG": "3099453223",
        "ArXiv": "2009.13656",
        "ACL": "2020.findings-emnlp.215",
        "DOI": "10.18653/v1/2020.findings-emnlp.215",
        "CorpusId": 219965015
      },
      "title": "Learning Knowledge Bases with Parameters for Task-Oriented Dialogue Systems",
      "year": 2020,
      "abstract": "Task-oriented dialogue systems are either modularized with separate dialogue state tracking (DST) and management steps or end-to-end trainable. In either case, the knowledge base (KB) plays an essential role in fulfilling user requests. Modularized systems rely on DST to interact with the KB, which is expensive in terms of annotation and inference time. End-to-end systems, instead, use the KB directly as input, but they cannot scale when the KB is larger than a few hundred entries. In this paper, we propose a method to embed the KB, of any size, directly into the model parameters. The resulting model does not require any DST or template responses, nor the KB as input, and it can dynamically update its KB via fine-tuning. We evaluate our solution in five task-oriented dialogue datasets with small, medium, and large KB size. Our experiments show that end-to-end models can effectively embed knowledge bases in their parameters and achieve competitive performance in all evaluated datasets.",
      "arxiv_id": "2009.13656"
    },
    "20": {
      "paperId": "16b6d7fd955d2634a9bff25119d4f19dc7f88589",
      "externalIds": {
        "MAG": "2979520138",
        "DBLP": "conf/sigdial/MehriSE19",
        "ArXiv": "1907.10016",
        "ACL": "W19-5921",
        "DOI": "10.18653/v1/W19-5921",
        "CorpusId": 198179946
      },
      "title": "Structured Fusion Networks for Dialog",
      "year": 2019,
      "abstract": "Neural dialog models have exhibited strong performance, however their end-to-end nature lacks a representation of the explicit structure of dialog. This results in a loss of generalizability, controllability and a data-hungry nature. Conversely, more traditional dialog systems do have strong models of explicit structure. This paper introduces several approaches for explicitly incorporating structure into neural models of dialog. Structured Fusion Networks first learn neural dialog modules corresponding to the structured components of traditional dialog systems and then incorporate these modules in a higher-level generative model. Structured Fusion Networks obtain strong results on the MultiWOZ dataset, both with and without reinforcement learning. Structured Fusion Networks are shown to have several valuable properties, including better domain generalizability, improved performance in reduced data scenarios and robustness to divergence during reinforcement learning.",
      "arxiv_id": "1907.10016"
    },
    "21": {
      "paperId": "1de10051743f8faf1bad1b8aeaf5dae27ca71a2d",
      "externalIds": {
        "MAG": "2970260827",
        "ArXiv": "1909.06762",
        "DBLP": "conf/emnlp/QinLCWLL19",
        "ACL": "D19-1013",
        "DOI": "10.18653/v1/D19-1013",
        "CorpusId": 202577731
      },
      "title": "Entity-Consistent End-to-end Task-Oriented Dialogue System with KB Retriever",
      "year": 2019,
      "abstract": "Querying the knowledge base (KB) has long been a challenge in the end-to-end task-oriented dialogue system. Previous sequence-to-sequence (Seq2Seq) dialogue generation work treats the KB query as an attention over the entire KB, without the guarantee that the generated entities are consistent with each other. In this paper, we propose a novel framework which queries the KB in two steps to improve the consistency of generated entities. In the first step, inspired by the observation that a response can usually be supported by a single KB row, we introduce a KB retrieval component which explicitly returns the most relevant KB row given a dialogue history. The retrieval result is further used to filter the irrelevant entities in a Seq2Seq response generation model to improve the consistency among the output entities. In the second step, we further perform the attention mechanism to address the most correlated KB column. Two methods are proposed to make the training feasible without labeled retrieval data, which include distant supervision and Gumbel-Softmax technique. Experiments on two publicly available task oriented dialog datasets show the effectiveness of our model by outperforming the baseline systems and producing entity-consistent responses.",
      "arxiv_id": "1909.06762"
    },
    "22": {
      "paperId": "1b0ee21f61d6ac3ca4fe6b06799b967fe6bca2ae",
      "externalIds": {
        "MAG": "3035301094",
        "DBLP": "conf/acl/QinXCZL20",
        "ArXiv": "2004.11019",
        "ACL": "2020.acl-main.565",
        "DOI": "10.18653/v1/2020.acl-main.565",
        "CorpusId": 216080701
      },
      "title": "Dynamic Fusion Network for Multi-Domain End-to-end Task-Oriented Dialog",
      "year": 2020,
      "abstract": "Recent studies have shown remarkable success in end-to-end task-oriented dialog system. However, most neural models rely on large training data, which are only available for a certain number of task domains, such as navigation and scheduling. This makes it difficult to scalable for a new domain with limited labeled data. However, there has been relatively little research on how to effectively use data from all domains to improve the performance of each domain and also unseen domains. To this end, we investigate methods that can make explicit use of domain knowledge and introduce a shared-private network to learn shared and specific knowledge. In addition, we propose a novel Dynamic Fusion Network (DF-Net) which automatically exploit the relevance between the target domain and each domain. Results show that our models outperforms existing methods on multi-domain dialogue, giving the state-of-the-art in the literature. Besides, with little training data, we show its transferability by outperforming prior best model by 13.9% on average.",
      "arxiv_id": "2004.11019"
    },
    "23": {
      "paperId": "657edcb784fb9732d53ffd925adb0a41d62aa48b",
      "externalIds": {
        "DBLP": "conf/aaai/QinYBJLX21",
        "DOI": "10.1609/aaai.v35i15.17615",
        "CorpusId": 235363674
      },
      "title": "Exploring Auxiliary Reasoning Tasks for Task-oriented Dialog Systems with Meta Cooperative Learning",
      "year": 2021,
      "abstract": "In this paper, we propose a Meta Cooperative Learning (MCL) framework for task-oriented dialog systems (TDSs). Our model consists of an auxiliary KB reasoning task for learning meta KB knowledge, an auxiliary dialogue reasoning task for learning dialogue patterns, and a TDS task (primary task) that aims at not only retrieving accurate entities from KB but also generating natural responses, which are coordinated to achieve collective success in both retrieving accurate KB entities and generating human-like responses via meta learning. Concretely, the dialog generation model amalgamates complementary meta KB and dialog knowledge from two novel auxiliary reasoning tasks that together provide integrated guidance to build a high-quality TDS by adding regularization terms to force primary network to produce similar results to auxiliary networks. While MCL automatically learns appropriate labels for the two auxiliary reasoning tasks from the primary task, without requiring access to any further data. The key idea behind MCL is to use the performance of the primary task, which is trained alongside the auxiliary tasks in one iteration, to improve the auxiliary labels for the next iteration with meta learning. Experimental results on three benchmark datasets show that MCL can generate higher quality responses compared to several strong baselines in terms of both automatic and human evaluations. Code to reproduce the results in this paper is available at: https://github.com/siat-nlp/MCL.",
      "arxiv_id": null
    },
    "24": {
      "paperId": "74447bb5f2aa49d4281d82b71774e0d815600981",
      "externalIds": {
        "ACL": "N19-1126",
        "DBLP": "conf/naacl/RaghuGM19",
        "ArXiv": "1805.01216",
        "MAG": "2944758570",
        "DOI": "10.18653/v1/N19-1126",
        "CorpusId": 102352626
      },
      "title": "Disentangling Language and Knowledge in Task-Oriented Dialogs",
      "year": 2018,
      "abstract": "The Knowledge Base (KB) used for real-world applications, such as booking a movie or restaurant reservation, keeps changing over time. End-to-end neural networks trained for these task-oriented dialogs are expected to be immune to any changes in the KB. However, existing approaches breakdown when asked to handle such changes. We propose an encoder-decoder architecture (BoSsNet) with a novel Bag-of-Sequences (BoSs) memory, which facilitates the disentangled learning of the response\u2019s language model and its knowledge incorporation. Consequently, the KB can be modified with new knowledge without a drop in interpretability. We find that BoSsNeT outperforms state-of-the-art models, with considerable improvements (>10%) on bAbI OOV test sets and other human-human datasets. We also systematically modify existing datasets to measure disentanglement and show BoSsNeT to be robust to KB modifications.",
      "arxiv_id": "1805.01216"
    },
    "25": {
      "paperId": "0201812947eff2f6ff08ccd33fcab781738e0305",
      "externalIds": {
        "DBLP": "journals/corr/abs-2109-07396",
        "ArXiv": "2109.07396",
        "ACL": "2021.findings-acl.448",
        "DOI": "10.18653/v1/2021.findings-acl.448",
        "CorpusId": 236477461
      },
      "title": "Constraint based Knowledge Base Distillation in End-to-End Task Oriented Dialogs",
      "year": 2021,
      "abstract": "End-to-End task-oriented dialogue systems generate responses based on dialog history and an accompanying knowledge base (KB). Inferring those KB entities that are most relevant for an utterance is crucial for response generation. Existing state of the art scales to large KBs by softly filtering over irrelevant KB information. In this paper, we propose a novel filtering technique that consists of (1) a pairwise similarity based filter that identifies relevant information by respecting the n-ary structure in a KB record. and, (2) an auxiliary loss that helps in separating contextually unrelated KB information. We also propose a new metric -- multiset entity F1 which fixes a correctness issue in the existing entity F1 metric. Experimental results on three publicly available task-oriented dialog datasets show that our proposed approach outperforms existing state-of-the-art models.",
      "arxiv_id": "2109.07396"
    },
    "26": {
      "paperId": "5ded356e5240bbbde902726b9cb02b837ede416b",
      "externalIds": {
        "MAG": "2950360701",
        "DBLP": "journals/corr/abs-1810-10647",
        "ArXiv": "1810.10647",
        "ACL": "N19-1375",
        "DOI": "10.18653/v1/N19-1375",
        "CorpusId": 53025882
      },
      "title": "Multi-Level Memory for Task Oriented Dialogs",
      "year": 2018,
      "abstract": "Recent end-to-end task oriented dialog systems use memory architectures to incorporate external knowledge in their dialogs. Current work makes simplifying assumptions about the structure of the knowledge base, such as the use of triples to represent knowledge, and combines dialog utterances (context) as well as knowledge base (KB) results as part of the same memory. This causes an explosion in the memory size, and makes the reasoning over memory harder. In addition, such a memory design forces hierarchical properties of the data to be fit into a triple structure of memory. This requires the memory reader to infer relationships across otherwise connected attributes. In this paper we relax the strong assumptions made by existing architectures and separate memories used for modeling dialog context and KB results. Instead of using triples to store KB results, we introduce a novel multi-level memory architecture consisting of cells for each query and their corresponding results. The multi-level memory first addresses queries, followed by results and finally each key-value pair within a result. We conduct detailed experiments on three publicly available task oriented dialog data sets and we find that our method conclusively outperforms current state-of-the-art models. We report a 15-25% increase in both entity F1 and BLEU scores.",
      "arxiv_id": null
    },
    "27": {
      "paperId": "3ad4f202d040851c3b8d19e37ae7f83b88adc961",
      "externalIds": {
        "DBLP": "conf/sigdial/ShuMNXLZT19",
        "ArXiv": "1908.02402",
        "ACL": "W19-5922",
        "MAG": "2965998974",
        "DOI": "10.18653/v1/W19-5922",
        "CorpusId": 199472609
      },
      "title": "Flexibly-Structured Model for Task-Oriented Dialogues",
      "year": 2019,
      "abstract": "This paper proposes a novel end-to-end architecture for task-oriented dialogue systems. It is based on a simple and practical yet very effective sequence-to-sequence approach, where language understanding and state tracking tasks are modeled jointly with a structured copy-augmented sequential decoder and a multi-label decoder for each slot. The policy engine and language generation tasks are modeled jointly following that. The copy-augmented sequential decoder deals with new or unknown values in the conversation, while the multi-label decoder combined with the sequential decoder ensures the explicit assignment of values to slots. On the generation part, slot binary classifiers are used to improve performance. This architecture is scalable to real-world scenarios and is shown through an empirical evaluation to achieve state-of-the-art performance on both the Cambridge Restaurant dataset and the Stanford in-car assistant dataset.",
      "arxiv_id": "1908.02402"
    },
    "28": {
      "paperId": "841ca3d87a422451596b8a4b8350e92106971791",
      "externalIds": {
        "ACL": "2022.acl-long.319",
        "ArXiv": "2109.14739",
        "DBLP": "conf/acl/SuSMG0LZ22",
        "DOI": "10.18653/v1/2022.acl-long.319",
        "CorpusId": 238226978
      },
      "title": "Multi-Task Pre-Training for Plug-and-Play Task-Oriented Dialogue System",
      "year": 2021,
      "abstract": "Pre-trained language models have been recently shown to benefit task-oriented dialogue (TOD) systems. Despite their success, existing methods often formulate this task as a cascaded generation problem which can lead to error accumulation across different sub-tasks and greater data annotation overhead. In this study, we present PPTOD, a unified plug-and-play model for task-oriented dialogue. In addition, we introduce a new dialogue multi-task pre-training strategy that allows the model to learn the primary TOD task completion skills from heterogeneous dialog corpora. We extensively test our model on three benchmark TOD tasks, including end-to-end dialogue modelling, dialogue state tracking, and intent classification. Experimental results show that PPTOD achieves new state of the art on all evaluated tasks in both high-resource and low-resource scenarios. Furthermore, comparisons against previous SOTA methods show that the responses generated by PPTOD are more factually correct and semantically coherent as judged by human annotators.",
      "arxiv_id": "2109.14739"
    },
    "29": {
      "paperId": "5ae837949dca9fedcc72704746a1ba6c83868f97",
      "externalIds": {
        "DBLP": "journals/corr/abs-2205-02471",
        "ArXiv": "2205.02471",
        "DOI": "10.48550/arXiv.2205.02471",
        "CorpusId": 248525176
      },
      "title": "BORT: Back and Denoising Reconstruction for End-to-End Task-Oriented Dialog",
      "year": 2022,
      "abstract": "A typical end-to-end task-oriented dialog system transfers context into dialog state, and upon which generates a response, which usually faces the problem of error propagation from both previously generated inaccurate dialog states and responses, especially in low-resource scenarios. To alleviate these issues, we propose BORT, a back and denoising reconstruction approach for end-to-end task-oriented dialog system. Squarely, to improve the accuracy of dialog states, back reconstruction is used to reconstruct the original input context from the generated dialog states since inaccurate dialog states cannot recover the corresponding input context. To enhance the denoising capability of the model to reduce the impact of error propagation, denoising reconstruction is used to reconstruct the corrupted dialog state and response. Extensive experiments conducted on MultiWOZ 2.0 and CamRest676 show the effectiveness of BORT. Furthermore, BORT demonstrates its advanced capabilities in the zero-shot domain and low-resource scenarios.",
      "arxiv_id": "2205.02471"
    },
    "30": {
      "paperId": "d891de52e7c58e2443199a20bba7468bdc0736ae",
      "externalIds": {
        "DBLP": "conf/emnlp/TianLSBWHS022",
        "ArXiv": "2210.07564",
        "ACL": "2022.emnlp-main.489",
        "DOI": "10.48550/arXiv.2210.07564",
        "CorpusId": 252907526
      },
      "title": "Q-TOD: A Query-driven Task-oriented Dialogue System",
      "year": 2022,
      "abstract": "Existing pipelined task-oriented dialogue systems usually have difficulties adapting to unseen domains, whereas end-to-end systems are plagued by large-scale knowledge bases in practice. In this paper, we introduce a novel query-driven task-oriented dialogue system, namely Q-TOD. The essential information from the dialogue context is extracted into a query, which is further employed to retrieve relevant knowledge records for response generation. Firstly, as the query is in the form of natural language and not confined to the schema of the knowledge base, the issue of domain adaption is alleviated remarkably in Q-TOD. Secondly, as the query enables the decoupling of knowledge retrieval from the generation, Q-TOD gets rid of the issue of knowledge base scalability. To evaluate the effectiveness of the proposed Q-TOD, we collect query annotations for three publicly available task-oriented dialogue datasets. Comprehensive experiments verify that Q-TOD outperforms strong baselines and establishes a new state-of-the-art performance on these datasets.",
      "arxiv_id": "2210.07564"
    },
    "31": {
      "paperId": "d8d1bba29ee07abcc0586d5cbe056d11f8041077",
      "externalIds": {
        "DBLP": "conf/coling/WangLBLHXY20",
        "ACL": "2020.coling-main.362",
        "MAG": "3117865619",
        "DOI": "10.18653/V1/2020.COLING-MAIN.362",
        "CorpusId": 227230549
      },
      "title": "Dual Dynamic Memory Network for End-to-End Multi-turn Task-oriented Dialog Systems",
      "year": 2020,
      "abstract": "Existing end-to-end task-oriented dialog systems struggle to dynamically model long dialog context for interactions and effectively incorporate knowledge base (KB) information into dialog generation. To conquer these limitations, we propose a Dual Dynamic Memory Network (DDMN) for multi-turn dialog generation, which maintains two core components: dialog memory manager and KB memory manager. The dialog memory manager dynamically expands the dialog memory turn by turn and keeps track of dialog history with an updating mechanism, which encourages the model to filter irrelevant dialog history and memorize important newly coming information. The KB memory manager shares the structural KB triples throughout the whole conversation, and dynamically extracts KB information with a memory pointer at each turn. Experimental results on three benchmark datasets demonstrate that DDMN significantly outperforms the strong baselines in terms of both automatic evaluation and human evaluation. Our code is available at https://github.com/siat-nlp/DDMN.",
      "arxiv_id": null
    },
    "32": {
      "paperId": "0a22389bd99b7efe3627ec6fc77ddaf3ff5e2faa",
      "externalIds": {
        "DBLP": "journals/corr/WenGMRSUVY16",
        "MAG": "2963797754",
        "ACL": "E17-1042",
        "ArXiv": "1604.04562",
        "DOI": "10.18653/V1/E17-1042",
        "CorpusId": 10565222
      },
      "title": "A Network-based End-to-End Trainable Task-oriented Dialogue System",
      "year": 2016,
      "abstract": "Teaching machines to accomplish tasks by conversing naturally with humans is challenging. Currently, developing task-oriented dialogue systems requires creating multiple components and typically this involves either a large amount of handcrafting, or acquiring costly labelled datasets to solve a statistical learning problem for each component. In this work we introduce a neural network-based text-in, text-out end-to-end trainable goal-oriented dialogue system along with a new way of collecting dialogue data based on a novel pipe-lined Wizard-of-Oz framework. This approach allows us to develop dialogue systems easily and without making too many assumptions about the task at hand. The results show that the model can converse with human subjects naturally whilst helping them to accomplish tasks in a restaurant search domain.",
      "arxiv_id": null
    },
    "33": {
      "paperId": "e95744723cbf0306b83173c0e6e0f7feec9a3a10",
      "externalIds": {
        "MAG": "2808093377",
        "DBLP": "conf/coling/WenLCQL18",
        "ArXiv": "1806.04441",
        "ACL": "C18-1320",
        "CorpusId": 48365104
      },
      "title": "Sequence-to-Sequence Learning for Task-oriented Dialogue with Dialogue State Representation",
      "year": 2018,
      "abstract": "Classic pipeline models for task-oriented dialogue system require explicit modeling the dialogue states and hand-crafted action spaces to query a domain-specific knowledge base. Conversely, sequence-to-sequence models learn to map dialogue history to the response in current turn without explicit knowledge base querying. In this work, we propose a novel framework that leverages the advantages of classic pipeline and sequence-to-sequence models. Our framework models a dialogue state as a fixed-size distributed representation and use this representation to query a knowledge base via an attention mechanism. Experiment on Stanford Multi-turn Multi-domain Task-oriented Dialogue Dataset shows that our framework significantly outperforms other sequence-to-sequence based baseline models on both automatic and human evaluation.",
      "arxiv_id": null
    },
    "34": {
      "paperId": "9c49763e37c20007ebbddbe405b02546705a2d83",
      "externalIds": {
        "MAG": "2594726847",
        "ACL": "P17-1062",
        "DBLP": "journals/corr/WilliamsAZ17",
        "ArXiv": "1702.03274",
        "DOI": "10.18653/v1/P17-1062",
        "CorpusId": 13214003
      },
      "title": "Hybrid Code Networks: practical and efficient end-to-end dialog control with supervised and reinforcement learning",
      "year": 2017,
      "abstract": "End-to-end learning of recurrent neural networks (RNNs) is an attractive solution for dialog systems; however, current techniques are data-intensive and require thousands of dialogs to learn simple behaviors. We introduce Hybrid Code Networks (HCNs), which combine an RNN with domain-specific knowledge encoded as software and system action templates. Compared to existing end-to-end approaches, HCNs considerably reduce the amount of training data required, while retaining the key benefit of inferring a latent representation of dialog state. In addition, HCNs can be optimized with supervised learning, reinforcement learning, or a mixture of both. HCNs attain state-of-the-art performance on the bAbI dialog dataset (Bordes and Weston, 2016), and outperform two commercially deployed customer-facing dialog systems at our company.",
      "arxiv_id": null
    },
    "35": {
      "paperId": "924acc8b76779a5211cc04bbe6cf13bd0bc6e7f8",
      "externalIds": {
        "DBLP": "journals/corr/abs-1901-04713",
        "ArXiv": "1901.04713",
        "MAG": "2951887873",
        "CorpusId": 58006691
      },
      "title": "Global-to-local Memory Pointer Networks for Task-Oriented Dialogue",
      "year": 2019,
      "abstract": "End-to-end task-oriented dialogue is challenging since knowledge bases are usually large, dynamic and hard to incorporate into a learning framework. We propose the global-to-local memory pointer (GLMP) networks to address this issue. In our model, a global memory encoder and a local memory decoder are proposed to share external knowledge. The encoder encodes dialogue history, modifies global contextual representation, and generates a global memory pointer. The decoder first generates a sketch response with unfilled slots. Next, it passes the global memory pointer to filter the external knowledge for relevant information, then instantiates the slots via the local memory pointers. We empirically show that our model can improve copy accuracy and mitigate the common out-of-vocabulary problem. As a result, GLMP is able to improve over the previous state-of-the-art models in both simulated bAbI Dialogue dataset and human-human Stanford Multi-domain Dialogue dataset on automatic and human evaluation.",
      "arxiv_id": "1901.04713"
    },
    "36": {
      "paperId": "cd4a820130d715effe7dace59376e6ac0d77f05b",
      "externalIds": {
        "DBLP": "conf/aaai/WuHZ22",
        "DOI": "10.1609/aaai.v36i10.21403",
        "CorpusId": 250290515
      },
      "title": "GraphMemDialog: Optimizing End-to-End Task-Oriented Dialog Systems Using Graph Memory Networks",
      "year": 2022,
      "abstract": "Effectively integrating knowledge into end-to-end task-oriented dialog systems remains a challenge. It typically requires incorporation of an external knowledge base (KB) and capture of the intrinsic semantics of the dialog history. Recent research shows promising results by using Sequence-to-Sequence models, Memory Networks, and even Graph Convolutional Networks. However, current state-of-the-art models are less effective at integrating dialog history and KB into task-oriented dialog systems in the following ways: 1. The KB representation is not fully context-aware. The dynamic interaction between the dialog history and KB is seldom explored. 2. Both the sequential and structural information in the dialog history can contribute to capturing the dialog semantics, but they are not studied concurrently. In this paper, we propose a novel Graph Memory Network (GMN) based Seq2Seq model, GraphMemDialog, to effectively learn the inherent structural information hidden in dialog history, and to model the dynamic interaction between dialog history and KBs. We adopt a modified graph attention network to learn the rich structural representation of the dialog history, whereas the context-aware representation of KB entities are learnt by our novel GMN. To fully exploit this dynamic interaction, we design a learnable memory controller coupled with external KB entity memories to recurrently incorporate dialog history context into KB entities through a multi-hop reasoning mechanism. Experiments on three public datasets show that our GraphMemDialog model achieves state-of-the-art performance and outperforms strong baselines by a large margin, especially on datatests with more complicated KB information.",
      "arxiv_id": null
    },
    "37": {
      "paperId": "8ea086d89e57444655191be51355b104b79feb4b",
      "externalIds": {
        "DBLP": "conf/emnlp/YangZE20",
        "ArXiv": "2010.01447",
        "ACL": "2020.emnlp-main.147",
        "MAG": "3102521862",
        "DOI": "10.18653/v1/2020.emnlp-main.147",
        "CorpusId": 222133138
      },
      "title": "GraphDialog: Integrating Graph Knowledge into End-to-End Task-Oriented Dialogue Systems",
      "year": 2020,
      "abstract": "End-to-end task-oriented dialogue systems aim to generate system responses directly from plain text inputs. There are two challenges for such systems: one is how to effectively incorporate external knowledge bases (KBs) into the learning framework; the other is how to accurately capture the semantics of dialogue history. In this paper, we address these two challenges by exploiting the graph structural information in the knowledge base and in the dependency parsing tree of the dialogue. To effectively leverage the structural information in dialogue history, we propose a new recurrent cell architecture which allows representation learning on graphs. To exploit the relations between entities in KBs, the model combines multi-hop reasoning ability based on the graph structure. Experimental results show that the proposed model achieves consistent improvement over state-of-the-art models on two different task-oriented dialogue datasets.",
      "arxiv_id": "2010.01447"
    },
    "38": {
      "paperId": "63169665bd592fb818678c47644b29302877d50e",
      "externalIds": {
        "DBLP": "journals/corr/abs-2012-03539",
        "ArXiv": "2012.03539",
        "MAG": "3112180926",
        "DOI": "10.1609/aaai.v35i16.17674",
        "CorpusId": 227334663
      },
      "title": "UBAR: Towards Fully End-to-End Task-Oriented Dialog Systems with GPT-2",
      "year": 2020,
      "abstract": "This paper presents our task-oriented dialog system UBAR which models task-oriented dialogs on a dialog session level.\nSpecifically, UBAR is acquired by fine-tuning the large pre-trained unidirectional language model GPT-2 on the sequence of the entire dialog session which is composed of user utterance, belief state, database result, system act, and system response of every dialog turn. Additionally, UBAR is evaluated in a more realistic setting, where its dialog context has access to user utterances and all content it generated such as belief states, system acts, and system responses.\nExperimental results on the MultiWOZ datasets show that UBAR achieves state-of-the-art performances in multiple settings, improving the combined score of response generation, policy optimization, and end-to-end modeling by 4.7, 3.5, and 9.4 points respectively. Thorough analyses demonstrate that the session-level training sequence formulation and the generated dialog context are essential for UBAR to operate as a fully end-to-end task-oriented dialog system in real life. \nWe also examine the transfer ability of UBAR to new domains with limited data and provide visualization and a case study to illustrate the advantages of UBAR in modeling on a dialog session level.",
      "arxiv_id": "2012.03539"
    },
    "39": {
      "paperId": "2b79e85bfc1b5543e50e86ee8b21aea48cb6d470",
      "externalIds": {
        "MAG": "2989692108",
        "DBLP": "journals/corr/abs-1911-10484",
        "ArXiv": "1911.10484",
        "DOI": "10.1609/AAAI.V34I05.6507",
        "CorpusId": 208267760
      },
      "title": "Task-Oriented Dialog Systems that Consider Multiple Appropriate Responses under the Same Context",
      "year": 2019,
      "abstract": "Conversations have an intrinsic one-to-many property, which means that multiple responses can be appropriate for the same dialog context. In task-oriented dialogs, this property leads to different valid dialog policies towards task completion. However, none of the existing task-oriented dialog generation approaches takes this property into account. We propose a Multi-Action Data Augmentation (MADA) framework to utilize the one-to-many property to generate diverse appropriate dialog responses. Specifically, we first use dialog states to summarize the dialog history, and then discover all possible mappings from every dialog state to its different valid system actions. During dialog system training, we enable the current dialog state to map to all valid system actions discovered in the previous process to create additional state-action pairs. By incorporating these additional pairs, the dialog policy learns a balanced action distribution, which further guides the dialog model to generate diverse responses. Experimental results show that the proposed framework consistently improves dialog policy diversity, and results in improved response diversity and appropriateness. Our model obtains state-of-the-art results on MultiWOZ.",
      "arxiv_id": "1911.10484"
    },
    "40": {
      "paperId": "127ffc8697630a76b1b4149c24d1350f69205f41",
      "externalIds": {
        "DBLP": "journals/corr/abs-2111-14592",
        "ArXiv": "2111.14592",
        "DOI": "10.1609/aaai.v36i10.21320",
        "CorpusId": 244714676
      },
      "title": "GALAXY: A Generative Pre-trained Model for Task-Oriented Dialog with Semi-Supervised Learning and Explicit Policy Injection",
      "year": 2021,
      "abstract": "Pre-trained models have proved to be powerful in enhancing task-oriented dialog systems. However, current pre-training methods mainly focus on enhancing dialog understanding and generation tasks while neglecting the exploitation of dialog policy. In this paper, we propose GALAXY, a novel pre-trained dialog model that explicitly learns dialog policy from limited labeled dialogs and large-scale unlabeled dialog corpora via semi-supervised learning. Specifically, we introduce a dialog act prediction task for policy optimization during pre-training and employ a consistency regularization term to refine the learned representation with the help of unlabeled dialogs. We also implement a gating mechanism to weigh suitable unlabeled dialog samples. Empirical results show that GALAXY substantially improves the performance of task-oriented dialog systems, and achieves new state-of-the-art results on benchmark datasets: In-Car, MultiWOZ2.0 and MultiWOZ2.1, improving their end-to-end combined scores by 2.5, 5.3 and 5.5 points, respectively. We also show that GALAXY has a stronger few-shot ability than existing models under various low-resource settings. For reproducibility, we release the code and data at https://github.com/siat-nlp/GALAXY.",
      "arxiv_id": "2111.14592"
    },
    "41": {
      "paperId": "553703db1b3e54e957ed91bad952ff3ba4f59bd5",
      "externalIds": {
        "ArXiv": "2209.06664",
        "DBLP": "journals/corr/abs-2209-06664",
        "DOI": "10.1145/3477495.3532069",
        "CorpusId": 250340262
      },
      "title": "Unified Dialog Model Pre-training for Task-Oriented Dialog Understanding and Generation",
      "year": 2022,
      "abstract": "Recently, pre-training methods have shown remarkable success in task-oriented dialog (TOD) systems. However, most existing pre-trained models for TOD focus on either dialog understanding or dialog generation, but not both. In this paper, we propose SPACE, a novel unified pre-trained dialog model learning from large-scale dialog corpora with limited annotations, which can be effectively fine-tuned on a wide range of downstream dialog tasks. Specifically, SPACE consists of four successive components in a single transformer to maintain a task-flow in TOD systems: (i) a dialog encoding module to encode dialog history, (ii) a dialog understanding module to extract semantic vectors from either user queries or system responses, (iii) a dialog policy module to generate a policy vector that contains high-level semantics of the response, and (iv) a dialog generation module to produce appropriate responses. We design a dedicated pre-training objective for each component. Concretely, we pre-train the dialog encoding module with span mask language modeling to learn contextualized dialog information. To capture the structured dialog semantics, we pre-train the dialog understanding module via a novel tree-induced semi-supervised contrastive learning objective with the help of extra dialog annotations. In addition, we pre-train the dialog policy module by minimizing the \u21122 distance between its output policy vector and the semantic vector of the response for policy optimization. Finally, the dialog generation model is pre-trained by language modeling. Results show that SPACE achieves state-of-the-art performance on eight downstream dialog benchmarks, including intent prediction, dialog state tracking, and end-to-end dialog modeling. We also show that SPACE has a stronger few-shot ability than existing models under the low-resource setting.",
      "arxiv_id": "2209.06664"
    },
    "42": {
      "paperId": "21175f33da102d421917242e7d2a28ce7fe6ac56",
      "externalIds": {
        "DBLP": "journals/tacl/PengLLSLG21",
        "DOI": "10.1162/tacl_a_00399",
        "CorpusId": 236937204
      },
      "title": "Soloist: Building Task Bots at Scale with Transfer Learning and Machine Teaching",
      "year": 2021,
      "abstract": "Abstract We present a new method, Soloist,1 that uses transfer learning and machine teaching to build task bots at scale. We parameterize classical modular task-oriented dialog systems using a Transformer-based auto-regressive language model, which subsumes different dialog modules into a single neural model. We pre-train, on heterogeneous dialog corpora, a task-grounded response generation model, which can generate dialog responses grounded in user goals and real-world knowledge for task completion. The pre-trained model can be efficiently adapted to accomplish new tasks with a handful of task-specific dialogs via machine teaching, where training samples are generated by human teachers interacting with the system. Experiments show that (i)Soloist creates new state-of-the-art on well-studied task-oriented dialog benchmarks, including CamRest676 and MultiWOZ; (ii) in the few-shot fine-tuning settings, Soloist significantly outperforms existing methods; and (iii) the use of machine teaching substantially reduces the labeling cost of fine-tuning. The pre-trained models and codes are available at https://aka.ms/soloist.",
      "arxiv_id": null
    },
    "43": {
      "paperId": "3d6b094f439ceae770ad1ca5cb322421debf3ba8",
      "externalIds": {
        "DBLP": "conf/naacl/RonyU022",
        "ArXiv": "2204.09149",
        "DOI": "10.48550/arXiv.2204.09149",
        "CorpusId": 248266574
      },
      "title": "DialoKG: Knowledge-Structure Aware Task-Oriented Dialogue Generation",
      "year": 2022,
      "abstract": "Task-oriented dialogue generation is challenging since the underlying knowledge is often dynamic and effectively incorporating knowledge into the learning process is hard. It is particularly challenging to generate both human-like and informative responses in this setting. Recent research primarily focused on various knowledge distillation methods where the underlying relationship between the facts in a knowledge base is not effectively captured. In this paper, we go one step further and demonstrate how the structural information of a knowledge graph can improve the system's inference capabilities. Specifically, we propose DialoKG, a novel task-oriented dialogue system that effectively incorporates knowledge into a language model. Our proposed system views relational knowledge as a knowledge graph and introduces (1) a structure-aware knowledge embedding technique, and (2) a knowledge graph-weighted attention masking strategy to facilitate the system selecting relevant information during the dialogue generation. An empirical evaluation demonstrates the effectiveness of DialoKG over state-of-the-art methods on several standard benchmark datasets.",
      "arxiv_id": "2204.09149"
    },
    "44": {
      "paperId": "3b0615caf74c7c84a33be78813ec7ebd0f53033d",
      "externalIds": {
        "DBLP": "journals/corr/abs-2108-13679",
        "ArXiv": "2108.13679",
        "DOI": "10.1145/3477495.3531920",
        "CorpusId": 237363762
      },
      "title": "Task-Oriented Dialogue System as Natural Language Generation",
      "year": 2021,
      "abstract": "In this paper, we propose to formulate the task-oriented dialogue system as the purely natural language generation task, so as to fully leverage the large-scale pre-trained models like GPT-2 and simplify complicated delexicalization prepossessing. However, directly applying this method heavily suffers from the dialogue entity inconsistency caused by the removal of delexicalized tokens, as well as the catastrophic forgetting problem of the pre-trained model during fine-tuning, leading to unsatisfactory performance. To alleviate these problems, we design a novel GPT-Adapter-CopyNet network, which incorporates the lightweight adapter and CopyNet modules into GPT-2 to achieve better performance on transfer learning and dialogue entity generation. Experimental results conducted on the DSTC8 Track 1 benchmark and MultiWOZ dataset demonstrate that our proposed approach significantly outperforms baseline models with a remarkable performance on automatic and human evaluations.",
      "arxiv_id": null
    },
    "45": {
      "paperId": "ff2541f30507b161316edd879fa65fb80a08d16f",
      "externalIds": {
        "ACL": "2021.eacl-main.110",
        "ArXiv": "1910.03756",
        "DBLP": "conf/eacl/WuZLY21",
        "MAG": "2980207396",
        "DOI": "10.18653/v1/2021.eacl-main.110",
        "CorpusId": 203952980
      },
      "title": "Alternating Recurrent Dialog Model with Large-scale Pre-trained Language Models",
      "year": 2019,
      "abstract": "Existing dialog system models require extensive human annotations and are difficult to generalize to different tasks. The recent success of large pre-trained language models such as BERT and GPT-2 (Devlin et al., 2019; Radford et al., 2019) have suggested the effectiveness of incorporating language priors in down-stream NLP tasks. However, how much pre-trained language models can help dialog response generation is still under exploration. In this paper, we propose a simple, general, and effective framework: Alternating Recurrent Dialog Model (ARDM). ARDM models each speaker separately and takes advantage of the large pre-trained language model. It requires no supervision from human annotations such as belief states or dialog acts to achieve effective conversations. ARDM outperforms or is on par with state-of-the-art methods on two popular task-oriented dialog datasets: CamRest676 and MultiWOZ. Moreover, we can generalize ARDM to more challenging, non-collaborative tasks such as persuasion. In persuasion tasks, ARDM is capable of generating human-like responses to persuade people to donate to a charity.",
      "arxiv_id": "1910.03756"
    }
  },
  "papers_index": {
    "f81be44000814e7bcb12ae04b4e2d9c01b6515b3": 0,
    "a5ed9dfc0725bffb6428a2cc297a15265377906c": 1,
    "ce6e1a9fd351e9abcdc39dc11629892435e27c83": 2,
    "fb32191ec07ba4d7badc76ca428c816995b5785a": 3,
    "dd5ae9e44c73c4ba1b2fd413871b0df9283b5e03": 4,
    "399c60643a774eb1c6a113a0582a92e4b8e69e89": 5,
    "d0839b9e64d95e72cedb245b58053db791d9ba98": 6,
    "fbd60ae205437d18847a62e203643543b66f8c69": 7,
    "01ec011977fc6cda03e8b447e1b5eb0551f1c961": 8,
    "3ebd251e5307e91adc009c0515ea5c8e3ef44344": 9,
    "7e8095a8f9928eba92090bff06c4803129b4aff1": 10,
    "307e3e00c96b3dc62a8258c95e62b3e41d183278": 11,
    "33e5a382b3c382670e004f1f3319364fe008d95f": 12,
    "c9baad6c2d6c112e758e9d9a2f3287622c21a19b": 13,
    "e9055015b403098f60769a447134e30d5767d583": 14,
    "28858688894da173dbdcc49899be6e22ea97bc63": 15,
    "13aa9603264d0a31ad5fdc6d693f8fa9eb410c69": 16,
    "70ef8cbc0783559205b671e6f79b89daff4c7e10": 17,
    "b129d764c40ae1254354d037903e13a7bb81c5d2": 18,
    "0390c5e9556e162b0e514fd9c712c8d81018fb8b": 19,
    "16b6d7fd955d2634a9bff25119d4f19dc7f88589": 20,
    "1de10051743f8faf1bad1b8aeaf5dae27ca71a2d": 21,
    "1b0ee21f61d6ac3ca4fe6b06799b967fe6bca2ae": 22,
    "657edcb784fb9732d53ffd925adb0a41d62aa48b": 23,
    "74447bb5f2aa49d4281d82b71774e0d815600981": 24,
    "0201812947eff2f6ff08ccd33fcab781738e0305": 25,
    "5ded356e5240bbbde902726b9cb02b837ede416b": 26,
    "3ad4f202d040851c3b8d19e37ae7f83b88adc961": 27,
    "841ca3d87a422451596b8a4b8350e92106971791": 28,
    "5ae837949dca9fedcc72704746a1ba6c83868f97": 29,
    "d891de52e7c58e2443199a20bba7468bdc0736ae": 30,
    "d8d1bba29ee07abcc0586d5cbe056d11f8041077": 31,
    "0a22389bd99b7efe3627ec6fc77ddaf3ff5e2faa": 32,
    "e95744723cbf0306b83173c0e6e0f7feec9a3a10": 33,
    "9c49763e37c20007ebbddbe405b02546705a2d83": 34,
    "924acc8b76779a5211cc04bbe6cf13bd0bc6e7f8": 35,
    "cd4a820130d715effe7dace59376e6ac0d77f05b": 36,
    "8ea086d89e57444655191be51355b104b79feb4b": 37,
    "63169665bd592fb818678c47644b29302877d50e": 38,
    "2b79e85bfc1b5543e50e86ee8b21aea48cb6d470": 39,
    "127ffc8697630a76b1b4149c24d1350f69205f41": 40,
    "553703db1b3e54e957ed91bad952ff3ba4f59bd5": 41,
    "21175f33da102d421917242e7d2a28ce7fe6ac56": 42,
    "3d6b094f439ceae770ad1ca5cb322421debf3ba8": 43,
    "3b0615caf74c7c84a33be78813ec7ebd0f53033d": 44,
    "ff2541f30507b161316edd879fa65fb80a08d16f": 45
  }
}